project_name,filename,smell_name,occurrence_id,line,commit_number_from_start,new_commit,new_commit_message,new_commit_date,new_change_type,removing_number_commits,number_commits,release_hash,release_date,first_commit_date,relative_path,new_feature,bug_fixing,enhancement,refactoring,first_commit_goal
BloodAxe/pytorch-toolbelt,/home/gilberto-1/github/wrapper_code_smile/output_analysis/1735243578.6335516/BloodAxepytorch-toolbelt_analysis/03030d01ab0a0a4dd476eb79aee496cab17f94eb/input/modified/examples/segmentation-inria/models/fpn.py,pytorch_call_method_misused,1,62,76.0,04249baedc1b8b384f33ddd57bb37834223a01fa,Refactor FPN model,2019-04-14 14:59:00+00:00,MODIFY,77.0,467.0,41ea2086d352a404f76cab6c9a331f4a9529705f,2019-05-19T08:17:26Z,2019-03-15T16:02:49Z,examples/segmentation-inria/models/fpn.py,0.0,0.0,0.0,1.0,refactoring
EdinburghNLP/nematus,/home/gilberto-1/github/wrapper_code_smile/output_analysis/1735158796.965824/EdinburghNLPnematus_analysis/5971b80379840cba8963f5a6e4f829b50a3924d3/input/modified/nematus/inference.py,tensor_array_not_used,1,71,697.0,6de3bc235d3b52a1ecdc029bb0c69ef094bd4836,Move translate_file to inference.py,2018-11-03 18:17:30+00:00,MODIFY,726.0,885.0,,,2016-04-26T13:34:49Z,nematus/inference.py,0.0,0.0,0.0,1.0,refactoring
EdinburghNLP/nematus,/home/gilberto-1/github/wrapper_code_smile/output_analysis/1735158796.965824/EdinburghNLPnematus_analysis/d891cd521f6797ed6a357d589baaed701738c9d1/input/modified/nematus/model.py,tensor_array_not_used,1,141,636.0,61e4598c5262a313967132dec0d1c3a155c5b4ab,Add support for ensemble decoding,2018-02-08 15:38:04+00:00,MODIFY,638.0,885.0,,,2016-04-26T13:34:49Z,nematus/model.py,1.0,0.0,1.0,0.0,new_feature
EdinburghNLP/nematus,/home/gilberto-1/github/wrapper_code_smile/output_analysis/1735158796.965824/EdinburghNLPnematus_analysis/957931960be210a27b4406d9d900b3bfb336c288/input/modified/nematus/mrt_utils.py,tensor_array_not_used,1,275,858.0,1a8ec1989e8432baa17d58ea14d7f7b6956a4f64,"Solve the limitation of MRT

Model can now be trained with a batch of unlimited token size",2019-10-24 20:15:00+00:00,MODIFY,860.0,885.0,,,2016-04-26T13:34:49Z,nematus/mrt_utils.py,0.0,0.0,0.0,0.0,other
EdinburghNLP/nematus,/home/gilberto-1/github/wrapper_code_smile/output_analysis/1735158796.965824/EdinburghNLPnematus_analysis/2f32b766adb7da5f492f77475bf9b5cdb6af5ce3/input/modified/nematus/rnn_inference.py,tensor_array_not_used,1,268,849.0,957931960be210a27b4406d9d900b3bfb336c288,"Overhaul beam search / random sampling code

WARNING: for the RNN model, the n-best list scores have flipped from
positive to negative - they are now (optionally normalized) log probs
instead of negative log probs. This matches the Transformer. If you are
reranking etc., then make sure your scripts sort in the correct order.

Main (outwardly-visible) changes:

  - Beam search is slightly slower for RNN models but substantially
      faster for Transformer models (translation quality should be about
      the same...)

  - Ensembles can now contain a mix of RNN and Transformer models.

  - Random sampling now recognises the --beam_size option (giving
      multiple independently-generated samples for each input sentence)
      and the --normalization_alpha option, as well as supporting
      ensembles.

  - Scores are normalized by dividing by (length ** alpha) instead
      of ((5 + length) ** alpha) / ((5 + 1) ** alpha). The latter seems
      to be unstable, at least for some models, with small changes in
      alpha leading to huge variations in length (and drops in BLEU
      score). If you've tuned the alpha value for a model, you may need
      to adjust it (slightly).

  - Fixes an issue with Transformer models where 'overgrown' sequences
      (i.e. with junk beyond EOS) could get higher scores (after length
      normalization) than unfinished or just-completed sequences and end
      up as wrongly-scored duplicates in the n-best list.

  - RNN scores in the n-best list are now log probs, not negative log
    probs.",2019-10-18 10:49:46+00:00,MODIFY,858.0,885.0,,,2016-04-26T13:34:49Z,nematus/rnn_inference.py,0.0,1.0,1.0,1.0,refactoring
GoogleCloudPlatform/tensorflow-without-a-phd,/home/gilberto-1/github/wrapper_code_smile/output_analysis/1735158796.965824/GoogleCloudPlatformtensorflow-without-a-phd_analysis/2a0facd3d60e1f58b9a4e0706912f19fc46b4e44/input/modified/trainer_yolo/datagen.py,tensor_array_not_used,1,391,204.0,ccba29f5c11ada009619e48b7f9be5faf726537e,Better TFRecord code and performance now that both num_parallel_batches and map_and_batch are supported.,2018-06-18 22:08:11+00:00,MODIFY,205.0,436.0,,,2018-05-09T18:33:40Z,trainer_yolo/datagen.py,0.0,0.0,1.0,1.0,refactoring
EpistasisLab/tpot,/home/gilberto-1/github/wrapper_code_smile/output_analysis/1735243578.6335516/EpistasisLabtpot_analysis/d879dc2e1725845e739f11f858bee48fe6b85d0d/input/modified/tests.py,columns_and_datatype_not_explicitly_set,1,399,528.0,55ba8f7e090e0b75433df5a3ac976552866cbd53,Passing clf_eval_func through to the operators,2016-08-10 04:30:33+00:00,MODIFY,530.0,2275.0,529465b4ebea97324394951fa345f7775452b181,2015-11-17T04:02:27Z,2015-11-03T21:08:40Z,tests.py,0.0,0.0,0.0,0.0,other
EpistasisLab/tpot,/home/gilberto-1/github/wrapper_code_smile/output_analysis/1735243578.6335516/EpistasisLabtpot_analysis/3a3ace3ea0c7a2a1e377f108a1350753c09a9db6/input/modified/tests.py,columns_and_datatype_not_explicitly_set,1,99,64.0,f1aff5a5e90fa3adb62d782ad3e409cb30e3e5ba,Remove test for _subset_df(),2015-12-08 16:51:49+00:00,MODIFY,121.0,2275.0,529465b4ebea97324394951fa345f7775452b181,2015-11-17T04:02:27Z,2015-11-03T21:08:40Z,tests.py,0.0,0.0,1.0,1.0,enhancement
EpistasisLab/tpot,/home/gilberto-1/github/wrapper_code_smile/output_analysis/1735243578.6335516/EpistasisLabtpot_analysis/3b348e961310a7434d9359bd69fa2131e644f500/input/modified/tpot/builtins/dataset_selector.py,dataframe_conversion_api_misused,1,63,1941.0,ef29cd9bde8695645d63ae7f568fb298809e7b19,refine dataset selector,2018-10-15 18:01:49+00:00,MODIFY,1944.0,2275.0,529465b4ebea97324394951fa345f7775452b181,2015-11-17T04:02:27Z,2015-11-03T21:08:40Z,tpot/builtins/dataset_selector.py,0.0,0.0,0.0,0.0,other
EpistasisLab/tpot,/home/gilberto-1/github/wrapper_code_smile/output_analysis/1735243578.6335516/EpistasisLabtpot_analysis/4582c2a69256959c14dc80a1269f24328f27bf23/input/modified/tpot/operators/preprocessors/base.py,columns_and_datatype_not_explicitly_set,1,78,502.0,2ab8c1444facbd46df8767a5badda5b9f1a50c29,Remove Pandas and replace with numpy matrices,2016-08-01 17:43:23+00:00,MODIFY,518.0,2275.0,529465b4ebea97324394951fa345f7775452b181,2015-11-17T04:02:27Z,2015-11-03T21:08:40Z,tpot/operators/preprocessors/base.py,0.0,0.0,1.0,1.0,enhancement
EpistasisLab/tpot,/home/gilberto-1/github/wrapper_code_smile/output_analysis/1735243578.6335516/EpistasisLabtpot_analysis/70b4e9802f6cfc478e96aac662743146c807b5c6/input/modified/tpot/tpot.py,columns_and_datatype_not_explicitly_set,1,1660,527.0,55ba8f7e090e0b75433df5a3ac976552866cbd53,Passing clf_eval_func through to the operators,2016-08-10 04:30:33+00:00,MODIFY,530.0,2275.0,529465b4ebea97324394951fa345f7775452b181,2015-11-17T04:02:27Z,2015-11-03T21:08:40Z,tpot/tpot.py,0.0,0.0,0.0,0.0,other
EpistasisLab/tpot,/home/gilberto-1/github/wrapper_code_smile/output_analysis/1735243578.6335516/EpistasisLabtpot_analysis/e942e363580ac5c66ab4b7595cda579407ff7014/input/modified/tpot/tpot.py,columns_and_datatype_not_explicitly_set,1,1163,355.0,8b55385a4f3daa5fc3d4415bfde09f1dc9ec6c8f,Removed rtrees_embedding preprocessor and added _feat_agg preprocessor and docs,2016-04-24 23:47:07+00:00,MODIFY,356.0,2275.0,529465b4ebea97324394951fa345f7775452b181,2015-11-17T04:02:27Z,2015-11-03T21:08:40Z,tpot/tpot.py,1.0,0.0,1.0,1.0,enhancement
EpistasisLab/tpot,/home/gilberto-1/github/wrapper_code_smile/output_analysis/1735243578.6335516/EpistasisLabtpot_analysis/a1c95cb1c0fc3c15b59ac073ececf17f77520082/input/modified/tpot/tpot.py,columns_and_datatype_not_explicitly_set,1,97,23.0,74798098cdb4fd5b9829d2aa6562332127ed326c,Fixed #12,2015-11-12 20:27:27+00:00,MODIFY,25.0,2275.0,529465b4ebea97324394951fa345f7775452b181,2015-11-17T04:02:27Z,2015-11-03T21:08:40Z,tpot/tpot.py,0.0,1.0,0.0,0.0,bug_fixing
PhoenixDL/rising,/home/gilberto-1/github/wrapper_code_smile/output_analysis/1735158796.965824/PhoenixDLrising_analysis/186aff4e57d714d9e074c7b469a97b6251629449/input/modified/rising/utils/torchinterp1d.py,pytorch_call_method_misused,1,38,784.0,197b3a7e69f35df3e9b21eebc8de352d10a2a240,Update rising/utils/torchinterp1d.py,2021-08-09 08:52:06+00:00,MODIFY,787.0,787.0,437f8919b130b4cb6cdb5bd81929660ef10898f9,2021-10-27T09:01:48Z,2019-11-17T17:46:31Z,rising/utils/torchinterp1d.py,0.0,0.0,1.0,0.0,enhancement
GRAAL-Research/poutyne,/home/gilberto-1/github/wrapper_code_smile/output_analysis/1735243578.6335516/GRAAL-Researchpoutyne_analysis/9c209ba0ac21a0dc6c8fa9bd14493634be2a7865/input/modified/poutyne/framework/experiment.py,in_place_apis_misused,1,411,622.0,24a02a021ce3b706687b7477d47ea52e4b72ab24,Merge Experiment and ModelBundle and add tests for Experiment,2022-01-19 21:58:13+00:00,MODIFY,642.0,642.0,c9d3255024c90697aa4008fa0b4c5b622d9e5a1f,2018-06-20T20:33:58Z,2017-12-07T18:30:17Z,poutyne/framework/experiment.py,1.0,0.0,0.0,1.0,refactoring
GRAAL-Research/poutyne,/home/gilberto-1/github/wrapper_code_smile/output_analysis/1735243578.6335516/GRAAL-Researchpoutyne_analysis/b112a11563bb21eb22e5779787be25832d45ca20/input/modified/poutyne/framework/experiment.py,columns_and_datatype_not_explicitly_set,1,719,599.0,a172f072886b9206eeabe400fc3abdaaf894387e,Make Experiment dependant on pandas,2021-10-01 14:41:08+00:00,MODIFY,605.0,642.0,c9d3255024c90697aa4008fa0b4c5b622d9e5a1f,2018-06-20T20:33:58Z,2017-12-07T18:30:17Z,poutyne/framework/experiment.py,0.0,0.0,0.0,0.0,other
GRAAL-Research/poutyne,/home/gilberto-1/github/wrapper_code_smile/output_analysis/1735243578.6335516/GRAAL-Researchpoutyne_analysis/6156d67da6ed6257da87cec2a8f4caeefb95a83c/input/modified/poutyne/framework/experiment.py,columns_and_datatype_not_explicitly_set,1,685,468.0,d89026ba570921258e53ef2182f4b4f739d5b175,Fix doc of test_dataset,2020-12-24 16:50:28+00:00,MODIFY,493.0,642.0,c9d3255024c90697aa4008fa0b4c5b622d9e5a1f,2018-06-20T20:33:58Z,2017-12-07T18:30:17Z,poutyne/framework/experiment.py,0.0,1.0,0.0,0.0,bug_fixing
GRAAL-Research/poutyne,/home/gilberto-1/github/wrapper_code_smile/output_analysis/1735243578.6335516/GRAAL-Researchpoutyne_analysis/24a02a021ce3b706687b7477d47ea52e4b72ab24/input/modified/poutyne/framework/model_bundle.py,in_place_apis_misused,1,593,642.0,1c478cf721f92ae45e25f4d7fd83db095b1e2353,"In ModelBundle, save_every_epoch now works even if monitoring is disabled.",2022-01-23 22:07:20+00:00,MODIFY,644.0,644.0,c9d3255024c90697aa4008fa0b4c5b622d9e5a1f,2018-06-20T20:33:58Z,2017-12-07T18:30:17Z,poutyne/framework/model_bundle.py,0.0,0.0,0.0,0.0,other
GRAAL-Research/poutyne,/home/gilberto-1/github/wrapper_code_smile/output_analysis/1735243578.6335516/GRAAL-Researchpoutyne_analysis/aa05affe4836740b28f6c0b0794aebff89fd0c63/input/modified/pytoune/framework/train_and_test.py,columns_and_datatype_not_explicitly_set,2,197,114.0,ceda9f91dece1cfa93a812f88e38bd78fe6c5e7f,Add unofficial get_best_epoch_stats function,2018-06-08 19:18:58+00:00,MODIFY,120.0,642.0,c9d3255024c90697aa4008fa0b4c5b622d9e5a1f,2018-06-20T20:33:58Z,2017-12-07T18:30:17Z,pytoune/framework/train_and_test.py,1.0,0.0,0.0,0.0,new_feature
BindsNET/bindsnet,/home/gilberto-1/github/wrapper_code_smile/output_analysis/1735158796.965824/BindsNETbindsnet_analysis/55c957cac0b3d9d7b9e3eeec52925bfdc60398d7/input/modified/bindsnet/preprocessing/__init__.py,columns_and_datatype_not_explicitly_set,1,140,689.0,bd9eab05b4468c1ac5129d62541035148533bead,removed numenta encoder,2018-11-16 20:44:28+00:00,MODIFY,756.0,1317.0,e69b975c16016dd412617f11bd19f7889128bced,2020-10-06T15:11:53Z,2018-02-09T19:42:37Z,bindsnet/preprocessing/__init__.py,0.0,0.0,1.0,1.0,enhancement
apache/submarine,/home/gilberto-1/github/wrapper_code_smile/output_analysis/1735243578.6335516/apachesubmarine_analysis/04f48c528004fb9b4b661758c5c410f12e68efec/input/modified/submarine-sdk/pysubmarine/submarine/ml/pytorch/model/base_pytorch_model.py,gradients_not_cleared_before_backward_propagation,1,75,359.0,e580802d893ff2a3ebd53f022a13a727f60b3f03,"SUBMARINE-561. [SDK] Add PyTorch implementation of AFM model

### What is this PR for?
Add PyTorch implementation of Attentional Factorization Machine for CTR prediction. ([AFM](https://arxiv.org/pdf/1708.04617.pdf))
Make minor modifications to the PyTorch training flow.
Add testing for the AFM model.

### What type of PR is it?
[Improvement]

### Todos
* [ ] - Task

### What is the Jira issue?
https://issues.apache.org/jira/browse/SUBMARINE-561

### How should this be tested?
[python-sdk](https://github.com/andrewhsiehth/submarine/actions/runs/169985131)
[Submarine](https://github.com/andrewhsiehth/submarine/actions/runs/169985125)

### Screenshots (if appropriate)

### Questions:
* Does the licenses files need update? No
* Is there breaking changes for older versions? No
* Does this needs documentation? No

Author: Andrew Hsieh <andrewhsiehth@gmail.com>
Author: andrewhsiehth <andrewhsiehth@gmail.com>

Closes #346 from andrewhsiehth/SUBMARINE-561 and squashes the following commits:

0521639 [andrewhsiehth] rename afm && refactor example/pytorch folder
f98d59f [andrewhsiehth] mkdir for non-existing output directory
3057899 [andrewhsiehth] use pysubmarine-ci to auto-format
f89d070 [Andrew Hsieh] python3.6 yapf
d4d93c4 [Andrew Hsieh] try to make python3.5 happy
2929dfc [Andrew Hsieh] try to make codestyle checker happy v2
42d5091 [Andrew Hsieh] try to make codestyle checker happy
9ff2f8d [Andrew Hsieh] fix core, afm coding style
adae613 [Andrew Hsieh] fix tqdm
4facbce [Andrew Hsieh] fix conftest.py coding style
e4b3e50 [Andrew Hsieh] fix deepfm.py coding style
cb6be07 [Andrew Hsieh] fix ctr.__init__ coding style
2b4eecf [Andrew Hsieh] fix base_pytorch_model coding style
573a4e8 [Andrew Hsieh] fix fileio coding style
5d6dfc0 [Andrew Hsieh] add afm testing
827c785 [Andrew Hsieh] update conftest
b260042 [Andrew Hsieh] add afm example
a7da1c3 [Andrew Hsieh] add afm to ctr
ab7b4b7 [Andrew Hsieh] add afm
fa151e5 [Andrew Hsieh] fix deepfm
380358c [Andrew Hsieh] fix testing
3f80bc6 [Andrew Hsieh] fix fileio
7471408 [Andrew Hsieh] fix data input_fn and fileio
f57d732 [Andrew Hsieh] fix deepfm
fdcda05 [Andrew Hsieh] fix layers/core.py
ce535fc [Andrew Hsieh] fix optimizer zero_grad",2020-07-27 11:56:37+00:00,MODIFY,398.0,398.0,,,2019-09-19T04:00:17Z,submarine-sdk/pysubmarine/submarine/ml/pytorch/model/base_pytorch_model.py,1.0,1.0,1.0,1.0,new_feature
FunctionLab/selene,/home/gilberto-1/github/wrapper_code_smile/output_analysis/1735158796.965824/FunctionLabselene_analysis/9bc61f3bec4e1376c3f6d7b9d42eb023e89cb9b6/input/modified/sampler.py,columns_and_datatype_not_explicitly_set,1,90,109.0,50d6580e651e80a5a2b7587cd1e9db572ffa64d2,updating python files for the current ds debugging run,2018-01-25 20:28:51+00:00,MODIFY,114.0,813.0,13a8c4bab2e5905efac3c456e4a6c806c77c7f06,2018-08-06T15:25:58Z,2017-08-21T14:06:22Z,sampler.py,0.0,1.0,1.0,0.0,enhancement
FunctionLab/selene,/home/gilberto-1/github/wrapper_code_smile/output_analysis/1735158796.965824/FunctionLabselene_analysis/ceb129e6eb3d631c3562371455e94a555832f0a4/input/modified/selene/interpret/ism_result.py,in_place_apis_misused,1,51,304.0,62c45392ac398e05fc5f3302c37f563cdaf08e1c,Fixed issue where Ns in reference were being masked,2018-05-31 12:25:32+00:00,MODIFY,305.0,813.0,13a8c4bab2e5905efac3c456e4a6c806c77c7f06,2018-08-06T15:25:58Z,2017-08-21T14:06:22Z,selene/interpret/ism_result.py,0.0,1.0,0.0,0.0,bug_fixing
FunctionLab/selene,/home/gilberto-1/github/wrapper_code_smile/output_analysis/1735158796.965824/FunctionLabselene_analysis/62c45392ac398e05fc5f3302c37f563cdaf08e1c/input/modified/selene/interpret/ism_result.py,columns_and_datatype_not_explicitly_set,1,196,305.0,25b325602c4a83942ea73c586cb2524d808c6b5d,Fixed problem where pandas automatically converted bases to floats,2018-05-31 12:42:29+00:00,MODIFY,306.0,813.0,13a8c4bab2e5905efac3c456e4a6c806c77c7f06,2018-08-06T15:25:58Z,2017-08-21T14:06:22Z,selene/interpret/ism_result.py,0.0,1.0,0.0,0.0,bug_fixing
FunctionLab/selene,/home/gilberto-1/github/wrapper_code_smile/output_analysis/1735158796.965824/FunctionLabselene_analysis/91d4f545170d96abf187746edc6986857b1da802/input/modified/selene/interpret/ism_results.py,columns_and_datatype_not_explicitly_set,1,153,278.0,8a71026b715dd173d4e8dfb5024ea04dd8063ee7,More cleanup of API and documentation,2018-05-24 13:15:50+00:00,MODIFY,280.0,813.0,13a8c4bab2e5905efac3c456e4a6c806c77c7f06,2018-08-06T15:25:58Z,2017-08-21T14:06:22Z,selene/interpret/ism_results.py,0.0,0.0,0.0,1.0,refactoring
FunctionLab/selene,/home/gilberto-1/github/wrapper_code_smile/output_analysis/1735158796.965824/FunctionLabselene_analysis/28f86ddecae5a9132ed70e881595a6a41d611920/input/modified/seqmodel.py,columns_and_datatype_not_explicitly_set,2,353,35.0,38641d3e92061de6fdcca9f69c73fe9c49af2953,"further optimization of the seqmodel sampling process and include logging (time query execution, file loading)",2017-09-11 18:44:09+00:00,MODIFY,36.0,813.0,13a8c4bab2e5905efac3c456e4a6c806c77c7f06,2018-08-06T15:25:58Z,2017-08-21T14:06:22Z,seqmodel.py,0.0,0.0,1.0,0.0,enhancement
bethgelab/foolbox,/home/gilberto-1/github/wrapper_code_smile/output_analysis/1735158796.965824/bethgelabfoolbox_analysis/651e2fbf640a2337dcc8c726a35653f14e648727/input/modified/foolbox/ext/native/models/pytorch.py,pytorch_call_method_misused,1,92,1108.0,287d04b292d2b47c9f0153db8ff221e363c6d462,removed the gradient method from the models and renamed FoolboxModel to Foolbox2Model,2020-01-15 16:29:20+00:00,MODIFY,1113.0,1538.0,95e79603381043c6c61779c6eedea930864d02ef,2019-05-21T19:06:04Z,2017-06-14T13:05:48Z,foolbox/ext/native/models/pytorch.py,0.0,0.0,1.0,1.0,enhancement
bethgelab/foolbox,/home/gilberto-1/github/wrapper_code_smile/output_analysis/1735158796.965824/bethgelabfoolbox_analysis/7354ffe0d8914caf96d8ebd089c03c1a89326097/input/modified/foolbox/models/tensorflow_eager.py,tensor_array_not_used,1,151,760.0,f6131cfc643d2e88ff616004adb59b0017c8a047,Add unit tests for forward_and_gradient functions,2019-08-26 13:54:13+00:00,MODIFY,777.0,1538.0,95e79603381043c6c61779c6eedea930864d02ef,2019-05-21T19:06:04Z,2017-06-14T13:05:48Z,foolbox/models/tensorflow_eager.py,1.0,0.0,0.0,0.0,new_feature
bethgelab/foolbox,/home/gilberto-1/github/wrapper_code_smile/output_analysis/1735158796.965824/bethgelabfoolbox_analysis/6ced3a3a52d8cc1a6cc46c1c727f2846806a0f95/input/modified/foolbox/models/tensorflow_eager.py,tensor_array_not_used,1,80,651.0,8da7b6a21e1407f99da58111f44613d8605b726d,"cleaned and modernized the API (#315)

* completely modernized and cleaned the model API (method names and parameters)

* image -> input

* original_image -> unperturbed

* image -> perturbed

* updated the adversarial class and all attacks to the new naming

* removed image-specifc parameters from attacks

* flake fixes

* fixed tests

* bugfixes

* bugfixes

* bugfixes

* bugfixes

* add mxnet to dev requirements

* removed noqa marks regarding line-length

* fixed typo

* fixed model wrappers

* fixed model wrappers

* updated sparsefool

* switched to bethgelab foolbox-zoo-dummy

* fixed flake8 errors and updated zoo dummy repo to latest commit",2019-05-19 14:51:34+00:00,MODIFY,667.0,1538.0,95e79603381043c6c61779c6eedea930864d02ef,2019-05-21T19:06:04Z,2017-06-14T13:05:48Z,foolbox/models/tensorflow_eager.py,1.0,1.0,1.0,1.0,refactoring
SeldonIO/alibi-detect,/home/gilberto-1/github/wrapper_code_smile/output_analysis/1735243578.6335516/SeldonIOalibi-detect_analysis/6cf6c5f8acdbb4718954d1de6c7a905e2c31076b/input/modified/odcd/utils/visualize.py,columns_and_datatype_not_explicitly_set,1,29,57.0,b85675eaad930d7fe1cb6a6c7217a378c941420a,add adv vae mnist example,2019-11-06 19:23:18+00:00,MODIFY,96.0,281.0,cf301a271fe994acea1f271f8d193e4210845b43,2019-11-19T17:37:23Z,2019-10-07T13:29:13Z,odcd/utils/visualize.py,1.0,0.0,0.0,0.0,new_feature
SeldonIO/alibi-detect,/home/gilberto-1/github/wrapper_code_smile/output_analysis/1735243578.6335516/SeldonIOalibi-detect_analysis/e151570498879ea35c2c99b60e70b93710b85e9e/input/modified/odcd/utils/visualize.py,columns_and_datatype_not_explicitly_set,1,24,14.0,2090d25c869767cdfe9eb43b30d3bcea43c77e7b,add perturbation and visualization fn,2019-10-22 13:42:33+00:00,MODIFY,40.0,281.0,cf301a271fe994acea1f271f8d193e4210845b43,2019-11-19T17:37:23Z,2019-10-07T13:29:13Z,odcd/utils/visualize.py,1.0,0.0,0.0,0.0,new_feature
eladhoffer/convNet.pytorch,/home/gilberto-1/github/wrapper_code_smile/output_analysis/1735158796.965824/eladhofferconvNet.pytorch_analysis/d332b6ccfeab1635cf976719eeb21718ee3cb8fa/input/modified/main.py,pytorch_call_method_misused,1,349,35.0,b16c5749e59bd2859f964801c2b8295cb684900f,split to trainer,2018-08-20 08:46:35+00:00,MODIFY,40.0,159.0,,,2017-01-06T20:54:59Z,main.py,0.0,0.0,0.0,0.0,other
eladhoffer/convNet.pytorch,/home/gilberto-1/github/wrapper_code_smile/output_analysis/1735158796.965824/eladhofferconvNet.pytorch_analysis/04ae721adfcdec6913d68426358c6c1bd0b51a85/input/added/utils.py,columns_and_datatype_not_explicitly_set,1,49,2.0,69652cccff7b4bd801898e2af2909770adf63a75,logging update,2017-01-09 09:38:35+00:00,MODIFY,3.0,159.0,,,2017-01-06T20:54:59Z,utils.py,0.0,0.0,1.0,0.0,enhancement
SpursLipu/YOLOv3-ModelCompression-MultidatasetTraining-Multibackbone,/home/gilberto-1/github/wrapper_code_smile/output_analysis/1735243578.6335516/SpursLipuYOLOv3-ModelCompression-MultidatasetTraining-Multibackbone_analysis/e0e6f276edf0c6b0e7c4468d2ac5baecb1352893/input/modified/train.py,gradients_not_cleared_before_backward_propagation,1,792,262.0,08d2e6e714d21358c048c5ba38b2af49c49eaa16,add new quantized method,2021-03-16 07:04:01+00:00,MODIFY,268.0,268.0,,,2019-12-24T11:31:48Z,train.py,1.0,0.0,0.0,0.0,new_feature
danielegrattarola/spektral,/home/gilberto-1/github/wrapper_code_smile/output_analysis/1735158796.965824/danielegrattarolaspektral_analysis/37fa74e756e261f1cabda065fb71af59b4400efe/input/modified/spektral/layers/ops.py,tensor_array_not_used,1,191,173.0,ba9a0de215715c25456ce9b63bb0531f0c3507ff,"Most layers.ops now work in all three modes for both dense and sparse inputs
Fix bug that would cause matmul_AT_B_A to not work properly when A or B were not symmetric
Add tests to ensure that new ops are correct
Allow equations to scroll horizontally in docs",2019-10-07 22:02:34+00:00,MODIFY,176.0,894.0,5d97c2aca0426f0bcc5cad201a357f8799755e7d,2022-04-09T12:47:04Z,2019-01-17T11:19:10Z,spektral/layers/ops.py,1.0,1.0,1.0,0.0,bug_fixing
danielegrattarola/spektral,/home/gilberto-1/github/wrapper_code_smile/output_analysis/1735158796.965824/danielegrattarolaspektral_analysis/18dd6f658d140041909c1b4e9353c018eaf0a01d/input/modified/spektral/layers/ops/ops.py,tensor_array_not_used,1,99,855.0,101ce2b9dd0f75297804bf3dd50d04b823086e28,Run black + isort,2021-01-02 11:33:30+00:00,MODIFY,861.0,894.0,5d97c2aca0426f0bcc5cad201a357f8799755e7d,2022-04-09T12:47:04Z,2019-01-17T11:19:10Z,spektral/layers/ops/ops.py,0.0,0.0,0.0,0.0,other
firmai/datagene,/home/gilberto-1/github/wrapper_code_smile/output_analysis/1735158796.965824/firmaidatagene_analysis/38030722c4dd4d3d9e8ca8a220f85c4bef1b530c/input/modified/datagene/distance.py,merge_api_parameter_not_explicitly_set,1,493,26.0,76580208e39d5b08facc9d981ece9cd554082899,datagene/distance:,2020-05-10 04:05:01+00:00,MODIFY,27.0,140.0,c11be575e9364d0443c66aca6461707e2fba6e16,2020-06-08T23:54:32Z,2020-05-09T18:02:33Z,datagene/distance.py,0.0,0.0,0.0,0.0,other
firmai/datagene,/home/gilberto-1/github/wrapper_code_smile/output_analysis/1735158796.965824/firmaidatagene_analysis/2d5799f71c642ad12abbfcc73ca138f5bc27cf36/input/modified/datagene/distance.py,columns_and_datatype_not_explicitly_set,1,184,25.0,38030722c4dd4d3d9e8ca8a220f85c4bef1b530c,datagene/distance:,2020-05-10 03:10:03+00:00,MODIFY,26.0,140.0,c11be575e9364d0443c66aca6461707e2fba6e16,2020-06-08T23:54:32Z,2020-05-09T18:02:33Z,datagene/distance.py,0.0,0.0,0.0,0.0,other
firmai/datagene,/home/gilberto-1/github/wrapper_code_smile/output_analysis/1735158796.965824/firmaidatagene_analysis/e993c474ac5f45eccbddc82dec822f5c4a6231b7/input/added/datagene/mod_utilities.py,columns_and_datatype_not_explicitly_set,1,246,1.0,f627317c3e6216bb6184c42773ce8d95eb1ecddb,datagene: import,2020-05-09 19:26:59+00:00,MODIFY,7.0,140.0,c11be575e9364d0443c66aca6461707e2fba6e16,2020-06-08T23:54:32Z,2020-05-09T18:02:33Z,datagene/mod_utilities.py,0.0,0.0,0.0,0.0,other
athena-team/athena,/home/gilberto-1/github/wrapper_code_smile/output_analysis/1735243578.6335516/athena-teamathena_analysis/917c0cf54314afba12457d043d18342ac129c030/input/modified/examples/speaker/voxceleb/local/prepare_data.py,columns_and_datatype_not_explicitly_set,2,199,335.0,f659f0c1772631519e5741d8f38fdb2a0094151d,update,2020-07-21 03:09:14+00:00,MODIFY,340.0,677.0,,,2019-12-22T02:40:08Z,examples/speaker/voxceleb/local/prepare_data.py,0.0,0.0,1.0,0.0,enhancement
athena-team/athena,/home/gilberto-1/github/wrapper_code_smile/output_analysis/1735243578.6335516/athena-teamathena_analysis/382cc853ab2a118fd3a99d629256aa5c28ef721f/input/modified/examples/tts/data_baker/local/prepare_data.py,columns_and_datatype_not_explicitly_set,1,291,667.0,e2911e1dfca5e76b8a95cf5f4e7aedb187bac8e9,Update Athena version to 2.0 according to https://github.com/LianjiaTech/athena,2022-08-15 09:47:28+00:00,MODIFY,677.0,677.0,,,2019-12-22T02:40:08Z,examples/tts/data_baker/local/prepare_data.py,0.0,0.0,1.0,0.0,enhancement
hrpan/tetris_mcts,/home/gilberto-1/github/wrapper_code_smile/output_analysis/1735243578.6335516/hrpantetris_mcts_analysis/5920ebe86f36057c452a69868b176ca41e471886/input/modified/play.py,columns_and_datatype_not_explicitly_set,1,43,57.0,368146a455ceeedcddd778f257ecf2c664d67ba7,Use PyTables instead of Pandas for appending,2018-11-16 07:12:29+00:00,MODIFY,58.0,398.0,,,2018-02-20T20:52:28Z,play.py,0.0,0.0,0.0,0.0,other
inferno-pytorch/inferno,/home/gilberto-1/github/wrapper_code_smile/output_analysis/1735158796.965824/inferno-pytorchinferno_analysis/33ba25d4206dac37b4da417a023227f1b64aa21a/input/modified/inferno/extensions/metrics/categorical.py,pytorch_call_method_misused,1,35,12.0,ab394498ddce4f142021e3990ccef7f572ac2cec,- more convolutional layers,2017-06-30 17:58:02+00:00,MODIFY,54.0,961.0,39b87dc854b588166fc52ff6188ccb7624f28dd3,2017-08-28T10:56:37Z,2017-06-07T19:19:48Z,inferno/extensions/metrics/categorical.py,0.0,0.0,0.0,0.0,other
eleurent/rl-agents,/home/gilberto-1/github/wrapper_code_smile/output_analysis/1735158796.965824/eleurentrl-agents_analysis/9a3b5336d37aa19fa133738e4e38f70906593c13/input/modified/rl_agents/agents/budgeted_ftq/graphics.py,columns_and_datatype_not_explicitly_set,1,72,404.0,e78dc5746ac823f00ee971413c2f851901523710,"Rewording of BFTQ

Use names from the paper: greedy policy, pareto frontier F",2019-05-27 14:07:32+00:00,MODIFY,411.0,782.0,,,2017-06-05T20:53:59Z,rl_agents/agents/budgeted_ftq/graphics.py,0.0,0.0,0.0,0.0,other
eleurent/rl-agents,/home/gilberto-1/github/wrapper_code_smile/output_analysis/1735158796.965824/eleurentrl-agents_analysis/78f66669c2d82b62559b5c4a11b1976309eaaa4a/input/modified/scripts/olop_comparison.py,columns_and_datatype_not_explicitly_set,1,125,277.0,1d9d0006c1662522fa945b37ca78b893e064229b,"OLOP comparison script: compute regret via the Q-values, obtained by VI

- add seeding of environment and agent
- format results in a dataframe
- append to any existing results, and export to xlsx file
- plot with confidence intervals",2019-02-07 17:17:17+00:00,MODIFY,285.0,782.0,,,2017-06-05T20:53:59Z,scripts/olop_comparison.py,1.0,0.0,1.0,1.0,new_feature
eleurent/rl-agents,/home/gilberto-1/github/wrapper_code_smile/output_analysis/1735158796.965824/eleurentrl-agents_analysis/26d3c71ff78e3f8383e2788d03cd925936746812/input/modified/scripts/olop_comparison.py,columns_and_datatype_not_explicitly_set,1,164,292.0,418b0210eeedbfe83e2bed3127cb8c1d91201258,"Output to CSV, and proper multiprocess allocation of CPU",2019-02-12 13:45:11+00:00,MODIFY,293.0,782.0,,,2017-06-05T20:53:59Z,scripts/olop_comparison.py,0.0,0.0,0.0,0.0,other
eleurent/rl-agents,/home/gilberto-1/github/wrapper_code_smile/output_analysis/1735158796.965824/eleurentrl-agents_analysis/ff531ff4d96593da34ff4aea020ddc2a3f00ce7e/input/modified/scripts/planners_evaluation.py,columns_and_datatype_not_explicitly_set,1,350,732.0,3939bf317ba3f47b791705289860d74971d55564,Simpler planners evaluation,2020-10-21 09:14:50+00:00,MODIFY,733.0,782.0,,,2017-06-05T20:53:59Z,scripts/planners_evaluation.py,0.0,0.0,0.0,0.0,other
DSE-MSU/DeepRobust,/home/gilberto-1/github/wrapper_code_smile/output_analysis/1735158796.965824/DSE-MSUDeepRobust_analysis/49224197b7ff87254ed2457c7a469581159e40c3/input/modified/graph/defense/gcn.py,pytorch_call_method_misused,1,94,266.0,cd875f6ff7e242debc7086ef27af0ec5c555925e,"add model picking & modify mettack


Former-commit-id: 9a20a5fe40ee463914e138e655344c5f9f9c7968
Former-commit-id: 698caa5abef3e118a35a67f72a9f54bcfd7d12f3
Former-commit-id: 3fc0356199d85a406fb5b71b8b01a8f46c458fb7",2019-12-31 03:00:34+00:00,MODIFY,270.0,600.0,,,2019-09-21T16:09:07Z,graph/defense/gcn.py,1.0,0.0,1.0,1.0,new_feature
DSE-MSU/DeepRobust,/home/gilberto-1/github/wrapper_code_smile/output_analysis/1735158796.965824/DSE-MSUDeepRobust_analysis/32d2e34459d3234446de8a2596ccadbbb4609771/input/modified/graph/defense/r_gcn.py,gradients_not_cleared_before_backward_propagation,1,108,270.0,c45197ec2efa13d0abf93f4186cd51eccd014d28,"add save_adj


Former-commit-id: ef74b836861634501d90517d5acc493ec1bdf95f
Former-commit-id: e143ccb30381dca7cf9c4a9447785ecb9868e642
Former-commit-id: c69bc321f3ebf514f8b80b60ce4f2b075392f6c9",2020-01-02 04:14:56+00:00,MODIFY,274.0,600.0,,,2019-09-21T16:09:07Z,graph/defense/r_gcn.py,1.0,0.0,0.0,1.0,new_feature
DSE-MSU/DeepRobust,/home/gilberto-1/github/wrapper_code_smile/output_analysis/1735158796.965824/DSE-MSUDeepRobust_analysis/c45197ec2efa13d0abf93f4186cd51eccd014d28/input/modified/graph/defense/r_gcn.py,pytorch_call_method_misused,1,118,278.0,46a31ae32451a8ab5ecfa10ce29a872d19b1457f,"modified rgcn


Former-commit-id: f92cc29cd5a0d592ee4b548f92f1543efae4ac9d
Former-commit-id: de07852f1adfd435f20165ec76ce7bf39763cae5
Former-commit-id: ec3c52038d0a572da72d15110891e5a871f682e4",2020-01-02 21:04:27+00:00,MODIFY,282.0,600.0,,,2019-09-21T16:09:07Z,graph/defense/r_gcn.py,0.0,0.0,1.0,1.0,enhancement
keiohta/tf2rl,/home/gilberto-1/github/wrapper_code_smile/output_analysis/1735243578.6335516/keiohtatf2rl_analysis/84198520db3cb24cdb6b91874ace20f9d60dd440/input/modified/tf2rl/algos/dqn.py,tensor_array_not_used,1,124,820.0,71e1cdaf43dae79f41af18d02344f14c3d288372,Separate Categorical DQN from DQN,2020-10-11 13:13:03+00:00,MODIFY,838.0,838.0,,,2019-04-10T13:27:05Z,tf2rl/algos/dqn.py,0.0,0.0,0.0,0.0,other
MarcSkovMadsen/awesome-streamlit,/home/gilberto-1/github/wrapper_code_smile/output_analysis/1735243578.6335516/MarcSkovMadsenawesome-streamlit_analysis/9f3d41dbec35808583547eb36c70d2f225fc8bc7/input/modified/gallery/iris_eda_app/iris_eda_app.py,columns_and_datatype_not_explicitly_set,1,55,292.0,9786c3d74870d480f4fea067210e8c00a832ea08,refactor to make work in gallery,2019-10-24 18:51:56+00:00,MODIFY,293.0,472.0,,,2019-10-06T02:07:49Z,gallery/iris_eda_app/iris_eda_app.py,0.0,0.0,0.0,1.0,refactoring
MarcSkovMadsen/awesome-streamlit,/home/gilberto-1/github/wrapper_code_smile/output_analysis/1735243578.6335516/MarcSkovMadsenawesome-streamlit_analysis/69157209d8e93aa3851f7a40f6735cdbefc02fb5/input/added/gallery/kickstarter_dashboard/kickstarter_dashboard.py,columns_and_datatype_not_explicitly_set,1,186,375.0,0cbe749a94e63c9bf1de7f1702162d516b4694ba,fix,2019-12-21 05:23:57+00:00,MODIFY,376.0,472.0,,,2019-10-06T02:07:49Z,gallery/kickstarter_dashboard/kickstarter_dashboard.py,0.0,1.0,0.0,0.0,bug_fixing
MarcSkovMadsen/awesome-streamlit,/home/gilberto-1/github/wrapper_code_smile/output_analysis/1735243578.6335516/MarcSkovMadsenawesome-streamlit_analysis/a6be9f414ef2433dc9930d2ad555ba16189760fc/input/modified/package/awesome_streamlit/testing/services/test_item.py,columns_and_datatype_not_explicitly_set,1,78,208.0,3933eb1b63982cbafbdf7f7a193412ea7e5503c1,major refactor of test_runner_app,2019-10-18 17:49:20+00:00,MODIFY,218.0,472.0,,,2019-10-06T02:07:49Z,package/awesome_streamlit/testing/services/test_item.py,0.0,0.0,0.0,1.0,refactoring
MarcSkovMadsen/awesome-streamlit,/home/gilberto-1/github/wrapper_code_smile/output_analysis/1735243578.6335516/MarcSkovMadsenawesome-streamlit_analysis/d5064af27b1a95ea00666172aff63c1a4f2b0b06/input/modified/test_runner_app.py,columns_and_datatype_not_explicitly_set,1,25,196.0,e48bcb8be8500895a3d73b945ae5663050ac0aee,refactor,2019-10-17 01:16:28+00:00,MODIFY,199.0,472.0,,,2019-10-06T02:07:49Z,test_runner_app.py,0.0,0.0,0.0,1.0,refactoring
MarcSkovMadsen/awesome-streamlit,/home/gilberto-1/github/wrapper_code_smile/output_analysis/1735243578.6335516/MarcSkovMadsenawesome-streamlit_analysis/f884fbae575039d7184581e3a62ab59d2191fee8/input/modified/test_runner_app.py,columns_and_datatype_not_explicitly_set,1,65,190.0,300b8de596b8d90ead308c55dc2448116cc8b56d,refactor - all tests pass,2019-10-16 14:44:30+00:00,MODIFY,191.0,472.0,,,2019-10-06T02:07:49Z,test_runner_app.py,0.0,0.0,0.0,1.0,refactoring
kerlomz/captcha_platform,/home/gilberto-1/github/wrapper_code_smile/output_analysis/1735158796.965824/kerlomzcaptcha_platform_analysis/c7e95f2a6767c9ea59fcef64123e9135fdfcf20f/input/modified/graph_session.py,tensor_array_not_used,1,41,64.0,0e13e74a49f1b6879f632c0aa46494f70ec297bb,fix: rich tips.,2019-01-15 13:50:38+00:00,MODIFY,69.0,146.0,24c64aeec3a53f86b6723ee13528e25d0e2500e1,2019-02-12T06:41:48Z,2018-09-11T16:41:09Z,graph_session.py,0.0,1.0,0.0,0.0,bug_fixing
google/fhir,/home/gilberto-1/github/wrapper_code_smile/output_analysis/1735158796.965824/googlefhir_analysis/a35eb5a79897cd2809335a94c1e7bc96cbcfe8fb/input/modified/py/google/fhir/models/model.py,tensor_array_not_used,1,252,226.0,d39e24b0fc053c8b9f5f4b56635ef354756936c4,"Internal changes to tf.contrib symbols

PiperOrigin-RevId: 279571078",2019-11-11 20:17:31+00:00,MODIFY,415.0,675.0,4f69c80dea333f326a9aad2dd84d406591d6117c,2019-01-25T06:25:03Z,2018-01-10T04:54:52Z,py/google/fhir/models/model.py,0.0,0.0,1.0,0.0,enhancement
google/fhir,/home/gilberto-1/github/wrapper_code_smile/output_analysis/1735158796.965824/googlefhir_analysis/17cb2454037f5c08370309b978f790343ef12b09/input/added/py/google/fhir/models/model.py,tensor_array_not_used,1,274,208.0,a35eb5a79897cd2809335a94c1e7bc96cbcfe8fb,"Support exporting a TF model for serving.

PiperOrigin-RevId: 228915788",2019-01-18 16:09:23+00:00,MODIFY,226.0,675.0,4f69c80dea333f326a9aad2dd84d406591d6117c,2019-01-25T06:25:03Z,2018-01-10T04:54:52Z,py/google/fhir/models/model.py,0.0,0.0,1.0,0.0,enhancement
kaushaltrivedi/fast-bert,/home/gilberto-1/github/wrapper_code_smile/output_analysis/1735158796.965824/kaushaltrivedifast-bert_analysis/a525b5ca87d9cf7bcaed0fa889d588e89e19b1cb/input/added/fast_bert/data_lm.py,in_place_apis_misused,1,581,69.0,75f5ec2faf008e2b71e517ffb795bb2e8a9604c4,LM Finetuning added,2019-09-20 14:30:10+00:00,MODIFY,71.0,180.0,12c0dbcef46d6c1e5acf46c281659047460e67db,2019-11-28T23:42:01Z,2019-04-18T22:01:20Z,fast_bert/data_lm.py,1.0,0.0,0.0,0.0,new_feature
kaushaltrivedi/fast-bert,/home/gilberto-1/github/wrapper_code_smile/output_analysis/1735158796.965824/kaushaltrivedifast-bert_analysis/2653529456bd89089d2a3b778bb6242187aba193/input/added/fast_bert/data_ner.py,columns_and_datatype_not_explicitly_set,1,158,45.0,a48da2fe71b244c420d60b8ff1a6ac1c5aa80063,NER implementation,2020-07-20 19:51:13+00:00,MODIFY,47.0,180.0,12c0dbcef46d6c1e5acf46c281659047460e67db,2019-11-28T23:42:01Z,2019-04-18T22:01:20Z,fast_bert/data_ner.py,1.0,0.0,0.0,0.0,new_feature
kaushaltrivedi/fast-bert,/home/gilberto-1/github/wrapper_code_smile/output_analysis/1735158796.965824/kaushaltrivedifast-bert_analysis/578490f1aba62a9f3dbd84da2ef0cee3da1b2780/input/modified/fast_bert/learner.py,gradients_not_cleared_before_backward_propagation,3,350,31.0,5fbb6d44f47e45a2930dd768cc85fda5350100ae,"fixed ConstantLR not defined and Indentation issue

Indentation issue was there due to Empty Learner class",2019-09-02 12:31:07+00:00,MODIFY,47.0,180.0,12c0dbcef46d6c1e5acf46c281659047460e67db,2019-11-28T23:42:01Z,2019-04-18T22:01:20Z,fast_bert/learner.py,0.0,1.0,0.0,0.0,bug_fixing
kaushaltrivedi/fast-bert,/home/gilberto-1/github/wrapper_code_smile/output_analysis/1735158796.965824/kaushaltrivedifast-bert_analysis/e5486c22ea707bcb19ee5afa1660bc45cceefea7/input/modified/fast_bert/learner_cls.py,gradients_not_cleared_before_backward_propagation,1,389,271.0,06a490f26ad18e56ead5fe8b6b115f84e4ca9388,updates to switch to native fp16,2021-04-28 09:53:14+00:00,MODIFY,275.0,275.0,12c0dbcef46d6c1e5acf46c281659047460e67db,2019-11-28T23:42:01Z,2019-04-18T22:01:20Z,fast_bert/learner_cls.py,0.0,0.0,1.0,0.0,enhancement
kaushaltrivedi/fast-bert,/home/gilberto-1/github/wrapper_code_smile/output_analysis/1735158796.965824/kaushaltrivedifast-bert_analysis/292dcfbe2f4abcdcd82b7f84bacc1456d58cf92c/input/modified/fast_bert/learner_lm.py,gradients_not_cleared_before_backward_propagation,1,233,250.0,a6ec27b5fb068661677061a1f03b1079ac6ad53d,update lm container,2021-05-23 14:35:53+00:00,MODIFY,279.0,279.0,12c0dbcef46d6c1e5acf46c281659047460e67db,2019-11-28T23:42:01Z,2019-04-18T22:01:20Z,fast_bert/learner_lm.py,0.0,0.0,1.0,0.0,enhancement
kaushaltrivedi/fast-bert,/home/gilberto-1/github/wrapper_code_smile/output_analysis/1735158796.965824/kaushaltrivedifast-bert_analysis/2653529456bd89089d2a3b778bb6242187aba193/input/added/fast_bert/learner_ner.py,gradients_not_cleared_before_backward_propagation,1,270,45.0,a48da2fe71b244c420d60b8ff1a6ac1c5aa80063,NER implementation,2020-07-20 19:51:13+00:00,MODIFY,47.0,180.0,12c0dbcef46d6c1e5acf46c281659047460e67db,2019-11-28T23:42:01Z,2019-04-18T22:01:20Z,fast_bert/learner_ner.py,1.0,0.0,0.0,0.0,new_feature
IBM/AIF360,/home/gilberto-1/github/wrapper_code_smile/output_analysis/1735158796.965824/IBMAIF360_analysis/e037125bfed4a0de18f3bec00e98b12e20b11dc2/input/added/aif360/algorithms/inprocessing/meta_fair_classifier.py,columns_and_datatype_not_explicitly_set,1,58,71.0,1b6587331ec77d295e2261de12e13974b7d1a46a,"added random seed for meta classifier test script

also fixed docstring formatting,
added MetaFairClassifier to sphinx docs,
cleaned up some redundancies in the code,
and used AIF360 metrics to confirm the third-party code in test script",2018-10-16 20:42:52+00:00,MODIFY,75.0,264.0,de4fce974c99506477e7be476b8ce58d13011d40,2020-03-09T19:56:31Z,2018-08-22T20:47:15Z,aif360/algorithms/inprocessing/meta_fair_classifier.py,1.0,1.0,0.0,1.0,new_feature
IBM/AIF360,/home/gilberto-1/github/wrapper_code_smile/output_analysis/1735158796.965824/IBMAIF360_analysis/a533d2d2ee7faa539607fafec45a236a683f3b68/input/modified/aif360/algorithms/inprocessing/prejudice_remover.py,in_place_apis_misused,1,175,132.0,f4c53dd28df0cc6c414dcf91396549615cfadf20,"MEPS Tutorial Fixes (#91)

* fixed prejudice remover handling of prot attr

* now uses protected_attribute instead of features
* consolidated reused code

* simplified meps tutorial and removed DIR example

* moved reused code into functions
* removed disparate impact remover example since it's not applicable
* changed redeploy to train on 2015 data

* changed graph axis titles and re-added .. to path

* 1 - min(disparate impact) -> 1 - min(DI, 1/DI)
* added sys.insert(0, '../') to top of notebook

* fix scs compile error",2019-07-09 13:49:46+00:00,MODIFY,137.0,264.0,de4fce974c99506477e7be476b8ce58d13011d40,2020-03-09T19:56:31Z,2018-08-22T20:47:15Z,aif360/algorithms/inprocessing/prejudice_remover.py,1.0,1.0,1.0,1.0,bug_fixing
IBM/AIF360,/home/gilberto-1/github/wrapper_code_smile/output_analysis/1735158796.965824/IBMAIF360_analysis/297379a3190abc29ed3abd069584d7eee842a770/input/modified/aif360/metrics/mdss_classification_metric.py,columns_and_datatype_not_explicitly_set,1,135,389.0,ab7e52afbee844540a1a834339516132cad96937,remove deprecated bias scan metrics (#504),2023-11-21 19:33:43+00:00,MODIFY,419.0,419.0,de4fce974c99506477e7be476b8ce58d13011d40,2020-03-09T19:56:31Z,2018-08-22T20:47:15Z,aif360/metrics/mdss_classification_metric.py,0.0,0.0,1.0,1.0,enhancement
IBM/AIF360,/home/gilberto-1/github/wrapper_code_smile/output_analysis/1735158796.965824/IBMAIF360_analysis/3df4fa9ec2452d99c0b8b36c0fea70805fa8c8bf/input/added/aif360/sklearn/datasets/meps_datasets.py,columns_and_datatype_not_explicitly_set,1,65,381.0,a41b0abfde76c6a0d692dd41c5006304e8f06c3e,"Remove `requests` dependency (#519)

* remove requests dependency
* save/read original zipped file instead of csv
* fix numerical accuracy in tests",2024-02-23 14:32:55+00:00,MODIFY,430.0,430.0,de4fce974c99506477e7be476b8ce58d13011d40,2020-03-09T19:56:31Z,2018-08-22T20:47:15Z,aif360/sklearn/datasets/meps_datasets.py,0.0,1.0,1.0,1.0,enhancement
IBM/AIF360,/home/gilberto-1/github/wrapper_code_smile/output_analysis/1735158796.965824/IBMAIF360_analysis/161eeb97ad68c2874a1397265a9e2967978959fb/input/modified/aif360/sklearn/datasets/openml_datasets.py,columns_and_datatype_not_explicitly_set,1,34,184.0,40ad3203b4b724919265fc8168c3870af51eeee6,"simpler dataset loading and 'groups' for metrics

* dataset loading is more similar to sklearn.datasets
* label binarization is now done outside standardize_dataset
* metrics use 'groups' and 'priv_group' to signify priv/unpriv split",2020-02-19 23:35:10+00:00,MODIFY,185.0,264.0,de4fce974c99506477e7be476b8ce58d13011d40,2020-03-09T19:56:31Z,2018-08-22T20:47:15Z,aif360/sklearn/datasets/openml_datasets.py,0.0,0.0,0.0,0.0,other
IBM/AIF360,/home/gilberto-1/github/wrapper_code_smile/output_analysis/1735158796.965824/IBMAIF360_analysis/4604b5eaa664f176efb6f330a41a2b04a18fd110/input/modified/aif360/sklearn/datasets/openml_datasets.py,in_place_apis_misused,1,242,292.0,3df4fa9ec2452d99c0b8b36c0fea70805fa8c8bf,"Dataset Improvements (#278)

* allow explicit arrays for prot_attr, target
* add MEPS and violent recidivism datasets
* option to skip cache
* binary_race only affects protected attribute unless numeric_only
* remove unused categories after dropping
* minimum python version >= 3.7; scikit-learn >= 1.0",2022-08-25 20:43:01+00:00,MODIFY,372.0,372.0,de4fce974c99506477e7be476b8ce58d13011d40,2020-03-09T19:56:31Z,2018-08-22T20:47:15Z,aif360/sklearn/datasets/openml_datasets.py,1.0,0.0,1.0,1.0,enhancement
IBM/AIF360,/home/gilberto-1/github/wrapper_code_smile/output_analysis/1735158796.965824/IBMAIF360_analysis/502ff47a519582a653417e0957668eb5264bedcd/input/modified/aif360/sklearn/metrics/metrics.py,columns_and_datatype_not_explicitly_set,1,1054,412.0,ab7e52afbee844540a1a834339516132cad96937,remove deprecated bias scan metrics (#504),2023-11-21 19:33:43+00:00,MODIFY,419.0,419.0,de4fce974c99506477e7be476b8ce58d13011d40,2020-03-09T19:56:31Z,2018-08-22T20:47:15Z,aif360/sklearn/metrics/metrics.py,0.0,0.0,1.0,1.0,enhancement
graphbrain/graphbrain,/home/gilberto-1/github/wrapper_code_smile/output_analysis/1735243578.6335516/graphbraingraphbrain_analysis/dab00d969e5328b16e143e4bbcaaee3966558689/input/added/gb/inference/headlines.py,in_place_apis_misused,1,118,2189.0,b655b7e68e31753c2b81c938776b783ec24e59df,headlines inference,2017-12-11 21:36:02+00:00,MODIFY,2190.0,2653.0,108f57e1f002514e600f5cd3e7f685ec4eb84851,2019-06-14T14:01:17Z,2016-02-15T11:25:11Z,gb/inference/headlines.py,0.0,0.0,0.0,0.0,other
graphbrain/graphbrain,/home/gilberto-1/github/wrapper_code_smile/output_analysis/1735243578.6335516/graphbraingraphbrain_analysis/406a673e380dd915781c8c511d2243398a4b5011/input/modified/gb/reader/stages/hypergen.py,columns_and_datatype_not_explicitly_set,1,161,2265.0,01a34bf5aa3085a0df5a02f87a8a7ab685c084d7,removing pandas dependency,2018-12-29 17:51:30+00:00,MODIFY,2272.0,2653.0,108f57e1f002514e600f5cd3e7f685ec4eb84851,2019-06-14T14:01:17Z,2016-02-15T11:25:11Z,gb/reader/stages/hypergen.py,0.0,0.0,1.0,1.0,enhancement
graphbrain/graphbrain,/home/gilberto-1/github/wrapper_code_smile/output_analysis/1735243578.6335516/graphbraingraphbrain_analysis/2b75b61ede75766fbf3ff02c30438704843ff25e/input/modified/gb/reader/stages/hypergen_case_generator.py,columns_and_datatype_not_explicitly_set,1,185,2262.0,01a34bf5aa3085a0df5a02f87a8a7ab685c084d7,removing pandas dependency,2018-12-29 17:51:30+00:00,MODIFY,2272.0,2653.0,108f57e1f002514e600f5cd3e7f685ec4eb84851,2019-06-14T14:01:17Z,2016-02-15T11:25:11Z,gb/reader/stages/hypergen_case_generator.py,0.0,0.0,1.0,1.0,enhancement
koaning/scikit-lego,/home/gilberto-1/github/wrapper_code_smile/output_analysis/1735243578.6335516/koaningscikit-lego_analysis/aaaf485c5d2d1519d3732bfe696051daee2fa082/input/modified/sklego/meta.py,columns_and_datatype_not_explicitly_set,1,116,154.0,2ec56f4da80c92d9bcdf4c5effe3cc4b9fc868c5,"Shrinkage estimator (#169)

* Add test with column of strings as groups

* Fixed bug in grouped estimator using string column as grouping variable

* Proposed fix for the remarks

* Added some comments

* Changed try-except to isinstance checks

* Added some more comments

* Added grouped estimator fit for hierarchical groups, updated test such that they still pass for shrinkage=False

* Finished predict with shrinkage included

* Unit tests for constant and relative shrinkage

* Included pytest of notebooks in test command

* Cleanup after merge

* Implemented shrinkage strategies: mininum number of observations, relative to group size and constant shrinkage in each step

* Added test for unseen groups with shrinkage and re(implemented) errors for missing groups for both with and without shrinkage

* Some more cleaning up

* Some more cleaning up

* Fixed failing build

* Multidimensional y possible

* Expanding list to common

* Let user explicitly specify which columns to use in prediction. Besides some clarifications / clean ups and such

* ensured notebook is ready for docs

* added a test that demonstrates a problem

* Added shrinkage to global model and some fixes

* Made error raising tests more specific

* Ran meta notebook

* Flake8 fix

* GroupedEstimator coverage to 100%

* Fixed docstrings",2019-08-23 13:33:47+00:00,MODIFY,169.0,548.0,ebcb9b9af797f35889e9ee35a63828de9da70a95,2019-04-29T16:56:57Z,2019-01-21T15:30:15Z,sklego/meta.py,1.0,1.0,1.0,1.0,new_feature
koaning/scikit-lego,/home/gilberto-1/github/wrapper_code_smile/output_analysis/1735243578.6335516/koaningscikit-lego_analysis/2ae8425e89519269b6c63df534da5437503845cd/input/modified/sklego/meta/_grouped_utils.py,columns_and_datatype_not_explicitly_set,1,22,515.0,fbb8e57e84c9cdff356dcf88f633d47dccb92bc1,"feat: Narwhals for dataframe-agnostic codebase (#671)

* placeholder to develop narwhals features

* feat: make `ColumnDropper` dataframe-agnostic (#655)

* feat: make ColumnDropped dataframe-agnostic

* use narwhals[polars] in pyproject.toml, link to list of supported libraries

* note that narwhals is used for cross-dataframe support

* test refactor

* docstrings

---------

Co-authored-by: FBruzzesi <francesco.bruzzesi.93@gmail.com>

* feat: make ColumnSelector dataframe-agnostic (#659)

* columnselector with test rufformatted

* adding whitespace

* fixed the fit and transform

* removed intendation in examples

* font:false

* feat: make `add_lags` dataframe-agnostic (#661)

* make add_lags dataframe-agnostic

* try getting tests to run?

* patch: cvxpy 1.5.0 support (#663)

---------

Co-authored-by: Francesco Bruzzesi <42817048+FBruzzesi@users.noreply.github.com>

* Make `RegressionOutlier` dataframe-agnostic (#665)

* make regression outlier df-agnostic

* need to use eager-only for this one

* pass native to check_array

* remove cudf, link to check_X_y

* feat: Make InformationFilter dataframe-agnostic

* Make Timegapsplit dataframe-agnostic (#668)

* make timegapsplit dataframe-agnostic

* actually, include cuDF

* feat: make FairClassifier data-agnostic (#669)

* start all over

* fixture working

* wip

* passing tests - again

* pre-commit complaining

* changed fixture on test_demographic_parity

* feat: Make PandasTypeSelector selector dataframe-agnostic (#670)

* make pandas dtype selector df-agnostic

* bump version

* 3.8 compat

* Update sklego/preprocessing/pandastransformers.py

Co-authored-by: Francesco Bruzzesi <42817048+FBruzzesi@users.noreply.github.com>

* fixup pyproject.toml

* unify (and test!) error message

* deprecate

* update readme

* undo contribution.md change

---------

Co-authored-by: Francesco Bruzzesi <42817048+FBruzzesi@users.noreply.github.com>

* format typeselector and bump version

* feat: Make grouped and hierarchical dataframe-agnostic (#667)

* feat: make grouped and hierarchical dataframe-agnostic

* add pyarrow

* narwhals grouped_transformer

* grouped transformer eureka

* hierarchical narwhalified

* so close but so far

* return series instead of DataFrame for y

* grouped WIP

* merge branch and fix grouped

* future annotations

* format

* handling negative indices

* solve conflicts

* hacking C

* fairness: change C values in tests

---------

Co-authored-by: Marco Edward Gorelli <marcogorelli@protonmail.com>
Co-authored-by: Magdalena Anopsy <74981211+anopsy@users.noreply.github.com>
Co-authored-by: Dea María Léon <deamarialeon@gmail.com>",2024-05-24 17:38:49+00:00,MODIFY,517.0,548.0,ebcb9b9af797f35889e9ee35a63828de9da70a95,2019-04-29T16:56:57Z,2019-01-21T15:30:15Z,sklego/meta/_grouped_utils.py,1.0,1.0,1.0,1.0,new_feature
koaning/scikit-lego,/home/gilberto-1/github/wrapper_code_smile/output_analysis/1735243578.6335516/koaningscikit-lego_analysis/4b1caa66fa7445b0a118ee040b64be3326924375/input/added/sklego/meta/grouped_estimator.py,columns_and_datatype_not_explicitly_set,1,323,272.0,fd206e3bba675c833f14738a988ddffa6c76ac81,"Improving GroupedPredictor (#395)

* Moved shrinkage functions to utils

* Copied GroupedEstimator to GroupedPredictor

* Unittests for GroupedPredictor

* Add deprecation for GroupedEstimator

* Renamed test file and small refactor

* Refactor of GroupedPredictor

* Minor changes

* Removed old GroupedEstimator",2020-07-31 08:28:03+00:00,MODIFY,341.0,548.0,ebcb9b9af797f35889e9ee35a63828de9da70a95,2019-04-29T16:56:57Z,2019-01-21T15:30:15Z,sklego/meta/grouped_estimator.py,1.0,0.0,1.0,1.0,enhancement
koaning/scikit-lego,/home/gilberto-1/github/wrapper_code_smile/output_analysis/1735243578.6335516/koaningscikit-lego_analysis/2ae8425e89519269b6c63df534da5437503845cd/input/modified/sklego/meta/grouped_predictor.py,columns_and_datatype_not_explicitly_set,1,277,515.0,fbb8e57e84c9cdff356dcf88f633d47dccb92bc1,"feat: Narwhals for dataframe-agnostic codebase (#671)

* placeholder to develop narwhals features

* feat: make `ColumnDropper` dataframe-agnostic (#655)

* feat: make ColumnDropped dataframe-agnostic

* use narwhals[polars] in pyproject.toml, link to list of supported libraries

* note that narwhals is used for cross-dataframe support

* test refactor

* docstrings

---------

Co-authored-by: FBruzzesi <francesco.bruzzesi.93@gmail.com>

* feat: make ColumnSelector dataframe-agnostic (#659)

* columnselector with test rufformatted

* adding whitespace

* fixed the fit and transform

* removed intendation in examples

* font:false

* feat: make `add_lags` dataframe-agnostic (#661)

* make add_lags dataframe-agnostic

* try getting tests to run?

* patch: cvxpy 1.5.0 support (#663)

---------

Co-authored-by: Francesco Bruzzesi <42817048+FBruzzesi@users.noreply.github.com>

* Make `RegressionOutlier` dataframe-agnostic (#665)

* make regression outlier df-agnostic

* need to use eager-only for this one

* pass native to check_array

* remove cudf, link to check_X_y

* feat: Make InformationFilter dataframe-agnostic

* Make Timegapsplit dataframe-agnostic (#668)

* make timegapsplit dataframe-agnostic

* actually, include cuDF

* feat: make FairClassifier data-agnostic (#669)

* start all over

* fixture working

* wip

* passing tests - again

* pre-commit complaining

* changed fixture on test_demographic_parity

* feat: Make PandasTypeSelector selector dataframe-agnostic (#670)

* make pandas dtype selector df-agnostic

* bump version

* 3.8 compat

* Update sklego/preprocessing/pandastransformers.py

Co-authored-by: Francesco Bruzzesi <42817048+FBruzzesi@users.noreply.github.com>

* fixup pyproject.toml

* unify (and test!) error message

* deprecate

* update readme

* undo contribution.md change

---------

Co-authored-by: Francesco Bruzzesi <42817048+FBruzzesi@users.noreply.github.com>

* format typeselector and bump version

* feat: Make grouped and hierarchical dataframe-agnostic (#667)

* feat: make grouped and hierarchical dataframe-agnostic

* add pyarrow

* narwhals grouped_transformer

* grouped transformer eureka

* hierarchical narwhalified

* so close but so far

* return series instead of DataFrame for y

* grouped WIP

* merge branch and fix grouped

* future annotations

* format

* handling negative indices

* solve conflicts

* hacking C

* fairness: change C values in tests

---------

Co-authored-by: Marco Edward Gorelli <marcogorelli@protonmail.com>
Co-authored-by: Magdalena Anopsy <74981211+anopsy@users.noreply.github.com>
Co-authored-by: Dea María Léon <deamarialeon@gmail.com>",2024-05-24 17:38:49+00:00,MODIFY,517.0,548.0,ebcb9b9af797f35889e9ee35a63828de9da70a95,2019-04-29T16:56:57Z,2019-01-21T15:30:15Z,sklego/meta/grouped_predictor.py,1.0,1.0,1.0,1.0,new_feature
koaning/scikit-lego,/home/gilberto-1/github/wrapper_code_smile/output_analysis/1735243578.6335516/koaningscikit-lego_analysis/2ae8425e89519269b6c63df534da5437503845cd/input/modified/sklego/meta/grouped_transformer.py,columns_and_datatype_not_explicitly_set,1,152,515.0,fbb8e57e84c9cdff356dcf88f633d47dccb92bc1,"feat: Narwhals for dataframe-agnostic codebase (#671)

* placeholder to develop narwhals features

* feat: make `ColumnDropper` dataframe-agnostic (#655)

* feat: make ColumnDropped dataframe-agnostic

* use narwhals[polars] in pyproject.toml, link to list of supported libraries

* note that narwhals is used for cross-dataframe support

* test refactor

* docstrings

---------

Co-authored-by: FBruzzesi <francesco.bruzzesi.93@gmail.com>

* feat: make ColumnSelector dataframe-agnostic (#659)

* columnselector with test rufformatted

* adding whitespace

* fixed the fit and transform

* removed intendation in examples

* font:false

* feat: make `add_lags` dataframe-agnostic (#661)

* make add_lags dataframe-agnostic

* try getting tests to run?

* patch: cvxpy 1.5.0 support (#663)

---------

Co-authored-by: Francesco Bruzzesi <42817048+FBruzzesi@users.noreply.github.com>

* Make `RegressionOutlier` dataframe-agnostic (#665)

* make regression outlier df-agnostic

* need to use eager-only for this one

* pass native to check_array

* remove cudf, link to check_X_y

* feat: Make InformationFilter dataframe-agnostic

* Make Timegapsplit dataframe-agnostic (#668)

* make timegapsplit dataframe-agnostic

* actually, include cuDF

* feat: make FairClassifier data-agnostic (#669)

* start all over

* fixture working

* wip

* passing tests - again

* pre-commit complaining

* changed fixture on test_demographic_parity

* feat: Make PandasTypeSelector selector dataframe-agnostic (#670)

* make pandas dtype selector df-agnostic

* bump version

* 3.8 compat

* Update sklego/preprocessing/pandastransformers.py

Co-authored-by: Francesco Bruzzesi <42817048+FBruzzesi@users.noreply.github.com>

* fixup pyproject.toml

* unify (and test!) error message

* deprecate

* update readme

* undo contribution.md change

---------

Co-authored-by: Francesco Bruzzesi <42817048+FBruzzesi@users.noreply.github.com>

* format typeselector and bump version

* feat: Make grouped and hierarchical dataframe-agnostic (#667)

* feat: make grouped and hierarchical dataframe-agnostic

* add pyarrow

* narwhals grouped_transformer

* grouped transformer eureka

* hierarchical narwhalified

* so close but so far

* return series instead of DataFrame for y

* grouped WIP

* merge branch and fix grouped

* future annotations

* format

* handling negative indices

* solve conflicts

* hacking C

* fairness: change C values in tests

---------

Co-authored-by: Marco Edward Gorelli <marcogorelli@protonmail.com>
Co-authored-by: Magdalena Anopsy <74981211+anopsy@users.noreply.github.com>
Co-authored-by: Dea María Léon <deamarialeon@gmail.com>",2024-05-24 17:38:49+00:00,MODIFY,517.0,548.0,ebcb9b9af797f35889e9ee35a63828de9da70a95,2019-04-29T16:56:57Z,2019-01-21T15:30:15Z,sklego/meta/grouped_transformer.py,1.0,1.0,1.0,1.0,new_feature
koaning/scikit-lego,/home/gilberto-1/github/wrapper_code_smile/output_analysis/1735243578.6335516/koaningscikit-lego_analysis/5e531906cd14f37549e718f2f64f40592a419cfa/input/modified/sklego/model_selection.py,columns_and_datatype_not_explicitly_set,1,106,509.0,fbb8e57e84c9cdff356dcf88f633d47dccb92bc1,"feat: Narwhals for dataframe-agnostic codebase (#671)

* placeholder to develop narwhals features

* feat: make `ColumnDropper` dataframe-agnostic (#655)

* feat: make ColumnDropped dataframe-agnostic

* use narwhals[polars] in pyproject.toml, link to list of supported libraries

* note that narwhals is used for cross-dataframe support

* test refactor

* docstrings

---------

Co-authored-by: FBruzzesi <francesco.bruzzesi.93@gmail.com>

* feat: make ColumnSelector dataframe-agnostic (#659)

* columnselector with test rufformatted

* adding whitespace

* fixed the fit and transform

* removed intendation in examples

* font:false

* feat: make `add_lags` dataframe-agnostic (#661)

* make add_lags dataframe-agnostic

* try getting tests to run?

* patch: cvxpy 1.5.0 support (#663)

---------

Co-authored-by: Francesco Bruzzesi <42817048+FBruzzesi@users.noreply.github.com>

* Make `RegressionOutlier` dataframe-agnostic (#665)

* make regression outlier df-agnostic

* need to use eager-only for this one

* pass native to check_array

* remove cudf, link to check_X_y

* feat: Make InformationFilter dataframe-agnostic

* Make Timegapsplit dataframe-agnostic (#668)

* make timegapsplit dataframe-agnostic

* actually, include cuDF

* feat: make FairClassifier data-agnostic (#669)

* start all over

* fixture working

* wip

* passing tests - again

* pre-commit complaining

* changed fixture on test_demographic_parity

* feat: Make PandasTypeSelector selector dataframe-agnostic (#670)

* make pandas dtype selector df-agnostic

* bump version

* 3.8 compat

* Update sklego/preprocessing/pandastransformers.py

Co-authored-by: Francesco Bruzzesi <42817048+FBruzzesi@users.noreply.github.com>

* fixup pyproject.toml

* unify (and test!) error message

* deprecate

* update readme

* undo contribution.md change

---------

Co-authored-by: Francesco Bruzzesi <42817048+FBruzzesi@users.noreply.github.com>

* format typeselector and bump version

* feat: Make grouped and hierarchical dataframe-agnostic (#667)

* feat: make grouped and hierarchical dataframe-agnostic

* add pyarrow

* narwhals grouped_transformer

* grouped transformer eureka

* hierarchical narwhalified

* so close but so far

* return series instead of DataFrame for y

* grouped WIP

* merge branch and fix grouped

* future annotations

* format

* handling negative indices

* solve conflicts

* hacking C

* fairness: change C values in tests

---------

Co-authored-by: Marco Edward Gorelli <marcogorelli@protonmail.com>
Co-authored-by: Magdalena Anopsy <74981211+anopsy@users.noreply.github.com>
Co-authored-by: Dea María Léon <deamarialeon@gmail.com>",2024-05-24 17:38:49+00:00,MODIFY,517.0,548.0,ebcb9b9af797f35889e9ee35a63828de9da70a95,2019-04-29T16:56:57Z,2019-01-21T15:30:15Z,sklego/model_selection.py,1.0,1.0,1.0,1.0,new_feature
koaning/scikit-lego,/home/gilberto-1/github/wrapper_code_smile/output_analysis/1735243578.6335516/koaningscikit-lego_analysis/f46a11bc60e98495154dc874c1f5532dd38b7539/input/modified/sklego/model_selection.py,columns_and_datatype_not_explicitly_set,1,59,244.0,154f867055ab3615e5714779f712eeaf13244427,"Fix start of train split in TimeGapSplit and added n_split parameter (#324)

* added Examples for n_splits and max_training_set functionality

* added n_split param and option to use all previous data for train split

* fix typo

* add tests for new functionality

* Added a sentence for the examples

* renamed parameter to window, add underscore

* add asserts to tests

* ran .ipynb so can be rendered

* change xfail to with pytest.raise for failing test",2020-05-03 09:06:13+00:00,MODIFY,277.0,548.0,ebcb9b9af797f35889e9ee35a63828de9da70a95,2019-04-29T16:56:57Z,2019-01-21T15:30:15Z,sklego/model_selection.py,1.0,1.0,1.0,1.0,bug_fixing
koaning/scikit-lego,/home/gilberto-1/github/wrapper_code_smile/output_analysis/1735243578.6335516/koaningscikit-lego_analysis/6648728550f520e82750cf126a18a2fd77b88ce6/input/modified/sklego/model_selection.py,columns_and_datatype_not_explicitly_set,1,63,190.0,ab91d90d75d8a84b3a59fcb18da281e0221049ba,"summary and plot info, check index",2019-09-20 20:49:22+00:00,MODIFY,191.0,548.0,ebcb9b9af797f35889e9ee35a63828de9da70a95,2019-04-29T16:56:57Z,2019-01-21T15:30:15Z,sklego/model_selection.py,0.0,0.0,0.0,0.0,other
koaning/scikit-lego,/home/gilberto-1/github/wrapper_code_smile/output_analysis/1735243578.6335516/koaningscikit-lego_analysis/436d1893edc929884b1537d63cde01f19b2d1c5a/input/modified/sklego/preprocessing.py,columns_and_datatype_not_explicitly_set,1,310,105.0,a48a3cd9669594c93644b84c295e4556f9e880a9,"Information filter (#152)

* start

* v1, notebook time!

* its late vincent, stop

* better coltype checker

* better everything, before testing

* numeric bug, not for sunday

* informationfilter es muy cleano now

* this time i save it!

* omg backup!

* save the progress

* save!!!

* first tests

* it is starting to work

* tests seem done

* docs

* docs with sphinx doc!

* removed stuff i dont need plus moar testign!

* notebook sphinx is doc pkg

* rewrote timegapsplit docs

* adressed mbrouns comments

* d0h

* fix",2019-07-05 08:10:56+00:00,MODIFY,135.0,548.0,ebcb9b9af797f35889e9ee35a63828de9da70a95,2019-04-29T16:56:57Z,2019-01-21T15:30:15Z,sklego/preprocessing.py,0.0,1.0,1.0,1.0,refactoring
koaning/scikit-lego,/home/gilberto-1/github/wrapper_code_smile/output_analysis/1735243578.6335516/koaningscikit-lego_analysis/27a6edd3bf2fbf32cc328cedb9f3bb108ca37898/input/modified/sklego/preprocessing.py,columns_and_datatype_not_explicitly_set,1,435,104.0,436d1893edc929884b1537d63cde01f19b2d1c5a,"Added conftests, check_array and always using an normalization vector",2019-04-29 12:29:19+00:00,MODIFY,105.0,548.0,ebcb9b9af797f35889e9ee35a63828de9da70a95,2019-04-29T16:56:57Z,2019-01-21T15:30:15Z,sklego/preprocessing.py,1.0,0.0,0.0,1.0,new_feature
learnables/learn2learn,/home/gilberto-1/github/wrapper_code_smile/output_analysis/1735158796.965824/learnableslearn2learn_analysis/3ebc436e282f86829db9c4302baeca2d14b33927/input/modified/learn2learn/vision/datasets/mini_imagenet.py,columns_and_datatype_not_explicitly_set,1,126,183.0,a3387f9b8fbf3555ed4b6849cbb6ce54c9d33594,mini-imagenet,2019-09-10 23:33:12+00:00,MODIFY,187.0,262.0,,,2019-08-08T18:22:41Z,learn2learn/vision/datasets/mini_imagenet.py,0.0,0.0,0.0,0.0,other
mangaki/mangaki,/home/gilberto-1/github/wrapper_code_smile/output_analysis/1735158796.965824/mangakimangaki_analysis/ecb839349e21738e5f36cf96de13edf77ee645b7/input/modified/mangaki/mangaki/management/commands/compare.py,columns_and_datatype_not_explicitly_set,1,46,653.0,5d0840bd739acd8a0bb85ebf4c974d970bf0d2a9,"Fuck pandas. (#219)

* Fuck pandas.

* Kill them all.

* numpy → np

* Fuck python.",2016-10-22 21:42:31+00:00,MODIFY,708.0,1026.0,44ff4ce77f9b14e08ba64818abc7c44b36f765e0,2017-12-03T13:32:02Z,2015-12-23T16:55:03Z,mangaki/mangaki/management/commands/compare.py,0.0,0.0,0.0,0.0,other
mangaki/mangaki,/home/gilberto-1/github/wrapper_code_smile/output_analysis/1735158796.965824/mangakimangaki_analysis/3801948718d8fe0537dad096e8a09ddb36763cfa/input/added/mangaki/mangaki/utils/nmf.py,columns_and_datatype_not_explicitly_set,1,49,645.0,5d0840bd739acd8a0bb85ebf4c974d970bf0d2a9,"Fuck pandas. (#219)

* Fuck pandas.

* Kill them all.

* numpy → np

* Fuck python.",2016-10-22 21:42:31+00:00,MODIFY,708.0,1026.0,44ff4ce77f9b14e08ba64818abc7c44b36f765e0,2017-12-03T13:32:02Z,2015-12-23T16:55:03Z,mangaki/mangaki/utils/nmf.py,0.0,0.0,0.0,0.0,other
mangaki/mangaki,/home/gilberto-1/github/wrapper_code_smile/output_analysis/1735158796.965824/mangakimangaki_analysis/a9384fd820de56e8f255a3f5d11c248b70f6ca08/input/modified/mangaki/mangaki/utils/recommendations.py,columns_and_datatype_not_explicitly_set,1,60,1063.0,2ebe6a6c88bc8532d4a48b8c678a4f23718d3996,"Secure group recommendations (#749)

* Speed up group reco

* Add Homomorphic Encryption

* Everything relies on group recommendations now

* Oops I deleted too much

* Reuse SVD backup if exists

* Extra security",2022-02-18 18:03:56+00:00,MODIFY,1064.0,1064.0,44ff4ce77f9b14e08ba64818abc7c44b36f765e0,2017-12-03T13:32:02Z,2015-12-23T16:55:03Z,mangaki/mangaki/utils/recommendations.py,1.0,0.0,0.0,0.0,new_feature
mangaki/mangaki,/home/gilberto-1/github/wrapper_code_smile/output_analysis/1735158796.965824/mangakimangaki_analysis/bfab3440bcb1a4d6163dcd35358eddd72f892f84/input/modified/mangaki/mangaki/utils/recommendations.py,columns_and_datatype_not_explicitly_set,2,85,867.0,96e84a27ae6175357c0052ef2cd1002267023927,"Revert ""Hotfix KNN on the stable branch"" (#478)

* Revert ""Profile age should be counted in days, not according to hour (#458)""

This reverts commit bdc9466dc0db795676c6a748e8013abc35d9bc0b.

* Revert ""Duplicate code in order to retry (#451)""

This reverts commit bfab3440bcb1a4d6163dcd35358eddd72f892f84.",2017-09-14 14:37:05+00:00,MODIFY,869.0,1026.0,44ff4ce77f9b14e08ba64818abc7c44b36f765e0,2017-12-03T13:32:02Z,2015-12-23T16:55:03Z,mangaki/mangaki/utils/recommendations.py,0.0,1.0,0.0,0.0,bug_fixing
DigitalSlideArchive/HistomicsTK,/home/gilberto-1/github/wrapper_code_smile/output_analysis/1735243578.6335516/DigitalSlideArchiveHistomicsTK_analysis/9c75208cbb121d1ec731b5a70c688a860b630cb1/input/modified/histomicstk/annotations_and_masks/annotations_to_masks_handler.py,columns_and_datatype_not_explicitly_set,1,320,2862.0,73e3d7a9fe31f12573f7da4ec1823afa106205d0,Cleanup typos and minor code eccentricities,2023-06-01 13:48:46+00:00,MODIFY,2877.0,2877.0,8e79d265c95468b8ca3f6057c06ce1402bbabaae,2019-10-18T13:27:26Z,2015-10-15T14:49:21Z,histomicstk/annotations_and_masks/annotations_to_masks_handler.py,0.0,0.0,0.0,1.0,refactoring
DigitalSlideArchive/HistomicsTK,/home/gilberto-1/github/wrapper_code_smile/output_analysis/1735243578.6335516/DigitalSlideArchiveHistomicsTK_analysis/6399d2d9674a7879e7d82c33d2066c3fe0308298/input/modified/histomicstk/features/FeatureExtraction.py,columns_and_datatype_not_explicitly_set,1,81,896.0,394f357fbb994e9dfb2a4c30aaa0ba747d2156d8,Enhance doc string and rename FeatureExtraction to ExtractNuclearFeatures,2016-08-04 16:52:51+00:00,MODIFY,906.0,2877.0,8e79d265c95468b8ca3f6057c06ce1402bbabaae,2019-10-18T13:27:26Z,2015-10-15T14:49:21Z,histomicstk/features/FeatureExtraction.py,1.0,0.0,1.0,1.0,enhancement
DigitalSlideArchive/HistomicsTK,/home/gilberto-1/github/wrapper_code_smile/output_analysis/1735243578.6335516/DigitalSlideArchiveHistomicsTK_analysis/0c81908ba256451e57bda875e676c1b6e947271a/input/modified/histomicstk/features/compute_haralick_features.py,dataframe_conversion_api_misused,1,379,2966.0,bf0f18ecea93087dfbf541d8c3c63fed1de9a283,"fix: redundant writes to dataframe #1105 (#1106) (#1112)

* fix: redundant writes to dataframe

* refac: removed double quotes

* refac: removed unused variables

* fix: acc to latest version of HistomicsTK

* refac: removed unused import

* fix: Area is float in ground truth

* refac: relative import

* fix: rm coordinates from rprops

* fix: ignore rprops if None

* fix: ignore rprops if None

* linting compute_fsd_features.py

* lint compute_gradient_features.py

* lint compute_haralick_features.py

* lint compute_morphometry_features.py

* lint test_feature_extraction.py

* lint: rm conditionals from compute_nuclei_features

* Revert ""lint: rm conditionals from compute_nuclei_features""

This reverts commit cd842a0bff2a770bf5a32bb2613320efba881f82.

* lint: trailing comma and newline

* lint: colon spacing in compute_haralick_features.py

* lint: colon spacing in compute_nuclei_features.py

---------

Co-authored-by: X-TRON404 <55325140+X-TRON404@users.noreply.github.com>
Co-authored-by: Lee Cooper <lee.cooper@northwestern.edu>",2024-05-13 13:02:01+00:00,MODIFY,2970.0,2970.0,8e79d265c95468b8ca3f6057c06ce1402bbabaae,2019-10-18T13:27:26Z,2015-10-15T14:49:21Z,histomicstk/features/compute_haralick_features.py,1.0,1.0,1.0,1.0,bug_fixing
lab-ml/labml,/home/gilberto-1/github/wrapper_code_smile/output_analysis/1735243578.6335516/lab-mllabml_analysis/57f3a3b09050be173f4fabedf1f7864e74c042c5/input/modified/lab/util/pytorch.py,columns_and_datatype_not_explicitly_set,1,63,292.0,1427fe41f25625f31cd8e4a58eb48ee1557e8d7d,fixed suggestions,2020-04-04 08:13:49+00:00,MODIFY,293.0,584.0,5a68d7560d7c51fc5a374ee7129c7783348f4c0c,2021-08-19T10:23:07Z,2018-11-16T09:34:48Z,lab/util/pytorch.py,0.0,1.0,0.0,0.0,bug_fixing
IBM/AIX360,/home/gilberto-1/github/wrapper_code_smile/output_analysis/1735243578.6335516/IBMAIX360_analysis/2d02585a10a0bbe55ead6bd4343c1fa5eb3d3199/input/added/aix360/algorithms/cofrnet/utils.py,in_place_apis_misused,1,62,322.0,84ccf2fa87a589bf650b434a684293e004bd5ee6,putting os environ inside test,2022-08-31 17:34:46+00:00,MODIFY,335.0,601.0,72fc421a3c484ae37bb67cd19b7ea54a392df659,2023-07-01T08:35:56Z,2019-07-11T07:17:48Z,aix360/algorithms/cofrnet/utils.py,0.0,0.0,0.0,0.0,other
keras-team/autokeras,/home/gilberto-1/github/wrapper_code_smile/output_analysis/1735158796.965824/keras-teamautokeras_analysis/cabfbf0507c24a53e549cafc9ecbdb7a45419345/input/modified/autokeras/analysers/input_analysers_test.py,dataframe_conversion_api_misused,1,69,1378.0,cbffa8b23183580471af0292175be1e5f7a7396f,"Support Keras 3 with TF backend (#1908)

* initial renaming

* renaming tree

* rename tensorflow.keras

* update

* update version numbers

* update imports to keras

* now the tests can run bug failed some

* fix more tests

* fix more tests

* fix more tests

* removed structured data and time series, object detection, and segmentation

* remove structured data from docs

* fix docs

* minor fix

* fix more tests

* fix more tests

* fix more tests

* update docs

* update

* fix more tests

* add notes & improve coverage

* fix tests

* update

* update

* update input block

* fix coverage

* update the tutorials",2024-03-20 20:41:33+00:00,MODIFY,1388.0,1388.0,48ab9b0fa9de443800de69f999abe725a44465e5,2019-01-16T16:33:22Z,2017-11-19T23:18:20Z,autokeras/analysers/input_analysers_test.py,1.0,1.0,1.0,1.0,enhancement
keras-team/autokeras,/home/gilberto-1/github/wrapper_code_smile/output_analysis/1735158796.965824/keras-teamautokeras_analysis/24fdd97712fd77f875230f732cba600ad564fa94/input/modified/autokeras/hypermodel/head.py,in_place_apis_misused,1,233,765.0,5d602fc6cf4bb99cb57ce434d5f75a4a15276065,"Improved Tests (#802)

* benchmark debug

* io api test

* test improvements

* bug fix

* style fixes

* autogen

* tests the hyperblock and block set get config

* import style fixes

* bug fix",2019-10-05 01:05:08+00:00,MODIFY,778.0,1388.0,48ab9b0fa9de443800de69f999abe725a44465e5,2019-01-16T16:33:22Z,2017-11-19T23:18:20Z,autokeras/hypermodel/head.py,0.0,1.0,1.0,0.0,enhancement
keras-team/autokeras,/home/gilberto-1/github/wrapper_code_smile/output_analysis/1735158796.965824/keras-teamautokeras_analysis/ba81114d05287ec00479f38d4e302f5ebe6a0f0b/input/modified/autokeras/hypermodel/node.py,in_place_apis_misused,1,18,767.0,5d602fc6cf4bb99cb57ce434d5f75a4a15276065,"Improved Tests (#802)

* benchmark debug

* io api test

* test improvements

* bug fix

* style fixes

* autogen

* tests the hyperblock and block set get config

* import style fixes

* bug fix",2019-10-05 01:05:08+00:00,MODIFY,778.0,1388.0,48ab9b0fa9de443800de69f999abe725a44465e5,2019-01-16T16:33:22Z,2017-11-19T23:18:20Z,autokeras/hypermodel/node.py,0.0,1.0,1.0,0.0,enhancement
keras-team/autokeras,/home/gilberto-1/github/wrapper_code_smile/output_analysis/1735158796.965824/keras-teamautokeras_analysis/854a2bcc7697f205ed1995c66b425b245b3b9e8d/input/modified/autokeras/nn/model_trainer.py,gradients_not_cleared_before_backward_propagation,1,483,666.0,5619b6770675a7fedd85cbc5ab19773a3ba94e13,"Backend (#583)

* add backend

* backend

* clean up

* fix

* loss function to backend

* predict and get_device

* add tensorflow backend

* update tensorflow backend

* modify tensorflow backend model_trainer

* update tf backend model

* modify tf backend loss function

* modify tf backend loss function

* update tf backend classification loss function

* update tf backend classification loss function

* update tf backend keras metric

* update test tf backend

* modify nn metric to support multiple backend

* add backend test

* add comma in setup

* comment backend testing

* upgrade tensorflow version

* merge master",2019-03-30 08:53:45+00:00,MODIFY,670.0,1388.0,48ab9b0fa9de443800de69f999abe725a44465e5,2019-01-16T16:33:22Z,2017-11-19T23:18:20Z,autokeras/nn/model_trainer.py,1.0,1.0,1.0,1.0,new_feature
keras-team/autokeras,/home/gilberto-1/github/wrapper_code_smile/output_analysis/1735158796.965824/keras-teamautokeras_analysis/c6510936c8dc44cdeb19d674ce89548cc21ae431/input/modified/autokeras/task.py,columns_and_datatype_not_explicitly_set,1,295,781.0,fd4032bb175947cc762d6f7227caba002ba1a1d8,"benchmark and debug (#808)

* benchmark debug

* fine tuning

* update

* project name bug fix

* text tuning

* improved node type checks

* Change the default value for image block

* separable bug fix

* titanic benchmark

* mnist io_api",2019-10-16 21:48:09+00:00,MODIFY,783.0,1388.0,48ab9b0fa9de443800de69f999abe725a44465e5,2019-01-16T16:33:22Z,2017-11-19T23:18:20Z,autokeras/task.py,0.0,1.0,1.0,0.0,bug_fixing
keras-team/autokeras,/home/gilberto-1/github/wrapper_code_smile/output_analysis/1735158796.965824/keras-teamautokeras_analysis/42cdce2c0a3b66b7c73d89293600b2312f0ae806/input/modified/autokeras/tasks/structured_data.py,columns_and_datatype_not_explicitly_set,1,119,910.0,5b8b1c9419fca922ae4e670d1d6c798f833f0268,"Time Series Forecaster task (#1050)

* Initial Commit for final Time Series Forecaster task

* Code for Time Series Forecaster task

* Completed changes for Time Series forecaster task

* Fix for failing tests

* Fix for output shape test for TimeseriesForecaster

* Fix for test of fit and predict timeseriesforecaster

* Moved StructuredData Functionality to a Mixin

* Fixed Typo

* Fixed typo in SupervisedStructuredDatapipeline",2020-04-08 01:16:40+00:00,MODIFY,947.0,1388.0,48ab9b0fa9de443800de69f999abe725a44465e5,2019-01-16T16:33:22Z,2017-11-19T23:18:20Z,autokeras/tasks/structured_data.py,0.0,1.0,1.0,1.0,enhancement
f-dangel/backpack,/home/gilberto-1/github/wrapper_code_smile/output_analysis/1735158796.965824/f-dangelbackpack_analysis/a7d00936398a525f387fd0bd1e5b413cd42d705f/input/added/bpexts/gradient/linear_test.py,gradients_not_cleared_before_backward_propagation,1,80,29.0,390bec2ad69bbcb5f61d30d918641621a2c57638,Add tests for weight batch gradient computation of linear,2018-11-27 17:07:21+00:00,MODIFY,31.0,1461.0,47bae681d1659bbb14f0e0db54ac91e4c3face5f,2019-09-22T23:28:42Z,2019-07-11T14:03:56Z,bpexts/gradient/linear_test.py,1.0,0.0,0.0,0.0,new_feature
f-dangel/backpack,/home/gilberto-1/github/wrapper_code_smile/output_analysis/1735158796.965824/f-dangelbackpack_analysis/33337f5fde8862daa82bf69cb31817cfdae95c1a/input/added/exp/training/merger_test.py,dataframe_conversion_api_misused,1,55,240.0,4d03ebebfac6ca180cdd4645dd0e7f5e424302ff,Improve test stability,2018-12-27 20:11:54+00:00,MODIFY,260.0,1461.0,47bae681d1659bbb14f0e0db54ac91e4c3face5f,2019-09-22T23:28:42Z,2019-07-11T14:03:56Z,exp/training/merger_test.py,0.0,0.0,1.0,0.0,enhancement
f-dangel/backpack,/home/gilberto-1/github/wrapper_code_smile/output_analysis/1735158796.965824/f-dangelbackpack_analysis/87f93a7f5eb2eefda27d2e10a284924e99dabf15/input/modified/exp/training/runner.py,columns_and_datatype_not_explicitly_set,1,116,238.0,42e1c416d2d185c2d8d981f713165ec83a7a46fa,Move dataframe merging to class CSVMerger,2018-12-24 13:25:28+00:00,MODIFY,239.0,1461.0,47bae681d1659bbb14f0e0db54ac91e4c3face5f,2019-09-22T23:28:42Z,2019-07-11T14:03:56Z,exp/training/runner.py,0.0,0.0,0.0,1.0,refactoring
f-dangel/backpack,/home/gilberto-1/github/wrapper_code_smile/output_analysis/1735158796.965824/f-dangelbackpack_analysis/500aff438b5eeb2b9409e73ee91690e665dcef33/input/modified/exp/training/runner.py,columns_and_datatype_not_explicitly_set,1,74,237.0,87f93a7f5eb2eefda27d2e10a284924e99dabf15,Refactor .csv merge,2018-12-24 13:02:31+00:00,MODIFY,238.0,1461.0,47bae681d1659bbb14f0e0db54ac91e4c3face5f,2019-09-22T23:28:42Z,2019-07-11T14:03:56Z,exp/training/runner.py,0.0,0.0,0.0,1.0,refactoring
pytorch/text,/home/gilberto-1/github/wrapper_code_smile/output_analysis/1735158796.965824/pytorchtext_analysis/038515ccfb6df094e22b9f14fcf9d8c391bc4eaa/input/modified/examples/text_classification/train.py,gradients_not_cleared_before_backward_propagation,1,39,389.0,89f2c2b125815fc11849ae110b4b561de81894d2,Example docs (#576),2019-07-31 21:40:35+00:00,MODIFY,395.0,566.0,812ddc9595195887b7574512bd1021743354b064,2019-08-02T23:57:58Z,2016-12-12T00:56:03Z,examples/text_classification/train.py,0.0,0.0,0.0,0.0,other
limbo018/DREAMPlace,/home/gilberto-1/github/wrapper_code_smile/output_analysis/1735158796.965824/limbo018DREAMPlace_analysis/1c31e7b0f791c057cbe8add5709c2c40cb4664db/input/modified/dreamplace/PlaceObj.py,gradients_not_cleared_before_backward_propagation,1,325,465.0,7563f6cd1ce2c6ddbaa977b2eca5368d08bf0b16,multi-electric field,2020-05-17 21:35:56+00:00,MODIFY,466.0,754.0,,,2019-02-28T06:09:05Z,dreamplace/PlaceObj.py,0.0,0.0,0.0,0.0,other
pytorch/tutorials,/home/gilberto-1/github/wrapper_code_smile/output_analysis/1735243578.6335516/pytorchtutorials_analysis/171ebbe2bb5d0f5ca56ba1e4d316e8c238952881/input/modified/advanced_source/neural_style_tutorial.py,gradients_not_cleared_before_backward_propagation,1,573,206.0,0ad33d606682537466f3430fc6d6ac7d47460f1a,"update tutorials for 0.4 (#223) (#224)

* Update beginner tutorials

* Update rest tutorials

* update q learning

* format

* rewrote part of fast neural transfer to add normalization and let it make much more sense

* improve fast neural transfer code again",2018-04-24 14:45:07+00:00,MODIFY,234.0,1248.0,,,2016-09-30T23:48:36Z,advanced_source/neural_style_tutorial.py,1.0,0.0,1.0,1.0,enhancement
rail-berkeley/softlearning,/home/gilberto-1/github/wrapper_code_smile/output_analysis/1735158796.965824/rail-berkeleysoftlearning_analysis/a187972416694b53628eb5c2c1dcd9760f0c7b62/input/modified/examples/development/simulate_policy.py,columns_and_datatype_not_explicitly_set,1,61,1474.0,84d7589fd5852aff9aa46debda6de39acaec2e0b,"Post tf2 fixes (#132)

* Make development ExperimentRunner path methods static

* Fix development/simulate_policy.py

* Remove epoch_length from ALGORITHM_PARAMS_BASE

* Update README

* Update ray to 0.8.4

* Update tensorflow to 2.2.0rc2

* Change tf.compat.v1.set_random_seed to tf.random.set_seed",2020-04-03 21:26:21+00:00,MODIFY,1475.0,1479.0,,,2018-12-03T05:55:54Z,examples/development/simulate_policy.py,0.0,1.0,1.0,1.0,bug_fixing
nanoporetech/medaka,/home/gilberto-1/github/wrapper_code_smile/output_analysis/1735158796.965824/nanoporetechmedaka_analysis/cb56330dbfbf062bce569b56eb0532ee954b4318/input/modified/medaka/tview.py,columns_and_datatype_not_explicitly_set,1,269,42.0,87aa5f9e915118a1c0c84b714eff3154908c54bb,Recent improvements,2017-10-26 13:44:54+00:00,MODIFY,45.0,1053.0,9e7fce4904ac4e9dfc0672715413b00eb4d1fa60,2017-10-26T14:15:03Z,2017-06-07T14:01:06Z,medaka/tview.py,0.0,0.0,1.0,0.0,enhancement
snap-stanford/ogb,/home/gilberto-1/github/wrapper_code_smile/output_analysis/1735243578.6335516/snap-stanfordogb_analysis/78b224af04cf5207517e6865a13244e8979d31d3/input/added/ogb/io/read_graph_dgl.py,columns_and_datatype_not_explicitly_set,1,12,4.0,52fb4e40e9a30380e3677ef3e59e8ac7836d52c1,unified reader from csv,2019-12-18 07:38:08+00:00,MODIFY,26.0,418.0,31ef03d0454a64353d8bf2d4a6fecab625aa3a87,2021-03-15T04:43:51Z,2019-11-22T22:13:57Z,ogb/io/read_graph_dgl.py,0.0,0.0,0.0,0.0,other
snap-stanford/ogb,/home/gilberto-1/github/wrapper_code_smile/output_analysis/1735243578.6335516/snap-stanfordogb_analysis/78b224af04cf5207517e6865a13244e8979d31d3/input/added/ogb/io/read_graph_pyg.py,columns_and_datatype_not_explicitly_set,1,12,4.0,52fb4e40e9a30380e3677ef3e59e8ac7836d52c1,unified reader from csv,2019-12-18 07:38:08+00:00,MODIFY,26.0,418.0,31ef03d0454a64353d8bf2d4a6fecab625aa3a87,2021-03-15T04:43:51Z,2019-11-22T22:13:57Z,ogb/io/read_graph_pyg.py,0.0,0.0,0.0,0.0,other
snap-stanford/ogb,/home/gilberto-1/github/wrapper_code_smile/output_analysis/1735243578.6335516/snap-stanfordogb_analysis/2c2f15d9184b6a51d092ff7cdb86c7eee4b64684/input/modified/ogb/io/save_dataset.py,columns_and_datatype_not_explicitly_set,1,137,347.0,b8aeca5f8c817f106eb1aef664d2f7b08768a3e2,Datasaver + read binary logic,2020-09-03 02:09:04+00:00,MODIFY,351.0,418.0,31ef03d0454a64353d8bf2d4a6fecab625aa3a87,2021-03-15T04:43:51Z,2019-11-22T22:13:57Z,ogb/io/save_dataset.py,0.0,0.0,0.0,0.0,other
snap-stanford/ogb,/home/gilberto-1/github/wrapper_code_smile/output_analysis/1735243578.6335516/snap-stanfordogb_analysis/7d84a6e4eb8b7ed5eeb0c31131fda3df5c9919cd/input/modified/ogb/linkproppred/dataset.py,columns_and_datatype_not_explicitly_set,1,85,145.0,820e1633e4b8aad18541954c484d7459f775eaa5,more flexible get_edge_split,2020-04-08 07:25:27+00:00,MODIFY,148.0,418.0,31ef03d0454a64353d8bf2d4a6fecab625aa3a87,2021-03-15T04:43:51Z,2019-11-22T22:13:57Z,ogb/linkproppred/dataset.py,0.0,0.0,0.0,0.0,other
snap-stanford/ogb,/home/gilberto-1/github/wrapper_code_smile/output_analysis/1735243578.6335516/snap-stanfordogb_analysis/7d84a6e4eb8b7ed5eeb0c31131fda3df5c9919cd/input/modified/ogb/linkproppred/dataset_dgl.py,columns_and_datatype_not_explicitly_set,1,91,145.0,820e1633e4b8aad18541954c484d7459f775eaa5,more flexible get_edge_split,2020-04-08 07:25:27+00:00,MODIFY,148.0,418.0,31ef03d0454a64353d8bf2d4a6fecab625aa3a87,2021-03-15T04:43:51Z,2019-11-22T22:13:57Z,ogb/linkproppred/dataset_dgl.py,0.0,0.0,0.0,0.0,other
snap-stanford/ogb,/home/gilberto-1/github/wrapper_code_smile/output_analysis/1735243578.6335516/snap-stanfordogb_analysis/e1e2ee879941431bd10a3e4c185c7c47021ac546/input/modified/ogb/lsc/pcqm4m.py,columns_and_datatype_not_explicitly_set,1,63,430.0,6d94a6894174b7ad2c487da558b27aca405453d3,Make pcqm4m dataset libary-agnostic,2021-03-07 23:45:25+00:00,MODIFY,436.0,436.0,31ef03d0454a64353d8bf2d4a6fecab625aa3a87,2021-03-15T04:43:51Z,2019-11-22T22:13:57Z,ogb/lsc/pcqm4m.py,0.0,0.0,0.0,0.0,other
maelfabien/Multimodal-Emotion-Recognition,/home/gilberto-1/github/wrapper_code_smile/output_analysis/1735158796.965824/maelfabienMultimodal-Emotion-Recognition_analysis/a988f7950fb2765ab5ebd0bdee9d765fe2b56c46/input/modified/WebApp/main.py,columns_and_datatype_not_explicitly_set,1,197,280.0,ed80619fb6a0c0dda54d04a7ae52f26d04d71617,-modif on webap,2019-06-11 13:03:03+00:00,MODIFY,305.0,355.0,,,2019-03-07T14:59:32Z,WebApp/main.py,0.0,0.0,1.0,0.0,enhancement
maelfabien/Multimodal-Emotion-Recognition,/home/gilberto-1/github/wrapper_code_smile/output_analysis/1735158796.965824/maelfabienMultimodal-Emotion-Recognition_analysis/13b2f546539870951da2307f6306594e298c10ff/input/modified/WebApp/main.py,in_place_apis_misused,1,116,226.0,797e1d4ce1e0b415f6400f78fb2bed4a59f096b9,j,2019-05-25 10:53:23+00:00,MODIFY,229.0,355.0,,,2019-03-07T14:59:32Z,WebApp/main.py,0.0,0.0,0.0,0.0,other
maelfabien/Multimodal-Emotion-Recognition,/home/gilberto-1/github/wrapper_code_smile/output_analysis/1735158796.965824/maelfabienMultimodal-Emotion-Recognition_analysis/144e9349e7310a745435629a1629f4e072507243/input/modified/WebApp/main.py,columns_and_datatype_not_explicitly_set,5,235,257.0,a99df8562d661f73b31bcb66b5559d3b9e1057ee,j,2019-06-01 09:50:22+00:00,MODIFY,260.0,355.0,,,2019-03-07T14:59:32Z,WebApp/main.py,0.0,0.0,0.0,0.0,other
tensorflow/compression,/home/gilberto-1/github/wrapper_code_smile/output_analysis/1735158796.965824/tensorflowcompression_analysis/8cd7152c6450cd63bcfd9950b30cfa0341077337/input/modified/models/toy_sources/sawbridge.py,tensor_array_not_used,1,71,210.0,57ff399e44ee1e66e727a1656a03496ff8a2528f,"Updates toy sources to use stateless random number generator.

PiperOrigin-RevId: 464610112
Change-Id: I686969628aea8e68973f35689270d3976c5d6b9d",2022-08-01 20:30:19+00:00,MODIFY,233.0,233.0,a7998c5908029d7e7eb9152f21eb125ce696a6e6,2022-01-26T16:19:06Z,2018-05-15T23:32:19Z,models/toy_sources/sawbridge.py,0.0,0.0,1.0,0.0,enhancement
tensorflow/compression,/home/gilberto-1/github/wrapper_code_smile/output_analysis/1735158796.965824/tensorflowcompression_analysis/6ece08b7d0f2474349f167bdb2512fe1a76a4047/input/modified/tensorflow_compression/python/distributions/deep_factorized.py,tensor_array_not_used,1,183,102.0,2a8ede29e0fda6c4ca340c3a142fb7c2a3472e30,"Small edits to distributions/entropy models.

- Lower bounds the probabilities computed in DeepFactorized by zero.
- Adds a name scope to the variables created in DeepFactorized.
- Enables deleting the prior distribution from the entropy model.
- Removes deprecated backprop argument from tf.while.

PiperOrigin-RevId: 323400592
Change-Id: Iff3cb1cb3f83fb7381798e6f71779126ac7a00da",2020-07-27 18:18:17+00:00,MODIFY,114.0,233.0,a7998c5908029d7e7eb9152f21eb125ce696a6e6,2022-01-26T16:19:06Z,2018-05-15T23:32:19Z,tensorflow_compression/python/distributions/deep_factorized.py,1.0,0.0,1.0,1.0,enhancement
tensorflow/compression,/home/gilberto-1/github/wrapper_code_smile/output_analysis/1735158796.965824/tensorflowcompression_analysis/f3ca87317011f533c4b9da550ef6e49fbe8dc51b/input/modified/tensorflow_compression/python/distributions/uniform_noise_test.py,tensor_array_not_used,1,122,229.0,82ec0fe20ce8af44258c6866de0008f7bcdd472d,"Fix instability in mixture distributions if log_prob becomes -inf.

PiperOrigin-RevId: 516755689
Change-Id: I866976f926256fcef583313f734c055e60ae452d",2023-03-15 08:21:47+00:00,MODIFY,265.0,265.0,a7998c5908029d7e7eb9152f21eb125ce696a6e6,2022-01-26T16:19:06Z,2018-05-15T23:32:19Z,tensorflow_compression/python/distributions/uniform_noise_test.py,0.0,1.0,1.0,0.0,bug_fixing
tensorflow/compression,/home/gilberto-1/github/wrapper_code_smile/output_analysis/1735158796.965824/tensorflowcompression_analysis/f3ca87317011f533c4b9da550ef6e49fbe8dc51b/input/modified/tensorflow_compression/python/entropy_models/continuous_base.py,tensor_array_not_used,1,278,229.0,91a6254aedaff6874d5a3026140bfe0817cd73cd,"Disable variable shape check for better interoperability with SavedModel().

PiperOrigin-RevId: 461452867
Change-Id: Ib9c6b2d7719fd8af28fdbebadf88060d8c059d75",2022-07-17 12:33:21+00:00,MODIFY,231.0,233.0,a7998c5908029d7e7eb9152f21eb125ce696a6e6,2022-01-26T16:19:06Z,2018-05-15T23:32:19Z,tensorflow_compression/python/entropy_models/continuous_base.py,0.0,0.0,1.0,0.0,enhancement
tensorflow/compression,/home/gilberto-1/github/wrapper_code_smile/output_analysis/1735158796.965824/tensorflowcompression_analysis/cec04f02590587de5146b3f1c9c1c39b42386b8a/input/modified/tensorflow_compression/python/layers/entropy_models.py,tensor_array_not_used,1,500,87.0,44811b21c225371481ee2ed1896b19ddc5d84814,"Prepares for TF 2 migration.

PiperOrigin-RevId: 292212103
Change-Id: I50c14dbd66ea833ef7fdb0796e026d9deee963dc",2020-01-29 21:56:26+00:00,MODIFY,88.0,233.0,a7998c5908029d7e7eb9152f21eb125ce696a6e6,2022-01-26T16:19:06Z,2018-05-15T23:32:19Z,tensorflow_compression/python/layers/entropy_models.py,0.0,0.0,1.0,0.0,enhancement
tensorflow/quantum,/home/gilberto-1/github/wrapper_code_smile/output_analysis/1735158796.965824/tensorflowquantum_analysis/f56257bceb988b743790e1e480eac76fd036d4ff/input/modified/tensorflow_quantum/python/differentiators/gradient_test.py,tensor_array_not_used,1,144,788.0,b98d142feebda5dcba9bb90cb36179c3bc719a1d,"[WIP] Upgrade to tf2.15. (#809)

* [WIP] Upgrade to tf2.15.

* format and wheel test fixes.

* Version bump again for wheel test.

* Back to python3.10

* remove setup.py deps.

* more format fixes.

* yet more format.

* C++ code formats.

* Tutorial fix p1.

* Tutorial fix p2.

* Tutorials p3.

* Add updated install instructions and tutorial install versions.

* final cleanup

* add setup.py

---------

Co-authored-by: root <root@google.com>",2024-05-16 16:35:27+00:00,MODIFY,789.0,789.0,,,2020-02-06T19:58:35Z,tensorflow_quantum/python/differentiators/gradient_test.py,1.0,1.0,1.0,1.0,enhancement
tensorflow/quantum,/home/gilberto-1/github/wrapper_code_smile/output_analysis/1735158796.965824/tensorflowquantum_analysis/f56257bceb988b743790e1e480eac76fd036d4ff/input/modified/tensorflow_quantum/python/differentiators/linear_combination_test.py,tensor_array_not_used,1,223,788.0,b98d142feebda5dcba9bb90cb36179c3bc719a1d,"[WIP] Upgrade to tf2.15. (#809)

* [WIP] Upgrade to tf2.15.

* format and wheel test fixes.

* Version bump again for wheel test.

* Back to python3.10

* remove setup.py deps.

* more format fixes.

* yet more format.

* C++ code formats.

* Tutorial fix p1.

* Tutorial fix p2.

* Tutorials p3.

* Add updated install instructions and tutorial install versions.

* final cleanup

* add setup.py

---------

Co-authored-by: root <root@google.com>",2024-05-16 16:35:27+00:00,MODIFY,789.0,789.0,,,2020-02-06T19:58:35Z,tensorflow_quantum/python/differentiators/linear_combination_test.py,1.0,1.0,1.0,1.0,enhancement
tensorflow/quantum,/home/gilberto-1/github/wrapper_code_smile/output_analysis/1735158796.965824/tensorflowquantum_analysis/f56257bceb988b743790e1e480eac76fd036d4ff/input/modified/tensorflow_quantum/python/differentiators/parameter_shift_test.py,tensor_array_not_used,1,106,788.0,b98d142feebda5dcba9bb90cb36179c3bc719a1d,"[WIP] Upgrade to tf2.15. (#809)

* [WIP] Upgrade to tf2.15.

* format and wheel test fixes.

* Version bump again for wheel test.

* Back to python3.10

* remove setup.py deps.

* more format fixes.

* yet more format.

* C++ code formats.

* Tutorial fix p1.

* Tutorial fix p2.

* Tutorials p3.

* Add updated install instructions and tutorial install versions.

* final cleanup

* add setup.py

---------

Co-authored-by: root <root@google.com>",2024-05-16 16:35:27+00:00,MODIFY,789.0,789.0,,,2020-02-06T19:58:35Z,tensorflow_quantum/python/differentiators/parameter_shift_test.py,1.0,1.0,1.0,1.0,enhancement
tensorflow/quantum,/home/gilberto-1/github/wrapper_code_smile/output_analysis/1735158796.965824/tensorflowquantum_analysis/f56257bceb988b743790e1e480eac76fd036d4ff/input/modified/tensorflow_quantum/python/layers/high_level/noisy_pqc.py,tensor_array_not_used,1,219,788.0,b98d142feebda5dcba9bb90cb36179c3bc719a1d,"[WIP] Upgrade to tf2.15. (#809)

* [WIP] Upgrade to tf2.15.

* format and wheel test fixes.

* Version bump again for wheel test.

* Back to python3.10

* remove setup.py deps.

* more format fixes.

* yet more format.

* C++ code formats.

* Tutorial fix p1.

* Tutorial fix p2.

* Tutorials p3.

* Add updated install instructions and tutorial install versions.

* final cleanup

* add setup.py

---------

Co-authored-by: root <root@google.com>",2024-05-16 16:35:27+00:00,MODIFY,789.0,789.0,,,2020-02-06T19:58:35Z,tensorflow_quantum/python/layers/high_level/noisy_pqc.py,1.0,1.0,1.0,1.0,enhancement
tensorflow/quantum,/home/gilberto-1/github/wrapper_code_smile/output_analysis/1735158796.965824/tensorflowquantum_analysis/f56257bceb988b743790e1e480eac76fd036d4ff/input/modified/tensorflow_quantum/python/layers/high_level/pqc.py,tensor_array_not_used,1,223,788.0,b98d142feebda5dcba9bb90cb36179c3bc719a1d,"[WIP] Upgrade to tf2.15. (#809)

* [WIP] Upgrade to tf2.15.

* format and wheel test fixes.

* Version bump again for wheel test.

* Back to python3.10

* remove setup.py deps.

* more format fixes.

* yet more format.

* C++ code formats.

* Tutorial fix p1.

* Tutorial fix p2.

* Tutorials p3.

* Add updated install instructions and tutorial install versions.

* final cleanup

* add setup.py

---------

Co-authored-by: root <root@google.com>",2024-05-16 16:35:27+00:00,MODIFY,789.0,789.0,,,2020-02-06T19:58:35Z,tensorflow_quantum/python/layers/high_level/pqc.py,1.0,1.0,1.0,1.0,enhancement
tristandeleu/pytorch-meta,/home/gilberto-1/github/wrapper_code_smile/output_analysis/1735158796.965824/tristandeleupytorch-meta_analysis/972f212858768a5d88af2bffa607af0d759eb54e/input/modified/torchmeta/datasets/tcga.py,dataframe_conversion_api_misused,1,233,42.0,e0068761bc6ce213e7b60628e1d4e76c60de208a,Use chunking when converting TCGA to HDF5,2019-03-10 20:23:28+00:00,MODIFY,47.0,381.0,,,2018-12-04T23:36:45Z,torchmeta/datasets/tcga.py,0.0,0.0,0.0,0.0,other
tristandeleu/pytorch-meta,/home/gilberto-1/github/wrapper_code_smile/output_analysis/1735158796.965824/tristandeleupytorch-meta_analysis/9104749e25cdfd30973f25edcdd4b974c0f21c54/input/modified/torchmeta/datasets/tcga.py,columns_and_datatype_not_explicitly_set,1,270,122.0,5e2f2f5d830e71629e1758c91d20d684da7cd5b7,Move processing of the clinical matrices in separate method,2019-06-07 21:53:11+00:00,MODIFY,123.0,381.0,,,2018-12-04T23:36:45Z,torchmeta/datasets/tcga.py,0.0,0.0,0.0,1.0,refactoring
tristandeleu/pytorch-meta,/home/gilberto-1/github/wrapper_code_smile/output_analysis/1735158796.965824/tristandeleupytorch-meta_analysis/328df2b630e0d2d04ad519614d0956af484022d2/input/modified/torchmeta/datasets/tcga.py,columns_and_datatype_not_explicitly_set,1,143,76.0,68725830433d90434150444e532e9ff1e5ba7ba4,"Reworked TCGA to include a fixed split for the meta train, val, test sets.

Currently the min num samples per class is no longer enforced.",2019-06-05 17:18:29+00:00,MODIFY,118.0,381.0,,,2018-12-04T23:36:45Z,torchmeta/datasets/tcga.py,0.0,1.0,1.0,1.0,refactoring
tristandeleu/pytorch-meta,/home/gilberto-1/github/wrapper_code_smile/output_analysis/1735158796.965824/tristandeleupytorch-meta_analysis/7d764f2b1e24b146b9e916a3d51c27378a94fb22/input/modified/torchmetadatasets/datasets/tcga.py,columns_and_datatype_not_explicitly_set,1,294,15.0,8a07f662d5950a617bc22f43bde6cfb724bad4c2,"Replaces class SingleTCGATask by a classmethod in TCGATask

Currently we had overwrote the constructor of TCGATask to provide a
way of constructing a single dataset from TCGA. The new version allows
to only have a single object doing this.",2019-02-15 02:38:51+00:00,MODIFY,16.0,381.0,,,2018-12-04T23:36:45Z,torchmetadatasets/datasets/tcga.py,1.0,0.0,1.0,0.0,enhancement
tristandeleu/pytorch-meta,/home/gilberto-1/github/wrapper_code_smile/output_analysis/1735158796.965824/tristandeleupytorch-meta_analysis/d1cb5a0e83eb069ad891454f332277ef634cd30b/input/modified/torchmetadatasets/datasets/tcga.py,columns_and_datatype_not_explicitly_set,1,156,12.0,7d764f2b1e24b146b9e916a3d51c27378a94fb22,"Changes cancers and task_variables to static properties

We use cancers and task_variables before creating the Metadataset to build a parser.
If those are instance properties we can't do this because the path for data is yet unknown.
This is solved by converting them to static properties.",2019-02-14 23:49:54+00:00,MODIFY,15.0,381.0,,,2018-12-04T23:36:45Z,torchmetadatasets/datasets/tcga.py,1.0,0.0,1.0,0.0,enhancement
uber/causalml,/home/gilberto-1/github/wrapper_code_smile/output_analysis/1735158796.965824/ubercausalml_analysis/99a2b0450b9d107d6d355f188aea6cd5a800bf1d/input/modified/causalml/inference/meta/rlearner.py,columns_and_datatype_not_explicitly_set,1,260,106.0,3ea40cf9685cd88a91549ed66502f51549c9422d,"add plotting functions, update shapley value logic for T/X learners, wrap everything in new Explainer class",2019-10-07 21:25:20+00:00,MODIFY,109.0,227.0,c5d19a0062f1daa77c84bdf649b8be45bf192e20,2020-07-17T23:22:49Z,2019-07-09T02:08:58Z,causalml/inference/meta/rlearner.py,1.0,0.0,1.0,0.0,new_feature
uber/causalml,/home/gilberto-1/github/wrapper_code_smile/output_analysis/1735158796.965824/ubercausalml_analysis/7298911f2e5e2b41374a2395757b613b08d28e92/input/modified/causalml/inference/tree/models.py,columns_and_datatype_not_explicitly_set,1,1641,46.0,74cb7117c8bbe19b7abc7707658beb99b52446af,Remove meta-learner classifiers from tree models,2019-08-25 10:03:14+00:00,MODIFY,75.0,227.0,c5d19a0062f1daa77c84bdf649b8be45bf192e20,2020-07-17T23:22:49Z,2019-07-09T02:08:58Z,causalml/inference/tree/models.py,0.0,0.0,1.0,1.0,enhancement
uber/causalml,/home/gilberto-1/github/wrapper_code_smile/output_analysis/1735158796.965824/ubercausalml_analysis/42925fde4878bd11ec2572b62141d03ef5c10ba3/input/modified/causalml/inference/tree/models.py,in_place_apis_misused,1,1707,111.0,05c442d65acb0f200fd7870f134ebc3b91e89f8c,tree visualization file separation,2019-10-15 20:43:07+00:00,MODIFY,112.0,227.0,c5d19a0062f1daa77c84bdf649b8be45bf192e20,2020-07-17T23:22:49Z,2019-07-09T02:08:58Z,causalml/inference/tree/models.py,0.0,0.0,0.0,0.0,other
uber/causalml,/home/gilberto-1/github/wrapper_code_smile/output_analysis/1735158796.965824/ubercausalml_analysis/e235f1b4385290c5e28de6d1170148fa69ba5bfe/input/modified/causalml/inference/tree/plot.py,in_place_apis_misused,1,193,151.0,900df2de0e5a3e999c290f5849c2cb3367f5ad5a,"Speed up UpliftTreeClassifier (#108)

* remove unused and duplicated code from `inference/tree/models.py`
* add profiling code to `test_UpliftTreeClassifier()`
* speed up UpliftTreeClassifier by 4x by using `numpy.array` and optimizing `group_uniqueCounts()`",2019-12-27 18:38:08+00:00,MODIFY,169.0,227.0,c5d19a0062f1daa77c84bdf649b8be45bf192e20,2020-07-17T23:22:49Z,2019-07-09T02:08:58Z,causalml/inference/tree/plot.py,1.0,0.0,1.0,1.0,enhancement
wjmaddox/swa_gaussian,/home/gilberto-1/github/wrapper_code_smile/output_analysis/1735158796.965824/wjmaddoxswa_gaussian_analysis/ab22e0c9f087a1948802722dfb5b251f1c044515/input/modified/swag/posteriors/laplace.py,gradients_not_cleared_before_backward_propagation,1,106,88.0,460deec37f941dadaef0cff12294f4865d7da0d3,first commit of kfac laplace,2018-12-21 14:32:11+00:00,MODIFY,94.0,337.0,,,2018-06-07T20:58:52Z,swag/posteriors/laplace.py,0.0,0.0,0.0,0.0,other
totalgood/nlpia,/home/gilberto-1/github/wrapper_code_smile/output_analysis/1735243578.6335516/totalgoodnlpia_analysis/708b87b5cdda9dc465e6658213816f59db27b3fc/input/modified/nlpia/plots.py,columns_and_datatype_not_explicitly_set,1,64,108.0,3a6f948fc80f93bf1a40a6d12542e758e73455a1,offline plotly working for GDP data,2017-07-13 00:19:35+00:00,MODIFY,113.0,979.0,,,2016-10-25T02:01:52Z,nlpia/plots.py,0.0,0.0,0.0,0.0,other
henrysky/astroNN,/home/gilberto-1/github/wrapper_code_smile/output_analysis/1735158796.965824/henryskyastroNN_analysis/fdfce8c5320622579f243b74edc4adc455462869/input/modified/astroNN/apogee/plotting.py,columns_and_datatype_not_explicitly_set,1,192,372.0,9dc0f941aaa7405f77c9d6e507c0447e718019d3,jacobian multi-D data support,2018-01-24 19:23:12+00:00,MODIFY,386.0,2174.0,6fb401348f9f0b86e16aee4ad87508a62bf06ab6,2018-08-16T23:06:53Z,2017-10-14T01:40:28Z,astroNN/apogee/plotting.py,0.0,0.0,1.0,0.0,enhancement
henrysky/astroNN,/home/gilberto-1/github/wrapper_code_smile/output_analysis/1735158796.965824/henryskyastroNN_analysis/9dc0f941aaa7405f77c9d6e507c0447e718019d3/input/modified/astroNN/apogee/plotting.py,columns_and_datatype_not_explicitly_set,1,192,386.0,d807b41d596bebd7f4df79f79c8ef5504b1bac48,new way to use jacobian and documentation updaye,2018-01-24 19:43:51+00:00,MODIFY,387.0,2174.0,6fb401348f9f0b86e16aee4ad87508a62bf06ab6,2018-08-16T23:06:53Z,2017-10-14T01:40:28Z,astroNN/apogee/plotting.py,1.0,0.0,0.0,0.0,new_feature
snorkel-team/snorkel,/home/gilberto-1/github/wrapper_code_smile/output_analysis/1735158796.965824/snorkel-teamsnorkel_analysis/6a40fff3c3a742ff5fb612f13f181a5c91bcb24a/input/modified/snorkel/annotations.py,in_place_apis_misused,1,129,1277.0,f56bd4e52c66f69c4fc919259f186e8c58ca6dcb,Fixing minor bug,2017-01-14 10:14:32+00:00,MODIFY,1278.0,2673.0,b047dfb032560584752cb5952a82b90943529209,2018-06-27T04:21:22Z,2016-02-26T05:52:45Z,snorkel/annotations.py,0.0,1.0,0.0,0.0,bug_fixing
snorkel-team/snorkel,/home/gilberto-1/github/wrapper_code_smile/output_analysis/1735158796.965824/snorkel-teamsnorkel_analysis/f4c8856df9a0357f19341271326c8ca242310342/input/modified/snorkel/annotations.py,in_place_apis_misused,1,106,798.0,3e142cd69ac8e7b89542f968dd4f7b62b26297f5,"Some fixes, merging initial LFs into tutorial 4",2016-09-05 08:37:36+00:00,MODIFY,801.0,2673.0,b047dfb032560584752cb5952a82b90943529209,2018-06-27T04:21:22Z,2016-02-26T05:52:45Z,snorkel/annotations.py,0.0,1.0,0.0,1.0,bug_fixing
snorkel-team/snorkel,/home/gilberto-1/github/wrapper_code_smile/output_analysis/1735158796.965824/snorkel-teamsnorkel_analysis/d8ad768bbe718e6c30dd73202dbdf6c57f1fb44d/input/modified/snorkel/learning/pytorch/logistic_regression.py,pytorch_call_method_misused,1,32,2160.0,75dc24a47f00cbc69af395e45e6ae1f1e2ebb311,PyTorch logistic regression.,2018-06-18 02:08:10+00:00,MODIFY,2199.0,2673.0,b047dfb032560584752cb5952a82b90943529209,2018-06-27T04:21:22Z,2016-02-26T05:52:45Z,snorkel/learning/pytorch/logistic_regression.py,0.0,0.0,0.0,0.0,other
snorkel-team/snorkel,/home/gilberto-1/github/wrapper_code_smile/output_analysis/1735158796.965824/snorkel-teamsnorkel_analysis/169bd385de270af8bda2fe4f093b36a420384252/input/modified/snorkel/learning/pytorch/noise_aware_model.py,pytorch_call_method_misused,1,220,2148.0,49eb94e5f2bbfe950c67433b399958d6d03f7736,Intermediate state.,2018-05-04 19:33:25+00:00,MODIFY,2152.0,2673.0,b047dfb032560584752cb5952a82b90943529209,2018-06-27T04:21:22Z,2016-02-26T05:52:45Z,snorkel/learning/pytorch/noise_aware_model.py,0.0,0.0,0.0,1.0,refactoring
snorkel-team/snorkel,/home/gilberto-1/github/wrapper_code_smile/output_analysis/1735158796.965824/snorkel-teamsnorkel_analysis/8be303be365d96ece6ef5eb2e035baf38b144d72/input/modified/snorkel/learning/pytorch/rnn/rnn_base.py,pytorch_call_method_misused,1,75,2161.0,ba403d54c11b9a27b0bca325850c2336d35b2f58,"Switched back to score outputs, started using train/eval modes.",2018-05-07 21:44:54+00:00,MODIFY,2166.0,2673.0,b047dfb032560584752cb5952a82b90943529209,2018-06-27T04:21:22Z,2016-02-26T05:52:45Z,snorkel/learning/pytorch/rnn/rnn_base.py,0.0,0.0,1.0,0.0,enhancement
snorkel-team/snorkel,/home/gilberto-1/github/wrapper_code_smile/output_analysis/1735158796.965824/snorkel-teamsnorkel_analysis/845982dea69c740bb2d1eac136cec5e82fe9dd0d/input/modified/snorkel/learning/pytorch/rnn/rnn_base.py,pytorch_call_method_misused,1,80,2153.0,6bc80c246f8e9a2f5c941beac21c780e228fe6eb,Pytorch LSTM working.,2018-05-04 21:19:37+00:00,MODIFY,2155.0,2673.0,b047dfb032560584752cb5952a82b90943529209,2018-06-27T04:21:22Z,2016-02-26T05:52:45Z,snorkel/learning/pytorch/rnn/rnn_base.py,0.0,0.0,0.0,0.0,other
wubinzzu/NeuRec,/home/gilberto-1/github/wrapper_code_smile/output_analysis/1735158796.965824/wubinzzuNeuRec_analysis/6c718f0cf32049c8e88b05aaa390dd93859b0854/input/modified/data/DataSplitter.py,columns_and_datatype_not_explicitly_set,1,23,144.0,a51deaee4817abba0d1840a486bb3a19e9f3dfc1,Update data pre-process,2019-12-04 01:29:45+00:00,MODIFY,149.0,202.0,bef61147cd01d9121cd3ad1a717515e8fe5c3fdf,2019-12-28T07:42:54Z,2019-02-25T11:05:36Z,data/DataSplitter.py,0.0,0.0,1.0,0.0,enhancement
wubinzzu/NeuRec,/home/gilberto-1/github/wrapper_code_smile/output_analysis/1735158796.965824/wubinzzuNeuRec_analysis/853e5478820a00a920c390b313935043f1c9aace/input/modified/data/dataset.py,columns_and_datatype_not_explicitly_set,5,130,166.0,5c374f4c80228d44ef1dbbfa94ed592689853d95,Pre-process test negative items,2020-04-26 04:46:57+00:00,MODIFY,171.0,202.0,bef61147cd01d9121cd3ad1a717515e8fe5c3fdf,2019-12-28T07:42:54Z,2019-02-25T11:05:36Z,data/dataset.py,0.0,0.0,0.0,0.0,other
wubinzzu/NeuRec,/home/gilberto-1/github/wrapper_code_smile/output_analysis/1735158796.965824/wubinzzuNeuRec_analysis/f7dba74ffdbe8fe321120a67fe4f8701cc805787/input/modified/model/general_recommender/NAIS.py,tensor_array_not_used,1,172,157.0,32a3efb21c2fb5b8e1262233005685f52bf628b1,Code formatting,2019-12-27 01:56:15+00:00,MODIFY,163.0,202.0,bef61147cd01d9121cd3ad1a717515e8fe5c3fdf,2019-12-28T07:42:54Z,2019-02-25T11:05:36Z,model/general_recommender/NAIS.py,0.0,0.0,0.0,1.0,refactoring
aisolab/nlp_classification,/home/gilberto-1/github/wrapper_code_smile/output_analysis/1735243578.6335516/aisolabnlp_classification_analysis/c593cf98da8e739f6cee4d8ac4cb6c54218603e9/input/added/Bidirectional_LSTM-CRF_Models_for_Sequence_Tagging/model/data.py,columns_and_datatype_not_explicitly_set,1,18,155.0,f56c2a9f1d4340d327a3a851f8d18fd20d175041,"implementing custom dataset, collate_fn",2019-05-29 10:36:29+00:00,MODIFY,156.0,383.0,,,2019-03-29T19:21:42Z,Bidirectional_LSTM-CRF_Models_for_Sequence_Tagging/model/data.py,1.0,0.0,0.0,0.0,new_feature
l3p-cv/lost,/home/gilberto-1/github/wrapper_code_smile/output_analysis/1735243578.6335516/l3p-cvlost_analysis/8830af0a3dbfe4a70e8f57471009fa2bd511defa/input/modified/backend/lost/db/model.py,columns_and_datatype_not_explicitly_set,1,700,169.0,f3318268be56844de5b7319f99eeface8c386c3d,Renamed is_first_leaf -> is_root; Adjusted docstring of LabelLeaf; commented some old stuff regarding media in db.access,2018-11-20 15:17:35+00:00,MODIFY,172.0,2447.0,,,2018-11-12T16:04:39Z,backend/lost/db/model.py,0.0,0.0,0.0,1.0,refactoring
l3p-cv/lost,/home/gilberto-1/github/wrapper_code_smile/output_analysis/1735243578.6335516/l3p-cvlost_analysis/526c790d78fa70da62fc012b864ebc3a3da7bd4f/input/modified/backend/lost/pyapi/inout.py,in_place_apis_misused,1,657,1846.0,cbdbc832f1087ffadd7612c786f9313441e9f7c6,sia.request_annos: Added file checks before requesting annos; Add support for recursive directory walk through,2022-04-19 11:24:55+00:00,MODIFY,1878.0,2447.0,,,2018-11-12T16:04:39Z,backend/lost/pyapi/inout.py,1.0,0.0,1.0,0.0,new_feature
yzhao062/pyod,/home/gilberto-1/github/wrapper_code_smile/output_analysis/1735243578.6335516/yzhao062pyod_analysis/6cb49f3cb146abf89af44417e518a7d2b1702774/input/modified/pyod/models/anogan.py,in_place_apis_misused,1,286,1815.0,abd599530fccc0d12681492d364cc06258ca748b,add device and format,2024-07-04 03:51:37+00:00,MODIFY,1849.0,1881.0,002722132b0aec7519cf8f9765754c5d12e20050,2022-07-29T22:31:14Z,2017-10-03T20:29:04Z,pyod/models/anogan.py,1.0,0.0,0.0,1.0,new_feature
yzhao062/pyod,/home/gilberto-1/github/wrapper_code_smile/output_analysis/1735243578.6335516/yzhao062pyod_analysis/81f76fe3aca497f1eabd7fe14c7d146211b508cf/input/modified/pyod/models/cof.py,columns_and_datatype_not_explicitly_set,1,119,903.0,f4c6a4d34484b162044b21e6d9aaadb32e7f3cf4,improving performance and getting rid of the need of pandas,2019-04-20 18:24:29+00:00,MODIFY,905.0,1881.0,002722132b0aec7519cf8f9765754c5d12e20050,2022-07-29T22:31:14Z,2017-10-03T20:29:04Z,pyod/models/cof.py,0.0,0.0,1.0,1.0,enhancement
yzhao062/pyod,/home/gilberto-1/github/wrapper_code_smile/output_analysis/1735243578.6335516/yzhao062pyod_analysis/eb3a920d4b72e69f0529d4fde83c9b76ce5e163b/input/modified/pyod/models/copod.py,columns_and_datatype_not_explicitly_set,1,207,1291.0,f8db75f2cd3df770bb35620ad9c26901c99732ef,fix #223,2021-07-12 18:59:06+00:00,MODIFY,1295.0,1881.0,002722132b0aec7519cf8f9765754c5d12e20050,2022-07-29T22:31:14Z,2017-10-03T20:29:04Z,pyod/models/copod.py,0.0,1.0,0.0,0.0,bug_fixing
yzhao062/pyod,/home/gilberto-1/github/wrapper_code_smile/output_analysis/1735243578.6335516/yzhao062pyod_analysis/d74f2abe82dadb0a0d7f72a67988fd5c809486a5/input/added/pyod/models/mo_gaal.py,in_place_apis_misused,1,145,546.0,219ebd32fb5be8c0d4bd90671fe4755b59c080fc,removed dependency for pandas,2018-12-07 14:39:25+00:00,MODIFY,547.0,1881.0,002722132b0aec7519cf8f9765754c5d12e20050,2022-07-29T22:31:14Z,2017-10-03T20:29:04Z,pyod/models/mo_gaal.py,0.0,0.0,1.0,1.0,enhancement
yzhao062/pyod,/home/gilberto-1/github/wrapper_code_smile/output_analysis/1735243578.6335516/yzhao062pyod_analysis/7bba379a8accc339c1402c43731d66fe003bf48d/input/modified/pyod/models/mo_gaal.py,gradients_not_cleared_before_backward_propagation,1,148,1821.0,f70d9bbf3134416a1d3db658f974d36d6cf1b490,resolve mo_gaal device issue,2024-06-22 00:48:52+00:00,MODIFY,1822.0,1881.0,002722132b0aec7519cf8f9765754c5d12e20050,2022-07-29T22:31:14Z,2017-10-03T20:29:04Z,pyod/models/mo_gaal.py,0.0,1.0,0.0,0.0,bug_fixing
yzhao062/pyod,/home/gilberto-1/github/wrapper_code_smile/output_analysis/1735243578.6335516/yzhao062pyod_analysis/6cb49f3cb146abf89af44417e518a7d2b1702774/input/modified/pyod/models/mo_gaal.py,memory_not_freed,1,153,1815.0,8c9255e0476544b7a04ec51baa4a0643cc7f47bb,resolve device inconsistency issue in mo_gaal module,2024-06-22 00:01:30+00:00,MODIFY,1820.0,1881.0,002722132b0aec7519cf8f9765754c5d12e20050,2022-07-29T22:31:14Z,2017-10-03T20:29:04Z,pyod/models/mo_gaal.py,0.0,1.0,0.0,0.0,bug_fixing
yzhao062/pyod,/home/gilberto-1/github/wrapper_code_smile/output_analysis/1735243578.6335516/yzhao062pyod_analysis/420c13f196f7483a7181c873087232da7c305e46/input/modified/pyod/models/rgraph.py,memory_not_freed,1,330,1580.0,fe5eb1500abffe767ee3c7c58a3e61b1d6f6c9f9,add R-Graph,2022-07-29 21:42:09+00:00,MODIFY,1583.0,1881.0,002722132b0aec7519cf8f9765754c5d12e20050,2022-07-29T22:31:14Z,2017-10-03T20:29:04Z,pyod/models/rgraph.py,1.0,0.0,0.0,0.0,new_feature
jrzaurin/pytorch-widedeep,/home/gilberto-1/github/wrapper_code_smile/output_analysis/1735243578.6335516/jrzaurinpytorch-widedeep_analysis/627fc19325c485d567a425053e16030b83643c68/input/modified/examples/scripts/movielens_din.py,columns_and_datatype_not_explicitly_set,1,58,896.0,3b603c9f6e564919bbc67ad42ee75a79a5df6e99,Reviewed the docs. Tested installation for all supported python versions. Fixed a few bugs,2024-11-02 13:05:11+00:00,MODIFY,935.0,935.0,7f4582e8d90d397dee7705c71a297f314c3318f1,2020-02-22T13:45:21Z,2017-10-21T08:11:44Z,examples/scripts/movielens_din.py,0.0,1.0,1.0,0.0,enhancement
jrzaurin/pytorch-widedeep,/home/gilberto-1/github/wrapper_code_smile/output_analysis/1735243578.6335516/jrzaurinpytorch-widedeep_analysis/b324222105a36b8da2ba2f164d1f11536debfc24/input/modified/pytorch_widedeep/datasets/_base.py,columns_and_datatype_not_explicitly_set,1,43,510.0,a96600bdcde88852c403e6c01a05af1862bd6172,adjusted datatest,2021-12-21 09:44:50+00:00,MODIFY,525.0,935.0,7f4582e8d90d397dee7705c71a297f314c3318f1,2020-02-22T13:45:21Z,2017-10-21T08:11:44Z,pytorch_widedeep/datasets/_base.py,0.0,0.0,0.0,0.0,other
jrzaurin/pytorch-widedeep,/home/gilberto-1/github/wrapper_code_smile/output_analysis/1735243578.6335516/jrzaurinpytorch-widedeep_analysis/555dc516160dafef9c3b176dc9bb9d3bee2513fb/input/modified/pytorch_widedeep/models/wide_deep.py,pytorch_call_method_misused,1,1094,376.0,04428d7edcf2c8ef5c4ef7e7654a0aee09feec9d,"decoupled the model from the training process via the introduciton of a Trainer class. All seems easier now. Need to adjust all documentation. Also added a few losses and an R2 metric, as well as the possibiliy of customising virually every single component of the model",2021-01-25 23:28:39+00:00,MODIFY,377.0,935.0,7f4582e8d90d397dee7705c71a297f314c3318f1,2020-02-22T13:45:21Z,2017-10-21T08:11:44Z,pytorch_widedeep/models/wide_deep.py,1.0,0.0,0.0,1.0,refactoring
jrzaurin/pytorch-widedeep,/home/gilberto-1/github/wrapper_code_smile/output_analysis/1735243578.6335516/jrzaurinpytorch-widedeep_analysis/65a5ef312fc4c93bc4f32f72aa5ee524187c1697/input/modified/pytorch_widedeep/models/wide_deep.py,pytorch_call_method_misused,1,390,162.0,e2b8ccbee71c7f1b66f56a60186f950502d1cdec,added documentation for model components. Arranged modules to expose utils,2019-10-24 15:18:35+00:00,MODIFY,165.0,935.0,7f4582e8d90d397dee7705c71a297f314c3318f1,2020-02-22T13:45:21Z,2017-10-21T08:11:44Z,pytorch_widedeep/models/wide_deep.py,1.0,0.0,1.0,0.0,new_feature
jrzaurin/pytorch-widedeep,/home/gilberto-1/github/wrapper_code_smile/output_analysis/1735243578.6335516/jrzaurinpytorch-widedeep_analysis/da7a2d7f7e765ac7f2d59240573f84712754642c/input/modified/pytorch_widedeep/models/wide_deep.py,pytorch_call_method_misused,1,237,127.0,b667b36ad1ba50108fda78522e0a0542957ca26e,"code changed. Included data split methods, activation_fn and adapted code for new functionalities",2019-10-13 17:45:16+00:00,MODIFY,133.0,935.0,7f4582e8d90d397dee7705c71a297f314c3318f1,2020-02-22T13:45:21Z,2017-10-21T08:11:44Z,pytorch_widedeep/models/wide_deep.py,1.0,0.0,1.0,0.0,enhancement
jrzaurin/pytorch-widedeep,/home/gilberto-1/github/wrapper_code_smile/output_analysis/1735243578.6335516/jrzaurinpytorch-widedeep_analysis/04d40076741a9a9dfe2a4967bba28fa0dd6a878e/input/modified/pytorch_widedeep/tab2vec.py,columns_and_datatype_not_explicitly_set,3,196,462.0,1dfe6a97a573f5076a24f60fadc9271cc716f2d1,Removed condition from trainer on duplicated callbacks. Tab2Vec optionally returns pandas dataframes. Added unit tests for new functionalities and all notebooks follow now black coding style. All this relates to PR #55,2021-10-19 13:55:32+00:00,MODIFY,465.0,935.0,7f4582e8d90d397dee7705c71a297f314c3318f1,2020-02-22T13:45:21Z,2017-10-21T08:11:44Z,pytorch_widedeep/tab2vec.py,1.0,0.0,1.0,1.0,enhancement
jrzaurin/pytorch-widedeep,/home/gilberto-1/github/wrapper_code_smile/output_analysis/1735243578.6335516/jrzaurinpytorch-widedeep_analysis/cbac755380197aaf13b08777e5fe25ecf13660fa/input/modified/pytorch_widedeep/utils/deep_utils.py,dataframe_conversion_api_misused,1,88,116.0,567e4ed247dfdc1a504b3104eab1594751d0fbae,code modified to include fit and predict methods for all data utils,2019-10-10 18:49:45+00:00,MODIFY,118.0,935.0,7f4582e8d90d397dee7705c71a297f314c3318f1,2020-02-22T13:45:21Z,2017-10-21T08:11:44Z,pytorch_widedeep/utils/deep_utils.py,0.0,0.0,1.0,0.0,enhancement
jrzaurin/pytorch-widedeep,/home/gilberto-1/github/wrapper_code_smile/output_analysis/1735243578.6335516/jrzaurinpytorch-widedeep_analysis/fc863aa91d3c87e5de970426ac27e896069580d4/input/modified/pytorch_widedeep/utils/deep_utils.py,dataframe_conversion_api_misused,1,104,125.0,fbab4d4df333c9634abadaebe164493091facd5f,reorganizing the code so that all preprocessors are in the preprocessing module in pytorch-widedeep,2019-10-19 10:53:44+00:00,MODIFY,157.0,935.0,7f4582e8d90d397dee7705c71a297f314c3318f1,2020-02-22T13:45:21Z,2017-10-21T08:11:44Z,pytorch_widedeep/utils/deep_utils.py,0.0,0.0,0.0,1.0,refactoring
jrzaurin/pytorch-widedeep,/home/gilberto-1/github/wrapper_code_smile/output_analysis/1735243578.6335516/jrzaurinpytorch-widedeep_analysis/969827a737b7090eb606e40d1cac653f73d80815/input/modified/pytorch_widedeep/utils/wide_utils.py,dataframe_conversion_api_misused,1,27,108.0,98014867162c8afb47b4ea1191d7b0c8adebdd39,refactored code to a class with fit and transform methods,2019-10-10 09:03:53+00:00,MODIFY,113.0,935.0,7f4582e8d90d397dee7705c71a297f314c3318f1,2020-02-22T13:45:21Z,2017-10-21T08:11:44Z,pytorch_widedeep/utils/wide_utils.py,0.0,0.0,0.0,1.0,refactoring
heartexlabs/label-studio,/home/gilberto-1/github/wrapper_code_smile/output_analysis/1735243578.6335516/heartexlabslabel-studio_analysis/571ef2629d687a213b636d2cc6638614a816f82d/input/modified/label_studio/data_import/uploader.py,columns_and_datatype_not_explicitly_set,1,40,349.0,6ec1e79e0ff5b6b3fc033d00dad5ccb6b9f014b4,"Release 1.0.0 (#652)

* Release 1.0.0.rc0

* Update compiled scripts: b8748cc

* Fix labeling config values are not being displayed

* Fix gaps

* DM fix table head fonts

* Fix tags

* Add readme, fix validation error list

* Fix master branch in readme

* Fix header in reamde

* Userpic text color

* Fix contextlog

* Fix INIT command in readme

* Fix more gaps

* Set converter 0.0.25

* Remove mixpanel. Prepare MANIFEST

* Fix manifest. Add pytest for github on python 3.6, 3.7, 3.8

* Fix sentry_sdk import

* Add libxml2 libxslt to apt in tests

* Fix validation errors on config editing

* Update compiled scripts

* Try to fix tests

* Try to fix tests 2

* Fix test requirements

* release v1.0 blog

* Fix contextlog url

* Revert ML examples

* updating blog

* Add windows tests. Remove apt install from tests.yml

* Add data-dir option and default system specific app dir

* Fix 1.0.0 announcement on main page

* Suppress action register prints

* Enable non debug mode by default

* Update index.ejs

small style change

* Tiny fix for buttons in Account

* Fix user account curl update on token renew

* Add deployment files

* Move frontend => label_studio/frontend

* Fix version, manifest and python requires

* Add files via upload

* Update release-100.md

updating correct git

* Replace null => [] in annotators

* Fix annotators in backend

* Squashed commit of the following:

commit beeea6ba9f79bcc0eac42085543b667576ea4ac7
Merge: eb5e3da 2b5f9f1
Author: makseq-msi3 <makseq@gmail.com>
Date:   Mon Mar 15 20:51:39 2021 +0300

    Merge branch 'release/1.0.0' into feature/dockerfiles

commit eb5e3da2a7c361d8cfd2f8371af080c3112ab73e
Author: root <root@ip-172-31-7-241.eu-central-1.compute.internal>
Date:   Mon Mar 15 17:38:33 2021 +0000

    add more files

commit cd7c02b2d7cff22fa39a395a34f8fee9a59860ad
Author: Anton Timofeev <anton@heartex.com>
Date:   Mon Mar 15 14:07:58 2021 +0000

    remove errors

commit e10191b5802de886117304bc9f6de45f24c5be5b
Author: Anton Timofeev <anton@heartex.com>
Date:   Mon Mar 15 14:02:13 2021 +0000

    remove postgres data

commit bcecd33bb40d52305bc76b629c779ab7de035303
Merge: b25923a 269f130
Author: Anton Timofeev <anton@heartex.com>
Date:   Mon Mar 15 14:01:42 2021 +0000

    fix

commit b25923a232b5b7e6dcede7d719721814dde11dc3
Author: Anton Timofeev <anton@heartex.com>
Date:   Mon Mar 15 13:59:16 2021 +0000

    remove postgres files

commit 05680d60d894ef2543037f74b478b14f9dca803b
Author: hlomzik <hlomzik@gmail.com>
Date:   Mon Mar 15 15:34:34 2021 +0300

    Fix more gaps

commit a7e3c7a83164a32edc98ef2408ccaf6c6f3c7d50
Author: nik <nik@heartex.net>
Date:   Mon Mar 15 15:18:29 2021 +0300

    Fix INIT command in readme

commit 62b735f56f5b29a507be70288e32462032eb2301
Author: Nikita Skryabin <nr@fenelon.ru>
Date:   Mon Mar 15 15:14:41 2021 +0300

    Userpic text color

commit 9e5e3f183ad865f05bbaa26ef2f2a2ed4aa1235c
Author: nik <nik@heartex.net>
Date:   Mon Mar 15 15:16:08 2021 +0300

    Fix contextlog

commit 70d7b68ae524eb59f56b171caeaa5ef5c6b53cb6
Author: nik <nik@heartex.net>
Date:   Mon Mar 15 15:13:45 2021 +0300

    Fix header in reamde

commit 4c5d3cc37efdd871a83d2493826d69c56bdec39a
Author: nik <nik@heartex.net>
Date:   Mon Mar 15 15:12:29 2021 +0300

    Fix master branch in readme

commit 9b30ed1a9cd3b1c147bfa62e67e81a5b96587182
Author: Nikita Skryabin <nr@fenelon.ru>
Date:   Mon Mar 15 14:43:12 2021 +0300

    Fix tags

commit f461cccac730e170ac7be6b0a2902d7ec25ac282
Author: Nikita Skryabin <nr@fenelon.ru>
Date:   Mon Mar 15 14:30:12 2021 +0300

    DM fix table head fonts

commit 541dbb06d3ff3f86e468800e1ee61f7a09517442
Author: Nikita Skryabin <nr@fenelon.ru>
Date:   Mon Mar 15 14:16:36 2021 +0300

    Fix gaps

commit 5c3e49e805cc319703222205eaefd38fe978d22a
Author: Nikita Skryabin <nr@fenelon.ru>
Date:   Mon Mar 15 13:52:13 2021 +0300

    Fix labeling config values are not being displayed

commit 93f8180b5772fdef219bf4b96320bbbbf43eb1a5
Author: nik <nik@heartex.net>
Date:   Mon Mar 15 15:02:35 2021 +0300

    Add readme, fix validation error list

commit 359c15c450604cef9d6233d408bb5ba2314ea9bd
Author: Anton Timofeev <anton@heartex.com>
Date:   Mon Mar 15 12:25:54 2021 +0000

    add CMD to dockerfile

commit 3a001447aecf1d77a9c0a27713626e9d4db6f771
Author: Anton Timofeev <anton@heartex.com>
Date:   Mon Mar 15 12:22:06 2021 +0000

    Add files for dockercompose

commit 269f130a2cd9199f97f35aad9c614d1e48619b4f
Author: Anton Timofeev <anton@heartex.com>
Date:   Mon Mar 15 12:25:54 2021 +0000

    add CMD to dockerfile

commit 46dbe524dfd66c76bf28f0385151d8a586f2d837
Author: Anton Timofeev <anton@heartex.com>
Date:   Mon Mar 15 12:22:06 2021 +0000

    Add files for dockercompose

* Fix paths for frontend in nginx

* Fix sentry sdk

* Change to rc1, remove redundant log

* Add uploaded file migration for old projects

* Filter data with $

* Update to rc2

* Fix last activity from the future

* Add dockerignore

* Fix launch commands in readme and frontpage

* Minor README updates

* Update tests.yml

* Fix undefined substitiution in ordering

* Updating for new python support

3.9 is now supported

* Hide user password during typing

* Add django shell command

* Add Windows SQLite fix. Add FileUpload fix in data_import view

* Fix task switch on submit in DM in labeling mode

* Remove 3.9 python from windows test

* Exit after SQLite DLL copying to restart LS

* Try fix windows tests

* Fix test yaml

* Fix windows tests: ls init with username and password

* Try to fix tests

* Fix copy sqlite3.dll into label_studio

* Try copy sqlite to python dlls

* Try another one

* Change cp syntax

* Fix filling user in migrated annotations

* Update version to rc3

* Fix User.last_activity received a naive datetime warning

* Include static_build in manifest, update version to rc5

* Add ordering and filters undefined data column tests

* Fix newlines in error messages

* Fix ml api urls, messages for ml validation

* Add persistent storage for DB and uploads. Allow to rewrite static files (#654)

Co-authored-by: Anton Timofeev <anton@heartex.com>

* Update ML backend state on page load

* Fix tests

* Suppress pypi version request in api

* Fix MenuItem component to support empty href

* Fix ML settings

* Update to rc6

* Fix ML double loading

* Fix DM empty filters on column name changes

* Add sys platform

* Add more info

* Remove sampling from old init

* Add sqlite dlls to package

* Remove extra dot on export

* Add exception handler for resolver

Co-authored-by: makseq-msi3 <makseq@gmail.com>
Co-authored-by: Nikita Skryabin <nr@fenelon.ru>
Co-authored-by: nik <nik@heartex.net>
Co-authored-by: hlomzik <hlomzik@gmail.com>
Co-authored-by: Michael <michael@Michaels-MBP.hsd1.ca.comcast.net>
Co-authored-by: Sergei Ivashchenko <triklozoid@gmail.com>
Co-authored-by: Michael Malyuk <mikhail.maluyk@gmail.com>
Co-authored-by: smoreface <smoreface@users.noreply.github.com>
Co-authored-by: Anton Timofeev <anton@heartex.com>",2021-03-16 16:35:35+00:00,MODIFY,375.0,375.0,1eac65ee988d10fc42363607c9839b6e1acf65f9,2021-03-16T16:37:39Z,2019-06-19T02:00:44Z,label_studio/data_import/uploader.py,1.0,1.0,1.0,1.0,enhancement
pyannote/pyannote-audio,/home/gilberto-1/github/wrapper_code_smile/output_analysis/1735243578.6335516/pyannotepyannote-audio_analysis/40e34199d92ae8942e16703871c2d79682d32948/input/modified/pyannote/audio/applications/speaker_embedding.py,columns_and_datatype_not_explicitly_set,1,454,602.0,94bd728544af552a8f310e10f7a1a6c527ab9b0f,feat: add support for feature normalization,2017-11-24 15:11:11+00:00,MODIFY,608.0,1765.0,c5de4f2f7e3a47dfbc6c4644af409a43ff22a09c,2020-11-25T08:34:51Z,2016-03-07T17:26:15Z,pyannote/audio/applications/speaker_embedding.py,1.0,0.0,1.0,1.0,new_feature
pyannote/pyannote-audio,/home/gilberto-1/github/wrapper_code_smile/output_analysis/1735243578.6335516/pyannotepyannote-audio_analysis/a33233e479c13212f08ade20c2e57da34872a5c2/input/modified/pyannote/audio/applications/speaker_embedding.py,columns_and_datatype_not_explicitly_set,1,458,524.0,4aed62cc840020ad08103687750ee2c8d5ee20c7,fix: fix in-place dropna/sort_index,2017-07-12 09:37:33+00:00,MODIFY,525.0,1765.0,c5de4f2f7e3a47dfbc6c4644af409a43ff22a09c,2020-11-25T08:34:51Z,2016-03-07T17:26:15Z,pyannote/audio/applications/speaker_embedding.py,0.0,1.0,0.0,0.0,bug_fixing
pyannote/pyannote-audio,/home/gilberto-1/github/wrapper_code_smile/output_analysis/1735243578.6335516/pyannotepyannote-audio_analysis/9ac1b2cf765fc43e4557cd178471ba83810c5f1a/input/modified/pyannote/audio/applications/speaker_embedding.py,columns_and_datatype_not_explicitly_set,1,435,577.0,db97421875c8222c3efa20332c9f1c8d94012604,feat: add support for validation on speaker verification protocols,2017-11-08 19:21:08+00:00,MODIFY,601.0,1765.0,c5de4f2f7e3a47dfbc6c4644af409a43ff22a09c,2020-11-25T08:34:51Z,2016-03-07T17:26:15Z,pyannote/audio/applications/speaker_embedding.py,1.0,0.0,1.0,0.0,new_feature
pyannote/pyannote-audio,/home/gilberto-1/github/wrapper_code_smile/output_analysis/1735243578.6335516/pyannotepyannote-audio_analysis/4753cd342af76634c3ac14e7c8034ac40b78390c/input/modified/pyannote/audio/core/model.py,pytorch_call_method_misused,1,94,1851.0,682b0a861b5ba75b0a5c200f9863d64f3764c66f,feat: add model introspection and a bunch of tasks,2020-11-08 21:43:13+00:00,MODIFY,1853.0,1853.0,c5de4f2f7e3a47dfbc6c4644af409a43ff22a09c,2020-11-25T08:34:51Z,2016-03-07T17:26:15Z,pyannote/audio/core/model.py,1.0,0.0,0.0,0.0,new_feature
pyannote/pyannote-audio,/home/gilberto-1/github/wrapper_code_smile/output_analysis/1735243578.6335516/pyannotepyannote-audio_analysis/6215195e216d57072358f11d316b1447e98bae5e/input/modified/pyannote/audio/embedding/approaches/arcface_loss.py,pytorch_call_method_misused,1,173,1575.0,55bcf77105abbaa9f775cc7f6e03b993e60d1c09,"BREAKING: refactor pyannote.audio.embedding.approaches

* chore: rename EmbeddingApproach to RepresentationLearning
* feat: inherit from EmbeddingApproach.get_batch_generator
* feat: add per_turn option to all approaches (for aggregation learning)
* BREAKING: remove support for variable length sequences",2020-02-17 16:00:38+00:00,MODIFY,1612.0,1765.0,c5de4f2f7e3a47dfbc6c4644af409a43ff22a09c,2020-11-25T08:34:51Z,2016-03-07T17:26:15Z,pyannote/audio/embedding/approaches/arcface_loss.py,1.0,0.0,1.0,1.0,refactoring
pyannote/pyannote-audio,/home/gilberto-1/github/wrapper_code_smile/output_analysis/1735243578.6335516/pyannotepyannote-audio_analysis/d76e149b42b708ae8f52e358ade03c25d4bc4584/input/modified/pyannote/audio/embedding/approaches/classification.py,pytorch_call_method_misused,1,160,1583.0,55bcf77105abbaa9f775cc7f6e03b993e60d1c09,"BREAKING: refactor pyannote.audio.embedding.approaches

* chore: rename EmbeddingApproach to RepresentationLearning
* feat: inherit from EmbeddingApproach.get_batch_generator
* feat: add per_turn option to all approaches (for aggregation learning)
* BREAKING: remove support for variable length sequences",2020-02-17 16:00:38+00:00,MODIFY,1612.0,1765.0,c5de4f2f7e3a47dfbc6c4644af409a43ff22a09c,2020-11-25T08:34:51Z,2016-03-07T17:26:15Z,pyannote/audio/embedding/approaches/classification.py,1.0,0.0,1.0,1.0,refactoring
pyannote/pyannote-audio,/home/gilberto-1/github/wrapper_code_smile/output_analysis/1735243578.6335516/pyannotepyannote-audio_analysis/6215195e216d57072358f11d316b1447e98bae5e/input/modified/pyannote/audio/embedding/approaches/contrastive_loss.py,pytorch_call_method_misused,1,125,1575.0,55bcf77105abbaa9f775cc7f6e03b993e60d1c09,"BREAKING: refactor pyannote.audio.embedding.approaches

* chore: rename EmbeddingApproach to RepresentationLearning
* feat: inherit from EmbeddingApproach.get_batch_generator
* feat: add per_turn option to all approaches (for aggregation learning)
* BREAKING: remove support for variable length sequences",2020-02-17 16:00:38+00:00,MODIFY,1612.0,1765.0,c5de4f2f7e3a47dfbc6c4644af409a43ff22a09c,2020-11-25T08:34:51Z,2016-03-07T17:26:15Z,pyannote/audio/embedding/approaches/contrastive_loss.py,1.0,0.0,1.0,1.0,refactoring
pyannote/pyannote-audio,/home/gilberto-1/github/wrapper_code_smile/output_analysis/1735243578.6335516/pyannotepyannote-audio_analysis/94bd728544af552a8f310e10f7a1a6c527ab9b0f/input/modified/pyannote/audio/embedding/approaches/triplet_loss.py,columns_and_datatype_not_explicitly_set,1,184,608.0,e638a4760c0519cac825d9661a3b5f0a928a507c,BREAKING: switch to pytorch as default backend for embeddings,2018-01-20 14:02:37+00:00,MODIFY,705.0,1765.0,c5de4f2f7e3a47dfbc6c4644af409a43ff22a09c,2020-11-25T08:34:51Z,2016-03-07T17:26:15Z,pyannote/audio/embedding/approaches/triplet_loss.py,0.0,0.0,1.0,0.0,enhancement
pyannote/pyannote-audio,/home/gilberto-1/github/wrapper_code_smile/output_analysis/1735243578.6335516/pyannotepyannote-audio_analysis/6215195e216d57072358f11d316b1447e98bae5e/input/modified/pyannote/audio/embedding/approaches/triplet_loss.py,pytorch_call_method_misused,1,361,1575.0,55bcf77105abbaa9f775cc7f6e03b993e60d1c09,"BREAKING: refactor pyannote.audio.embedding.approaches

* chore: rename EmbeddingApproach to RepresentationLearning
* feat: inherit from EmbeddingApproach.get_batch_generator
* feat: add per_turn option to all approaches (for aggregation learning)
* BREAKING: remove support for variable length sequences",2020-02-17 16:00:38+00:00,MODIFY,1612.0,1765.0,c5de4f2f7e3a47dfbc6c4644af409a43ff22a09c,2020-11-25T08:34:51Z,2016-03-07T17:26:15Z,pyannote/audio/embedding/approaches/triplet_loss.py,1.0,0.0,1.0,1.0,refactoring
pyannote/pyannote-audio,/home/gilberto-1/github/wrapper_code_smile/output_analysis/1735243578.6335516/pyannotepyannote-audio_analysis/035368428a11f933aaca66c580164b1d3f2a8162/input/added/pyannote/audio/models/embedding/debug.py,pytorch_call_method_misused,1,70,1902.0,3f17dad7933512399082dcd23b468641981c111c,feat: add segmentation and speaker embedding,2020-12-17 13:05:38+00:00,MODIFY,1903.0,1903.0,c5de4f2f7e3a47dfbc6c4644af409a43ff22a09c,2020-11-25T08:34:51Z,2016-03-07T17:26:15Z,pyannote/audio/models/embedding/debug.py,1.0,0.0,0.0,0.0,new_feature
mozilla/DeepSpeech,/home/gilberto-1/github/wrapper_code_smile/output_analysis/1735158796.965824/mozillaDeepSpeech_analysis/c9e6cbc9581dc9e8e56187a68cbc772c96cfe214/input/modified/DeepSpeech.py,tensor_array_not_used,1,759,2563.0,8e37a5cfb4a10a954bf933098d39e5aef05833e0,Run reset_default_graph before every evaluate,2020-03-17 21:38:51+00:00,MODIFY,2564.0,2907.0,b7abbd9ea95425b97cf9ac861021c40642082de1,2017-11-24T15:30:04Z,2016-06-02T15:04:53Z,DeepSpeech.py,0.0,0.0,0.0,0.0,other
mozilla/DeepSpeech,/home/gilberto-1/github/wrapper_code_smile/output_analysis/1735158796.965824/mozillaDeepSpeech_analysis/51cac1031b69bf07193821fe8b6fbbc97bb9ef8a/input/modified/evaluate.py,columns_and_datatype_not_explicitly_set,1,110,1090.0,44e502e236d676dfcdb3068f6a6d9d1a9d644dd1,Feature caching,2018-09-14 14:14:36+00:00,MODIFY,1119.0,2907.0,b7abbd9ea95425b97cf9ac861021c40642082de1,2017-11-24T15:30:04Z,2016-06-02T15:04:53Z,evaluate.py,1.0,0.0,0.0,0.0,new_feature
mozilla/DeepSpeech,/home/gilberto-1/github/wrapper_code_smile/output_analysis/1735158796.965824/mozillaDeepSpeech_analysis/3d51f0d92eb269118cb1bb2325e991375b76a083/input/modified/util/feeding.py,columns_and_datatype_not_explicitly_set,1,90,925.0,44e502e236d676dfcdb3068f6a6d9d1a9d644dd1,Feature caching,2018-09-14 14:14:36+00:00,MODIFY,1119.0,2907.0,b7abbd9ea95425b97cf9ac861021c40642082de1,2017-11-24T15:30:04Z,2016-06-02T15:04:53Z,util/feeding.py,1.0,0.0,0.0,0.0,new_feature
mozilla/DeepSpeech,/home/gilberto-1/github/wrapper_code_smile/output_analysis/1735158796.965824/mozillaDeepSpeech_analysis/639a68d2aee94a83641491becabf0e5aa39aee96/input/modified/util/feeding.py,columns_and_datatype_not_explicitly_set,1,24,2524.0,6b1d6773de25aaf1c1c157f8c11ecdd727f00c6d,SDB support,2020-03-10 09:32:58+00:00,MODIFY,2534.0,2907.0,b7abbd9ea95425b97cf9ac861021c40642082de1,2017-11-24T15:30:04Z,2016-06-02T15:04:53Z,util/feeding.py,0.0,0.0,1.0,0.0,enhancement
mozilla/DeepSpeech,/home/gilberto-1/github/wrapper_code_smile/output_analysis/1735158796.965824/mozillaDeepSpeech_analysis/bdef35dbb222cd816efa01f58cfa29c287095734/input/modified/util/importers/ldc93s1.py,columns_and_datatype_not_explicitly_set,1,19,443.0,4b2b220b2c43221892ecb46c5fe8f81055915427,Make importers work as independent scripts that generate CSVs with the preprocessed dataset information,2017-04-14 20:24:59+00:00,MODIFY,445.0,2907.0,b7abbd9ea95425b97cf9ac861021c40642082de1,2017-11-24T15:30:04Z,2016-06-02T15:04:53Z,util/importers/ldc93s1.py,0.0,0.0,1.0,1.0,enhancement
mozilla/DeepSpeech,/home/gilberto-1/github/wrapper_code_smile/output_analysis/1735158796.965824/mozillaDeepSpeech_analysis/bdef35dbb222cd816efa01f58cfa29c287095734/input/modified/util/importers/librivox.py,columns_and_datatype_not_explicitly_set,1,34,443.0,4b2b220b2c43221892ecb46c5fe8f81055915427,Make importers work as independent scripts that generate CSVs with the preprocessed dataset information,2017-04-14 20:24:59+00:00,MODIFY,445.0,2907.0,b7abbd9ea95425b97cf9ac861021c40642082de1,2017-11-24T15:30:04Z,2016-06-02T15:04:53Z,util/importers/librivox.py,0.0,0.0,1.0,1.0,enhancement
mozilla/DeepSpeech,/home/gilberto-1/github/wrapper_code_smile/output_analysis/1735158796.965824/mozillaDeepSpeech_analysis/bdef35dbb222cd816efa01f58cfa29c287095734/input/modified/util/importers/ted.py,columns_and_datatype_not_explicitly_set,1,27,443.0,4b2b220b2c43221892ecb46c5fe8f81055915427,Make importers work as independent scripts that generate CSVs with the preprocessed dataset information,2017-04-14 20:24:59+00:00,MODIFY,445.0,2907.0,b7abbd9ea95425b97cf9ac861021c40642082de1,2017-11-24T15:30:04Z,2016-06-02T15:04:53Z,util/importers/ted.py,0.0,0.0,1.0,1.0,enhancement
feast-dev/feast,/home/gilberto-1/github/wrapper_code_smile/output_analysis/1735158796.965824/feast-devfeast_analysis/5b76f9acd9d5b47cd4a37055aa3997a21124277d/input/modified/sdk/python/feast/cli.py,in_place_apis_misused,1,149,1353.0,dbe17b47b3004db45d85e1f94e2920670941234a,"Move spark-related parts to a separate repo (#1307)

Signed-off-by: Oleg Avdeev <oleg.v.avdeev@gmail.com>",2021-02-09 18:16:05+00:00,MODIFY,1437.0,1437.0,c1c71dab1c1eec57110523a25c2ab232691faa6d,2022-08-25T15:31:58Z,2018-12-10T07:20:15Z,sdk/python/feast/cli.py,0.0,0.0,0.0,1.0,refactoring
feast-dev/feast,/home/gilberto-1/github/wrapper_code_smile/output_analysis/1735158796.965824/feast-devfeast_analysis/98e870e5a73aa047fc848db643684b249bf7d7c2/input/modified/sdk/python/feast/client.py,columns_and_datatype_not_explicitly_set,1,428,485.0,b55146b47bcb3c3a6231d2453cce578db8d1df39,Refactored and cleaned up feature retrieval code in Python SDK,2019-10-09 15:08:28+00:00,MODIFY,486.0,1437.0,c1c71dab1c1eec57110523a25c2ab232691faa6d,2022-08-25T15:31:58Z,2018-12-10T07:20:15Z,sdk/python/feast/client.py,1.0,0.0,0.0,1.0,refactoring
feast-dev/feast,/home/gilberto-1/github/wrapper_code_smile/output_analysis/1735158796.965824/feast-devfeast_analysis/b55146b47bcb3c3a6231d2453cce578db8d1df39/input/modified/sdk/python/feast/client.py,columns_and_datatype_not_explicitly_set,1,325,490.0,4bdf17498e0c8058222be6e2e5df19ba75fb1017,"Python SDK enhancements (#264)

* Python SDK enhancements
* Refactor CLI
* Support additional types with tests
* Improve YAML loading
* Improve List type performance
* Fix bug with source handling
* Improve exception handling

* Update Version check for Feast Serving and fix type for get_feature_set

* Add more ""happy path"" unit tests to Python Client

* Fixed type in docs

* Add docs, exception handling, and clean up Feast client

* Add Optional to max_age of feature set

Co-Authored-By: Yu-Xi Lim <thirteen37@users.noreply.github.com>",2019-10-22 15:16:18+00:00,MODIFY,538.0,1437.0,c1c71dab1c1eec57110523a25c2ab232691faa6d,2022-08-25T15:31:58Z,2018-12-10T07:20:15Z,sdk/python/feast/client.py,1.0,1.0,1.0,1.0,enhancement
feast-dev/feast,/home/gilberto-1/github/wrapper_code_smile/output_analysis/1735158796.965824/feast-devfeast_analysis/c1f19127ab5c22dfe67869990480e7e9d8183ab1/input/modified/sdk/python/feast/feature_server.py,columns_and_datatype_not_explicitly_set,1,170,3535.0,61abf894aca7aa52042c40e77f64b49835f4324e,perf: Make /push async (#4650),2024-10-21 13:42:02+00:00,MODIFY,3542.0,3542.0,c1c71dab1c1eec57110523a25c2ab232691faa6d,2022-08-25T15:31:58Z,2018-12-10T07:20:15Z,sdk/python/feast/feature_server.py,0.0,0.0,0.0,0.0,other
feast-dev/feast,/home/gilberto-1/github/wrapper_code_smile/output_analysis/1735158796.965824/feast-devfeast_analysis/3d276240e8943d8df17d44040678cc7531caaf96/input/modified/sdk/python/feast/feature_set.py,in_place_apis_misused,1,336,462.0,391f5f812d7f4db59976a8373dda2198b342252a,Fixed broken ingestion and extended apply method,2019-10-08 14:37:35+00:00,MODIFY,476.0,1437.0,c1c71dab1c1eec57110523a25c2ab232691faa6d,2022-08-25T15:31:58Z,2018-12-10T07:20:15Z,sdk/python/feast/feature_set.py,0.0,1.0,0.0,0.0,bug_fixing
feast-dev/feast,/home/gilberto-1/github/wrapper_code_smile/output_analysis/1735158796.965824/feast-devfeast_analysis/98e870e5a73aa047fc848db643684b249bf7d7c2/input/modified/sdk/python/feast/feature_set.py,columns_and_datatype_not_explicitly_set,1,411,485.0,4bdf17498e0c8058222be6e2e5df19ba75fb1017,"Python SDK enhancements (#264)

* Python SDK enhancements
* Refactor CLI
* Support additional types with tests
* Improve YAML loading
* Improve List type performance
* Fix bug with source handling
* Improve exception handling

* Update Version check for Feast Serving and fix type for get_feature_set

* Add more ""happy path"" unit tests to Python Client

* Fixed type in docs

* Add docs, exception handling, and clean up Feast client

* Add Optional to max_age of feature set

Co-Authored-By: Yu-Xi Lim <thirteen37@users.noreply.github.com>",2019-10-22 15:16:18+00:00,MODIFY,534.0,1437.0,c1c71dab1c1eec57110523a25c2ab232691faa6d,2022-08-25T15:31:58Z,2018-12-10T07:20:15Z,sdk/python/feast/feature_set.py,1.0,1.0,1.0,1.0,enhancement
feast-dev/feast,/home/gilberto-1/github/wrapper_code_smile/output_analysis/1735158796.965824/feast-devfeast_analysis/b509092c7122f85c646a2b9dd86e8f5aaadd21f1/input/modified/sdk/python/feast/feature_store.py,in_place_apis_misused,1,108,1866.0,3f4ef09d90dff0f6ed9b36ac7e201e3a7c7b4fab,"Move apply(dummy_entity) to apply time to ensure it persists in FeatureStore (#1848)

Signed-off-by: Cody Lin <codyl@twitter.com>",2021-09-09 18:40:48+00:00,MODIFY,1869.0,1869.0,c1c71dab1c1eec57110523a25c2ab232691faa6d,2022-08-25T15:31:58Z,2018-12-10T07:20:15Z,sdk/python/feast/feature_store.py,1.0,0.0,0.0,1.0,refactoring
feast-dev/feast,/home/gilberto-1/github/wrapper_code_smile/output_analysis/1735158796.965824/feast-devfeast_analysis/f371c2d1b89bdf7eb3d713aae1b27e0b0595a187/input/modified/sdk/python/feast/feature_store.py,in_place_apis_misused,1,414,1562.0,ec9c4fdfa4c4ff89b543cfec2caa1c6325f17ca5,"Add entity join key and fix entity references (#1429)

* Add entity join key

Signed-off-by: Jacob Klegar <jacob@tecton.ai>

* Fix test

Signed-off-by: Jacob Klegar <jacob@tecton.ai>

* Fix more tests

Signed-off-by: Jacob Klegar <jacob@tecton.ai>

* Simplify online retrieval code

Signed-off-by: Willem Pienaar <git@willem.co>

* Fix linting

Signed-off-by: Willem Pienaar <git@willem.co>

Co-authored-by: Willem Pienaar <git@willem.co>",2021-04-10 21:07:39+00:00,MODIFY,1563.0,1563.0,c1c71dab1c1eec57110523a25c2ab232691faa6d,2022-08-25T15:31:58Z,2018-12-10T07:20:15Z,sdk/python/feast/feature_store.py,1.0,1.0,0.0,0.0,new_feature
feast-dev/feast,/home/gilberto-1/github/wrapper_code_smile/output_analysis/1735158796.965824/feast-devfeast_analysis/a88cd30f7925005db6f7c400b391d5e73d1b00f6/input/modified/sdk/python/feast/feature_store.py,in_place_apis_misused,1,1436,2559.0,8abc2ef76d461b6b4bbd97e2dfdf29c1c335cb80,"feat: Add column reordering to `write_to_offline_store` (#2876)

* Add feature extraction logic to batch writer

Signed-off-by: Felix Wang <wangfelix98@gmail.com>

* Enable StreamProcessor to write to both online and offline stores

Signed-off-by: Felix Wang <wangfelix98@gmail.com>

* Fix incorrect columns error message

Signed-off-by: Felix Wang <wangfelix98@gmail.com>

* Reorder columns in _write_to_offline_store

Signed-off-by: Felix Wang <wangfelix98@gmail.com>

* Make _write_to_offline_store a public method

Signed-off-by: Felix Wang <wangfelix98@gmail.com>

* Import FeatureStore correctly

Signed-off-by: Felix Wang <wangfelix98@gmail.com>

* Remove defaults for `processing_time` and `query_timeout`

Signed-off-by: Felix Wang <wangfelix98@gmail.com>

* Clean up `test_offline_write.py`

Signed-off-by: Felix Wang <wangfelix98@gmail.com>

* Do not do any custom logic for double underscore columns

Signed-off-by: Felix Wang <wangfelix98@gmail.com>

* Lint

Signed-off-by: Felix Wang <wangfelix98@gmail.com>

* Switch entity values for all tests using push sources to not affect other tests

Signed-off-by: Felix Wang <wangfelix98@gmail.com>",2022-06-30 21:02:27+00:00,MODIFY,2606.0,2606.0,c1c71dab1c1eec57110523a25c2ab232691faa6d,2022-08-25T15:31:58Z,2018-12-10T07:20:15Z,sdk/python/feast/feature_store.py,1.0,1.0,1.0,1.0,new_feature
feast-dev/feast,/home/gilberto-1/github/wrapper_code_smile/output_analysis/1735158796.965824/feast-devfeast_analysis/3e313b15efc7fc72d35d70315fc8b7c172fc7993/input/modified/sdk/python/feast/feature_store.py,columns_and_datatype_not_explicitly_set,1,1499,3530.0,61abf894aca7aa52042c40e77f64b49835f4324e,perf: Make /push async (#4650),2024-10-21 13:42:02+00:00,MODIFY,3542.0,3542.0,c1c71dab1c1eec57110523a25c2ab232691faa6d,2022-08-25T15:31:58Z,2018-12-10T07:20:15Z,sdk/python/feast/feature_store.py,0.0,0.0,0.0,0.0,other
feast-dev/feast,/home/gilberto-1/github/wrapper_code_smile/output_analysis/1735158796.965824/feast-devfeast_analysis/69a1d16790b5d248b269428c55e655a122770cc0/input/modified/sdk/python/feast/infra/gcp.py,in_place_apis_misused,1,196,1661.0,25daab38a7ca65e8aa5563f3b9801350b8fe1753,"Don't lose materialization interval tracking when re-applying feature views (#1559)

* Don't lose materialization interval tracking when re-applying feature views

Signed-off-by: Jacob Klegar <jacob@tecton.ai>

* lint

Signed-off-by: Jacob Klegar <jacob@tecton.ai>

* Add a test

Signed-off-by: Jacob Klegar <jacob@tecton.ai>

* lint

Signed-off-by: Jacob Klegar <jacob@tecton.ai>

* Use better error + fix other errors

Signed-off-by: Jacob Klegar <jacob@tecton.ai>",2021-06-07 18:17:52+00:00,MODIFY,1686.0,1686.0,c1c71dab1c1eec57110523a25c2ab232691faa6d,2022-08-25T15:31:58Z,2018-12-10T07:20:15Z,sdk/python/feast/infra/gcp.py,1.0,1.0,0.0,0.0,new_feature
feast-dev/feast,/home/gilberto-1/github/wrapper_code_smile/output_analysis/1735158796.965824/feast-devfeast_analysis/8b3a97a9774fa6a2cefcf64c237a36212a158ab1/input/modified/sdk/python/feast/infra/offline_stores/bigquery.py,in_place_apis_misused,1,179,1756.0,bf557bcb72c7878a16dccb48443bbbe9dc3efa49,"Implement Redshift historical retrieval (#1720)

* Implement Redshift historical retrieval

Signed-off-by: Tsotne Tabidze <tsotne@tecton.ai>

* Fix imports

Signed-off-by: Tsotne Tabidze <tsotne@tecton.ai>

* Fixed get_historical_features where entity_df is a SQL query

Fixed get_historical_features where entity_df is a SQL query, while keeping the utility functions common between Redshift and BigQuery. `infer_event_timestamp_from_entity_df` and `assert_expected_columns_in_entity_df` are now based on the entity schema rather than the dataframe.
I also completely removed the min/max timestamp inference, since those could not be merged (needed to query BigQuery and Redshift). Instead, I moved the logic inside the SQL templates, reducing the code complexity.

Signed-off-by: Tsotne Tabidze <tsotne@tecton.ai>

* Address most of the comments

Signed-off-by: Tsotne Tabidze <tsotne@tecton.ai>

* Update sdk/python/feast/infra/offline_stores/redshift.py

Co-authored-by: Willem Pienaar <6728866+woop@users.noreply.github.com>
Signed-off-by: Tsotne Tabidze <tsotne@tecton.ai>

* Merge common_utils and helpers into utils.py

Signed-off-by: Tsotne Tabidze <tsotne@tecton.ai>

* Add test_historical_retrieval test for Redshift, fix some bugs

Signed-off-by: Tsotne Tabidze <tsotne@tecton.ai>

* Use features instead of feature_refs

Signed-off-by: Tsotne Tabidze <tsotne@tecton.ai>

* Rename utils to offline_utils and add created_timestamp_column

Signed-off-by: Tsotne Tabidze <tsotne@tecton.ai>

Co-authored-by: Willem Pienaar <6728866+woop@users.noreply.github.com>",2021-07-23 16:39:42+00:00,MODIFY,1767.0,1767.0,c1c71dab1c1eec57110523a25c2ab232691faa6d,2022-08-25T15:31:58Z,2018-12-10T07:20:15Z,sdk/python/feast/infra/offline_stores/bigquery.py,1.0,1.0,1.0,1.0,new_feature
feast-dev/feast,/home/gilberto-1/github/wrapper_code_smile/output_analysis/1735158796.965824/feast-devfeast_analysis/161547b167c7a9b2d53517d498acbe50d9298a40/input/added/sdk/python/feast/infra/offline_stores/contrib/ibis_offline_store/ibis.py,in_place_apis_misused,1,145,3151.0,3980e0c9a762a6ec3bcee5a0e9cdf532994bb1c9,"feat: Rewrite ibis point-in-time-join w/o feast abstractions (#4023)

* feat: refactor ibis point-in-time-join

Signed-off-by: tokoko <togurg14@freeuni.edu.ge>

* fix formatting, linting

Signed-off-by: tokoko <togurg14@freeuni.edu.ge>

---------

Signed-off-by: tokoko <togurg14@freeuni.edu.ge>",2024-03-30 10:32:34+00:00,MODIFY,3193.0,3193.0,c1c71dab1c1eec57110523a25c2ab232691faa6d,2022-08-25T15:31:58Z,2018-12-10T07:20:15Z,sdk/python/feast/infra/offline_stores/contrib/ibis_offline_store/ibis.py,1.0,1.0,0.0,1.0,new_feature
feast-dev/feast,/home/gilberto-1/github/wrapper_code_smile/output_analysis/1735158796.965824/feast-devfeast_analysis/9284a5053d5a0dfc37fcbc139900b2a3df4a432e/input/modified/sdk/python/feast/infra/offline_stores/contrib/mssql_offline_store/mssql.py,in_place_apis_misused,1,261,3302.0,7914cbdaffeade727cf3cee538cf128cbfd86e06,"feat: Port mssql contrib offline store to ibis (#4360)

port mssql offline store to ibis

Signed-off-by: tokoko <togurg14@freeuni.edu.ge>",2024-07-18 21:46:43+00:00,MODIFY,3378.0,3378.0,c1c71dab1c1eec57110523a25c2ab232691faa6d,2022-08-25T15:31:58Z,2018-12-10T07:20:15Z,sdk/python/feast/infra/offline_stores/contrib/mssql_offline_store/mssql.py,1.0,0.0,0.0,0.0,new_feature
feast-dev/feast,/home/gilberto-1/github/wrapper_code_smile/output_analysis/1735158796.965824/feast-devfeast_analysis/9284a5053d5a0dfc37fcbc139900b2a3df4a432e/input/modified/sdk/python/feast/infra/offline_stores/contrib/trino_offline_store/trino.py,columns_and_datatype_not_explicitly_set,1,453,3302.0,d2ba4ef97c6e8cc9ea9449b97e95631bfcb459ca,"chore: Update packages and fix lint issues (#4790)

* chore: Updated testcontainers to support MilvusContainer

Signed-off-by: Francisco Javier Arceo <farceo@redhat.com>

* downgraded

Signed-off-by: Francisco Javier Arceo <farceo@redhat.com>

* updating libraries to downgrade singlestore to 1.7.2

Signed-off-by: Francisco Javier Arceo <farceo@redhat.com>

* fixing lint issues post package upgrades

Signed-off-by: Francisco Javier Arceo <farceo@redhat.com>

* downgraded pyarrow

Signed-off-by: Francisco Javier Arceo <farceo@redhat.com>

---------

Signed-off-by: Francisco Javier Arceo <farceo@redhat.com>",2024-11-26 15:48:03+00:00,MODIFY,3614.0,3614.0,c1c71dab1c1eec57110523a25c2ab232691faa6d,2022-08-25T15:31:58Z,2018-12-10T07:20:15Z,sdk/python/feast/infra/offline_stores/contrib/trino_offline_store/trino.py,0.0,1.0,1.0,0.0,enhancement
feast-dev/feast,/home/gilberto-1/github/wrapper_code_smile/output_analysis/1735158796.965824/feast-devfeast_analysis/6b8e96c982a50587a13216666085fc61494cdfc9/input/modified/sdk/python/feast/infra/offline_stores/snowflake.py,columns_and_datatype_not_explicitly_set,1,483,3137.0,1cc94f2d23f88e0d9412b2fab8761abc81f5d35c,"fix: Bugfix for grabbing historical data from Snowflake with array type features. (#3964)

Bugfix for grabbing historical data from Snowflake with array type features that are null for an entity.



Update docs to reflect array support in Snowflake

Signed-off-by: john.lemmon <john.lemmon@medely.com>",2024-02-22 04:50:37+00:00,MODIFY,3139.0,3139.0,c1c71dab1c1eec57110523a25c2ab232691faa6d,2022-08-25T15:31:58Z,2018-12-10T07:20:15Z,sdk/python/feast/infra/offline_stores/snowflake.py,1.0,1.0,1.0,0.0,bug_fixing
feast-dev/feast,/home/gilberto-1/github/wrapper_code_smile/output_analysis/1735158796.965824/feast-devfeast_analysis/f2d4db5bbdb5669ae95cb4a45fefb5de09d4c9ed/input/modified/sdk/python/feast/loaders/ingest.py,in_place_apis_misused,1,132,674.0,437b3508d216abcadc669cbb038c086dae6ab99b,Rebasing changes (#355),2019-12-22 03:23:29+00:00,MODIFY,682.0,1437.0,c1c71dab1c1eec57110523a25c2ab232691faa6d,2022-08-25T15:31:58Z,2018-12-10T07:20:15Z,sdk/python/feast/loaders/ingest.py,0.0,0.0,1.0,0.0,enhancement
feast-dev/feast,/home/gilberto-1/github/wrapper_code_smile/output_analysis/1735158796.965824/feast-devfeast_analysis/31b9ca49b57c7f7e6e51a535d677e117e1997dbe/input/modified/sdk/python/feast/loaders/ingest.py,columns_and_datatype_not_explicitly_set,1,180,638.0,2abeabde011737e0bcb1d97f79d976f718b90321,"Add minimal implementation of ingesting Parquet and CSV files (#327)

* [WIP] Ingest Parquet in chunks

* [WIP] Added iterator to create chunk of feature rows given pyarrow table

* [WIP] Removed unused ingest_file in ingest.py

* [WIP] Standardised docstring to use reStructuredText format with type

* [WIP] Adding missing required module (pyarrow)

* [WIP] Removed circular dependency to fix tests

* [WIP] Removed circular dependency (Removed import FeatureSet)

* [WIP] Reverting changes

* [WIP] Re-implementing ingestion of parquet and csv files

* Upgrade type inference to use value types instead of column types

* Fix bug in applying a new feature set from a dataframe not returning a feature set

* Upgrade ingestion to use a queue

* Implement column value type inference

* Add e2e test for file based ingestion

* [WIP] Changing string for easier debugging

* Merge ingest and ingest_file methods on Feast client

* Fixed typo in typing

* Remove dataframe keyword from tests

* Add all_types_parquet.yaml

* Fix broken tests for new ingestion client",2019-12-01 11:56:45+00:00,MODIFY,654.0,1437.0,c1c71dab1c1eec57110523a25c2ab232691faa6d,2022-08-25T15:31:58Z,2018-12-10T07:20:15Z,sdk/python/feast/loaders/ingest.py,1.0,1.0,1.0,1.0,new_feature
feast-dev/feast,/home/gilberto-1/github/wrapper_code_smile/output_analysis/1735158796.965824/feast-devfeast_analysis/7f1557b348b7935e3586c90c8dec15fdf6cd8665/input/modified/sdk/python/feast/on_demand_feature_view.py,columns_and_datatype_not_explicitly_set,1,572,3202.0,54c608068a3bf8911546161ceea911c4d2f463af,"chore: Adding more tests for On Demand Feature Views (#4069)

* checking in progress...trying to fix tests

Signed-off-by: Francisco Javier Arceo <franciscojavierarceo@users.noreply.github.com>

* testing more...

Signed-off-by: Francisco Javier Arceo <franciscojavierarceo@users.noreply.github.com>

* fixed

Signed-off-by: Francisco Javier Arceo <franciscojavierarceo@users.noreply.github.com>

* fixed some tests

Signed-off-by: Francisco Javier Arceo <franciscojavierarceo@users.noreply.github.com>

* fixed test and serialization

Signed-off-by: Francisco Javier Arceo <franciscojavierarceo@users.noreply.github.com>

* removed commented out code

Signed-off-by: Francisco Javier Arceo <franciscojavierarceo@users.noreply.github.com>

* lint

Signed-off-by: Francisco Javier Arceo <franciscojavierarceo@users.noreply.github.com>

* added a test to make it explicit that feature calculation must happen on a list

Signed-off-by: Francisco Javier Arceo <franciscojavierarceo@users.noreply.github.com>

* linter

Signed-off-by: Francisco Javier Arceo <franciscojavierarceo@users.noreply.github.com>

---------

Signed-off-by: Francisco Javier Arceo <franciscojavierarceo@users.noreply.github.com>",2024-04-04 14:16:16+00:00,MODIFY,3205.0,3205.0,c1c71dab1c1eec57110523a25c2ab232691faa6d,2022-08-25T15:31:58Z,2018-12-10T07:20:15Z,sdk/python/feast/on_demand_feature_view.py,1.0,1.0,1.0,1.0,new_feature
feast-dev/feast,/home/gilberto-1/github/wrapper_code_smile/output_analysis/1735158796.965824/feast-devfeast_analysis/9b98eafccbf39b41186bfb3ebd36af20d57bd509/input/modified/sdk/python/feast/on_demand_feature_view.py,columns_and_datatype_not_explicitly_set,1,411,3183.0,73bc85351a9202d3db93907e8206d68123ee5baa,feat: Adding support for Native Python feature transformations for ODFVs (#4045),2024-03-28 21:13:58+00:00,MODIFY,3189.0,3189.0,c1c71dab1c1eec57110523a25c2ab232691faa6d,2022-08-25T15:31:58Z,2018-12-10T07:20:15Z,sdk/python/feast/on_demand_feature_view.py,1.0,0.0,1.0,1.0,new_feature
feast-dev/feast,/home/gilberto-1/github/wrapper_code_smile/output_analysis/1735158796.965824/feast-devfeast_analysis/5dbb66ef513e6c18a74b97ff2c373b3b2f3bf2ff/input/modified/sdk/python/feast/sdk/client.py,columns_and_datatype_not_explicitly_set,2,353,106.0,2718eda19bfdbdec74b0f499acbc2bbed9f4fa0c,"Remove historical feature in serving store (#87)

* Change serving to only get latest value of feature

* Update golang generated code

* Update python SDK

* Refactor python SDK

* Remove server-side timestamp filter

* Include timestamp filter in Python sdk

* Update generated go file

* Use datetime type for time range filter",2019-02-26 07:26:16+00:00,MODIFY,112.0,1437.0,c1c71dab1c1eec57110523a25c2ab232691faa6d,2022-08-25T15:31:58Z,2018-12-10T07:20:15Z,sdk/python/feast/sdk/client.py,1.0,0.0,1.0,1.0,enhancement
jaakkopasanen/AutoEq,/home/gilberto-1/github/wrapper_code_smile/output_analysis/1735158796.965824/jaakkopasanenAutoEq_analysis/71532835d28ccafd1875828fe560534a87695e2c/input/modified/autoeq/frequency_response.py,columns_and_datatype_not_explicitly_set,1,179,783.0,93f3bea4542ca80ac2795c55c357e4ef79dbbc6f,Moved CSV operations from frequency_response.py to autoeq/csv.py. Made the CSV reading more flexible. Added tests for the new CSV utils.,2023-10-14 11:37:29+00:00,MODIFY,788.0,788.0,,,2018-03-04T16:37:35Z,autoeq/frequency_response.py,1.0,0.0,0.0,1.0,refactoring
jaakkopasanen/AutoEq,/home/gilberto-1/github/wrapper_code_smile/output_analysis/1735158796.965824/jaakkopasanenAutoEq_analysis/d11af17b3c1919c6411bf581297018db342aab4e/input/modified/frequency_response.py,in_place_apis_misused,1,1228,95.0,2b2e713e34e9526847f7cb9e02da5223be6c6dfb,Removed default compensation path and fixed output path handling.,2018-08-05 10:24:08+00:00,MODIFY,103.0,788.0,,,2018-03-04T16:37:35Z,frequency_response.py,0.0,1.0,1.0,1.0,enhancement
jaakkopasanen/AutoEq,/home/gilberto-1/github/wrapper_code_smile/output_analysis/1735158796.965824/jaakkopasanenAutoEq_analysis/9683144b53cfcca6b9aa0f2074c64c5f8b7f8aec/input/added/measurements/index.py,columns_and_datatype_not_explicitly_set,1,33,319.0,7cc151a8b1b5a244505d19d2e2694fb2cecacad5,Crawler class for handling all crawling related tasks. Inherited crawlers for Rtings and oratory1990. Method on Index class for initializing from measurements data folder files. New Rtings measurements and pre-computed results. Name fixes. Fixed name handling with file names that contain dots.,2020-03-01 13:35:54+00:00,MODIFY,322.0,788.0,,,2018-03-04T16:37:35Z,measurements/index.py,1.0,1.0,0.0,0.0,new_feature
jaakkopasanen/AutoEq,/home/gilberto-1/github/wrapper_code_smile/output_analysis/1735158796.965824/jaakkopasanenAutoEq_analysis/11f115d36f2b4f83d9720d7601d15b36e5abe410/input/modified/measurements/name_index.py,columns_and_datatype_not_explicitly_set,1,29,800.0,6e0a2d375b436032523808690ff36c293ef01fa9,Reworked NameIndex to use dict indexes to store items instead of Pandas DataFrame.,2023-10-19 17:21:31+00:00,MODIFY,801.0,801.0,,,2018-03-04T16:37:35Z,measurements/name_index.py,0.0,0.0,0.0,1.0,refactoring
mindsdb/mindsdb,/home/gilberto-1/github/wrapper_code_smile/output_analysis/1735243578.6335516/mindsdbmindsdb_analysis/e5755fd1dae6bd9a569e2e3d3f6a2284fa733128/input/modified/mindsdb/api/executor/datahub/datanodes/information_schema_datanode.py,columns_and_datatype_not_explicitly_set,1,731,18192.0,5e380d7f9586cd7c629ab0070cf4511acd55a0e5,fixes,2024-05-09 15:15:02+00:00,MODIFY,18194.0,18194.0,53de149cfb192a63b1873d5dd8505e7d8dc0d723,2023-10-11T22:09:50Z,2018-08-02T17:56:45Z,mindsdb/api/executor/datahub/datanodes/information_schema_datanode.py,0.0,1.0,0.0,0.0,bug_fixing
mindsdb/mindsdb,/home/gilberto-1/github/wrapper_code_smile/output_analysis/1735243578.6335516/mindsdbmindsdb_analysis/af74dacf944c07b444e99b21b10ca43c1fb5e518/input/modified/mindsdb/api/executor/datahub/datanodes/information_schema_datanode.py,columns_and_datatype_not_explicitly_set,1,639,17433.0,c31661256ad9c1455305d19b58433b01bee3f6e3,"Add Support for Querying Agents via SQL (#8856)

* Update langchain requirements

* Moved executor test util methods to base class

* Added langchain debug logging & changed run (deprecated) to invoke

* flake8 fixes

* Rename test class

* Clean up test

* Prefer testing with gpt-4-0125-preview

* Default to latest gpt-4

* Remove output debug logging on LLM chain end

* Added new POST endpoint for agent completions

* Log dicts properly

* Add support for querying agents via SQL

* Flake8 fixes

* Use get_completion in completions REST endpoint

* Remove questions properly in langchain_handler

* Added langchain-core dep

* Moved langchain-core from langchain_handler to main reqs

* Remove unused reqs

* agent behaves as model (#8984)

* agent behaves as model

* flake8

* don't add one more line to response

---------

Co-authored-by: Andrey <andrey@mindsdb.com>",2024-03-22 19:00:57+00:00,MODIFY,17547.0,17547.0,53de149cfb192a63b1873d5dd8505e7d8dc0d723,2023-10-11T22:09:50Z,2018-08-02T17:56:45Z,mindsdb/api/executor/datahub/datanodes/information_schema_datanode.py,1.0,1.0,1.0,1.0,new_feature
mindsdb/mindsdb,/home/gilberto-1/github/wrapper_code_smile/output_analysis/1735243578.6335516/mindsdbmindsdb_analysis/6b11657e899c8704c8bde58fcd88874b2251df63/input/modified/mindsdb/api/executor/datahub/datanodes/information_schema_datanode.py,columns_and_datatype_not_explicitly_set,1,735,17655.0,94265aa0b7a2750b89c18a3757bb8adb19b67fcd,information_schema visible in gui for mindsdb tables,2024-04-01 11:04:04+00:00,MODIFY,17658.0,17658.0,53de149cfb192a63b1873d5dd8505e7d8dc0d723,2023-10-11T22:09:50Z,2018-08-02T17:56:45Z,mindsdb/api/executor/datahub/datanodes/information_schema_datanode.py,0.0,0.0,0.0,1.0,refactoring
mindsdb/mindsdb,/home/gilberto-1/github/wrapper_code_smile/output_analysis/1735243578.6335516/mindsdbmindsdb_analysis/a2ce3ff545912c017efbee280758f44f9c231d5d/input/modified/mindsdb/api/executor/sql_query/result_set.py,columns_and_datatype_not_explicitly_set,1,46,18376.0,6cba1a4029fd6f3ffd791c80af4b4836a2f3a128,Executor refactor for json serialize optimization (#9278),2024-06-14 12:23:01+00:00,MODIFY,18411.0,18411.0,53de149cfb192a63b1873d5dd8505e7d8dc0d723,2023-10-11T22:09:50Z,2018-08-02T17:56:45Z,mindsdb/api/executor/sql_query/result_set.py,0.0,0.0,1.0,1.0,refactoring
mindsdb/mindsdb,/home/gilberto-1/github/wrapper_code_smile/output_analysis/1735243578.6335516/mindsdbmindsdb_analysis/51bcfa947c176ec28ddaa6e7832bdb00a79c7469/input/modified/mindsdb/api/executor/sql_query/result_set.py,in_place_apis_misused,1,212,17308.0,a2ce3ff545912c017efbee280758f44f9c231d5d,Mindsdb optimizations (#9243),2024-06-06 11:01:58+00:00,MODIFY,18343.0,18343.0,53de149cfb192a63b1873d5dd8505e7d8dc0d723,2023-10-11T22:09:50Z,2018-08-02T17:56:45Z,mindsdb/api/executor/sql_query/result_set.py,0.0,0.0,1.0,0.0,enhancement
mindsdb/mindsdb,/home/gilberto-1/github/wrapper_code_smile/output_analysis/1735243578.6335516/mindsdbmindsdb_analysis/691a2b00b2009b20b6c8a9e9475a35789e156a02/input/modified/mindsdb/api/http/namespaces/knowledge_bases.py,in_place_apis_misused,1,78,18719.0,c1137cf794d9e184771c3c1bad46f87d0e882d1f,Add preprocessing support for knowledge base updates (#10035),2024-10-30 02:00:14+00:00,MODIFY,18769.0,18769.0,53de149cfb192a63b1873d5dd8505e7d8dc0d723,2023-10-11T22:09:50Z,2018-08-02T17:56:45Z,mindsdb/api/http/namespaces/knowledge_bases.py,1.0,0.0,1.0,0.0,new_feature
mindsdb/mindsdb,/home/gilberto-1/github/wrapper_code_smile/output_analysis/1735243578.6335516/mindsdbmindsdb_analysis/3c5904307fa3947de2fc9e09cd9c1dec4573d8a0/input/modified/mindsdb/api/mysql/mysql_proxy/classes/sql_query.py,in_place_apis_misused,1,343,6916.0,77a937cbe3fdc22c149556ef21e74b37ae8960b2,fix for tableau: subquery with aliased fields,2022-09-01 08:51:22+00:00,MODIFY,7003.0,7003.0,53de149cfb192a63b1873d5dd8505e7d8dc0d723,2023-10-11T22:09:50Z,2018-08-02T17:56:45Z,mindsdb/api/mysql/mysql_proxy/classes/sql_query.py,0.0,1.0,0.0,0.0,bug_fixing
mindsdb/mindsdb,/home/gilberto-1/github/wrapper_code_smile/output_analysis/1735243578.6335516/mindsdbmindsdb_analysis/d3d1d0611dde2d7308c721e72c7dcc053478d8a0/input/modified/mindsdb/api/mysql/mysql_proxy/classes/sql_query.py,columns_and_datatype_not_explicitly_set,1,826,4884.0,ca0d421c470ea7bde798b8446dc9f7708a907328,sql_query accept ast,2022-02-14 12:24:52+00:00,MODIFY,4914.0,4914.0,53de149cfb192a63b1873d5dd8505e7d8dc0d723,2023-10-11T22:09:50Z,2018-08-02T17:56:45Z,mindsdb/api/mysql/mysql_proxy/classes/sql_query.py,0.0,0.0,0.0,0.0,other
mindsdb/mindsdb,/home/gilberto-1/github/wrapper_code_smile/output_analysis/1735243578.6335516/mindsdbmindsdb_analysis/0d4321a915c5d087ba5ad7cee660617dea07967b/input/modified/mindsdb/api/mysql/mysql_proxy/classes/sql_query.py,in_place_apis_misused,1,295,4900.0,dc7949207fbf3c63b2ba30b68a84b2ee7f2b5e80,test fixes,2022-02-14 17:27:43+00:00,MODIFY,4906.0,4906.0,53de149cfb192a63b1873d5dd8505e7d8dc0d723,2023-10-11T22:09:50Z,2018-08-02T17:56:45Z,mindsdb/api/mysql/mysql_proxy/classes/sql_query.py,0.0,1.0,0.0,0.0,bug_fixing
mindsdb/mindsdb,/home/gilberto-1/github/wrapper_code_smile/output_analysis/1735243578.6335516/mindsdbmindsdb_analysis/207140dba21faea74838406ab293556bae5684bf/input/modified/mindsdb/api/mysql/mysql_proxy/classes/sql_query.py,columns_and_datatype_not_explicitly_set,1,833,4921.0,dc7949207fbf3c63b2ba30b68a84b2ee7f2b5e80,test fixes,2022-02-14 17:27:43+00:00,MODIFY,4928.0,4928.0,53de149cfb192a63b1873d5dd8505e7d8dc0d723,2023-10-11T22:09:50Z,2018-08-02T17:56:45Z,mindsdb/api/mysql/mysql_proxy/classes/sql_query.py,0.0,1.0,0.0,0.0,bug_fixing
mindsdb/mindsdb,/home/gilberto-1/github/wrapper_code_smile/output_analysis/1735243578.6335516/mindsdbmindsdb_analysis/1783eb79d95e44347e66b959c12f5bfd239392e6/input/modified/mindsdb/api/mysql/mysql_proxy/classes/sql_query.py,in_place_apis_misused,1,320,5415.0,f261e4e862d77ad8f7e4a7c068398bd32198133b,merge fixes,2022-05-11 09:07:09+00:00,MODIFY,5535.0,5535.0,53de149cfb192a63b1873d5dd8505e7d8dc0d723,2023-10-11T22:09:50Z,2018-08-02T17:56:45Z,mindsdb/api/mysql/mysql_proxy/classes/sql_query.py,0.0,1.0,0.0,1.0,refactoring
mindsdb/mindsdb,/home/gilberto-1/github/wrapper_code_smile/output_analysis/1735243578.6335516/mindsdbmindsdb_analysis/a71b9d1dca806316cb7973f8cc4f9f15e67f7a1a/input/modified/mindsdb/api/mysql/mysql_proxy/classes/sql_query.py,in_place_apis_misused,1,91,8746.0,602d5dfea04d73c5c8d4f9d43a6e3deb8a945f18,"join multiple tables
https://github.com/mindsdb/mindsdb_sql/issues/246",2022-12-28 09:36:05+00:00,MODIFY,8829.0,8829.0,53de149cfb192a63b1873d5dd8505e7d8dc0d723,2023-10-11T22:09:50Z,2018-08-02T17:56:45Z,mindsdb/api/mysql/mysql_proxy/classes/sql_query.py,0.0,1.0,0.0,0.0,bug_fixing
mindsdb/mindsdb,/home/gilberto-1/github/wrapper_code_smile/output_analysis/1735243578.6335516/mindsdbmindsdb_analysis/a526db83f9db2c331562572dc1f16dfb24b5c907/input/modified/mindsdb/api/mysql/mysql_proxy/classes/sql_query.py,in_place_apis_misused,1,1031,4867.0,51a65fbd0329c99578665bdc79d7c16e35788d71,test fixes,2022-02-07 10:48:57+00:00,MODIFY,4868.0,4868.0,53de149cfb192a63b1873d5dd8505e7d8dc0d723,2023-10-11T22:09:50Z,2018-08-02T17:56:45Z,mindsdb/api/mysql/mysql_proxy/classes/sql_query.py,0.0,1.0,0.0,0.0,bug_fixing
mindsdb/mindsdb,/home/gilberto-1/github/wrapper_code_smile/output_analysis/1735243578.6335516/mindsdbmindsdb_analysis/50a5581f18464e4fdb298206eb78d530ccf12411/input/modified/mindsdb/api/mysql/mysql_proxy/classes/sql_query.py,in_place_apis_misused,2,365,7162.0,0dadd5cecec68f252a08637f695b0e4b573b316f,"support of update command
#2454",2022-09-20 16:09:29+00:00,MODIFY,7179.0,7179.0,53de149cfb192a63b1873d5dd8505e7d8dc0d723,2023-10-11T22:09:50Z,2018-08-02T17:56:45Z,mindsdb/api/mysql/mysql_proxy/classes/sql_query.py,0.0,0.0,1.0,0.0,enhancement
mindsdb/mindsdb,/home/gilberto-1/github/wrapper_code_smile/output_analysis/1735243578.6335516/mindsdbmindsdb_analysis/088b556f0391307e5c33ec6132b5bec5eb03d295/input/modified/mindsdb/api/mysql/mysql_proxy/classes/sql_query.py,columns_and_datatype_not_explicitly_set,5,1378,7275.0,0dadd5cecec68f252a08637f695b0e4b573b316f,"support of update command
#2454",2022-09-20 16:09:29+00:00,MODIFY,7314.0,7314.0,53de149cfb192a63b1873d5dd8505e7d8dc0d723,2023-10-11T22:09:50Z,2018-08-02T17:56:45Z,mindsdb/api/mysql/mysql_proxy/classes/sql_query.py,0.0,0.0,1.0,0.0,enhancement
mindsdb/mindsdb,/home/gilberto-1/github/wrapper_code_smile/output_analysis/1735243578.6335516/mindsdbmindsdb_analysis/c1f75cd0334996baa3fb7c3029de652d5656ac65/input/modified/mindsdb/api/mysql/mysql_proxy/datahub/datanodes/information_schema_datanode.py,in_place_apis_misused,1,220,7113.0,7c02e15aa403a4ca1fa34489dd2df9136d6c961c,"Projects structure (#3532)

Projects structure",2022-10-28 09:24:18+00:00,MODIFY,8106.0,8106.0,53de149cfb192a63b1873d5dd8505e7d8dc0d723,2023-10-11T22:09:50Z,2018-08-02T17:56:45Z,mindsdb/api/mysql/mysql_proxy/datahub/datanodes/information_schema_datanode.py,0.0,0.0,0.0,0.0,other
mindsdb/mindsdb,/home/gilberto-1/github/wrapper_code_smile/output_analysis/1735243578.6335516/mindsdbmindsdb_analysis/5b2b4cbddfae459cdeffd2e954c45f01fccc56a7/input/modified/mindsdb/api/mysql/mysql_proxy/datahub/datanodes/mindsdb_datanode.py,columns_and_datatype_not_explicitly_set,1,117,4987.0,ca143e8a483014a56889a4d0cc50e904ab8e5514,renaming,2022-02-21 07:35:16+00:00,MODIFY,4990.0,4990.0,53de149cfb192a63b1873d5dd8505e7d8dc0d723,2023-10-11T22:09:50Z,2018-08-02T17:56:45Z,mindsdb/api/mysql/mysql_proxy/datahub/datanodes/mindsdb_datanode.py,0.0,0.0,0.0,1.0,refactoring
mindsdb/mindsdb,/home/gilberto-1/github/wrapper_code_smile/output_analysis/1735243578.6335516/mindsdbmindsdb_analysis/ee54d21b3f51eba979a36dadbefc55ada6a230be/input/modified/mindsdb/api/mysql/mysql_proxy/datahub/datanodes/mindsdb_datanode.py,columns_and_datatype_not_explicitly_set,1,145,4043.0,c93a39756697821e5c8af959a268199b97def7fc,new predictors list,2021-09-13 15:34:25+00:00,MODIFY,4048.0,4048.0,53de149cfb192a63b1873d5dd8505e7d8dc0d723,2023-10-11T22:09:50Z,2018-08-02T17:56:45Z,mindsdb/api/mysql/mysql_proxy/datahub/datanodes/mindsdb_datanode.py,1.0,0.0,0.0,0.0,new_feature
mindsdb/mindsdb,/home/gilberto-1/github/wrapper_code_smile/output_analysis/1735243578.6335516/mindsdbmindsdb_analysis/d58542d97e50d20c56bf62564ba02ed5b2a52c20/input/modified/mindsdb/api/mysql/mysql_proxy/datahub/datanodes/mindsdb_datanode.py,columns_and_datatype_not_explicitly_set,2,148,4021.0,dc7a902e7d84c229682d9698afb165caac030fec,changes for new dfsql,2021-09-07 11:28:50+00:00,MODIFY,4030.0,4030.0,53de149cfb192a63b1873d5dd8505e7d8dc0d723,2023-10-11T22:09:50Z,2018-08-02T17:56:45Z,mindsdb/api/mysql/mysql_proxy/datahub/datanodes/mindsdb_datanode.py,1.0,0.0,1.0,0.0,enhancement
mindsdb/mindsdb,/home/gilberto-1/github/wrapper_code_smile/output_analysis/1735243578.6335516/mindsdbmindsdb_analysis/b613b194faa5551d5785710f6600434332c66b53/input/modified/mindsdb/api/mysql/mysql_proxy/datahub/datanodes/mindsdb_datanode.py,Chain_Indexing,1,252,3046.0,181b0028cefec711fb5cff314073ccd458b243ab,fixed external and select query datasource getting in mongo,2021-03-16 20:29:25+00:00,MODIFY,3054.0,3054.0,53de149cfb192a63b1873d5dd8505e7d8dc0d723,2023-10-11T22:09:50Z,2018-08-02T17:56:45Z,mindsdb/api/mysql/mysql_proxy/datahub/datanodes/mindsdb_datanode.py,0.0,1.0,0.0,0.0,bug_fixing
mindsdb/mindsdb,/home/gilberto-1/github/wrapper_code_smile/output_analysis/1735243578.6335516/mindsdbmindsdb_analysis/5c73a3723775adcb414d47bb1b7a195f72591186/input/modified/mindsdb/api/mysql/mysql_proxy/datahub/information_schema.py,in_place_apis_misused,1,32,4622.0,0ea8e6b1a4127e603b8448e1492759288ddf5b81,update ds list on each query,2021-12-23 12:37:23+00:00,MODIFY,4651.0,4651.0,53de149cfb192a63b1873d5dd8505e7d8dc0d723,2023-10-11T22:09:50Z,2018-08-02T17:56:45Z,mindsdb/api/mysql/mysql_proxy/datahub/information_schema.py,0.0,0.0,1.0,0.0,enhancement
mindsdb/mindsdb,/home/gilberto-1/github/wrapper_code_smile/output_analysis/1735243578.6335516/mindsdbmindsdb_analysis/c7c946d150d0ca69160a4866aa2e15494f02cae5/input/modified/mindsdb/api/mysql/mysql_proxy/datahub/information_schema.py,columns_and_datatype_not_explicitly_set,1,149,4032.0,d0853dc9a89e906e588de240f1b375410e4b9db8,reduce output,2021-09-07 11:24:27+00:00,MODIFY,4034.0,4034.0,53de149cfb192a63b1873d5dd8505e7d8dc0d723,2023-10-11T22:09:50Z,2018-08-02T17:56:45Z,mindsdb/api/mysql/mysql_proxy/datahub/information_schema.py,0.0,0.0,0.0,0.0,other
mindsdb/mindsdb,/home/gilberto-1/github/wrapper_code_smile/output_analysis/1735243578.6335516/mindsdbmindsdb_analysis/cea30ed79d3756c76d80c85a0fdc6f9c6c8bb977/input/modified/mindsdb/api/mysql/mysql_proxy/datahub/information_schema.py,columns_and_datatype_not_explicitly_set,2,107,4022.0,44314e0cbe8a0817969cfc6379b0774668cf994b,some other system tables,2021-09-03 13:08:16+00:00,MODIFY,4023.0,4023.0,53de149cfb192a63b1873d5dd8505e7d8dc0d723,2023-10-11T22:09:50Z,2018-08-02T17:56:45Z,mindsdb/api/mysql/mysql_proxy/datahub/information_schema.py,0.0,0.0,0.0,0.0,other
mindsdb/mindsdb,/home/gilberto-1/github/wrapper_code_smile/output_analysis/1735243578.6335516/mindsdbmindsdb_analysis/7d7c32bfd1d32cc436bf643f5c5d337d59ff4e24/input/modified/mindsdb/api/mysql/mysql_proxy/executor/executor_commands.py,in_place_apis_misused,1,642,11677.0,fbbb9ee76557341778ab81937a22577ce4b4e8e5,missed parts,2023-05-17 19:39:19+00:00,MODIFY,11680.0,11680.0,53de149cfb192a63b1873d5dd8505e7d8dc0d723,2023-10-11T22:09:50Z,2018-08-02T17:56:45Z,mindsdb/api/mysql/mysql_proxy/executor/executor_commands.py,0.0,0.0,0.0,0.0,other
mindsdb/mindsdb,/home/gilberto-1/github/wrapper_code_smile/output_analysis/1735243578.6335516/mindsdbmindsdb_analysis/7c6cb104ac83f0a61e2d5f94c9a8de93844f0ec8/input/modified/mindsdb/api/mysql/mysql_proxy/executor/executor_commands.py,in_place_apis_misused,1,736,7972.0,7c02e15aa403a4ca1fa34489dd2df9136d6c961c,"Projects structure (#3532)

Projects structure",2022-10-28 09:24:18+00:00,MODIFY,8171.0,8171.0,53de149cfb192a63b1873d5dd8505e7d8dc0d723,2023-10-11T22:09:50Z,2018-08-02T17:56:45Z,mindsdb/api/mysql/mysql_proxy/executor/executor_commands.py,0.0,0.0,0.0,0.0,other
mindsdb/mindsdb,/home/gilberto-1/github/wrapper_code_smile/output_analysis/1735243578.6335516/mindsdbmindsdb_analysis/42a3c335873796d5f09de5db5002d6f83e85b81c/input/modified/mindsdb/api/mysql/mysql_proxy/executor/executor_commands.py,in_place_apis_misused,1,682,15942.0,7fb113c20f679fbe4f3404e896b17fad715e383f,review updates,2023-11-20 08:18:47+00:00,MODIFY,15957.0,15957.0,53de149cfb192a63b1873d5dd8505e7d8dc0d723,2023-10-11T22:09:50Z,2018-08-02T17:56:45Z,mindsdb/api/mysql/mysql_proxy/executor/executor_commands.py,0.0,0.0,1.0,0.0,enhancement
mindsdb/mindsdb,/home/gilberto-1/github/wrapper_code_smile/output_analysis/1735243578.6335516/mindsdbmindsdb_analysis/51b72d9a0059d9c7e70e0cf0078c2610cbcab00d/input/modified/mindsdb/api/mysql/mysql_proxy/executor/executor_commands.py,in_place_apis_misused,1,901,8465.0,4c1e71a4603539bc9eab35f427027ed5b2991d44,functions company_id,2022-11-21 10:58:43+00:00,MODIFY,8498.0,8498.0,53de149cfb192a63b1873d5dd8505e7d8dc0d723,2023-10-11T22:09:50Z,2018-08-02T17:56:45Z,mindsdb/api/mysql/mysql_proxy/executor/executor_commands.py,0.0,0.0,0.0,0.0,other
mindsdb/mindsdb,/home/gilberto-1/github/wrapper_code_smile/output_analysis/1735243578.6335516/mindsdbmindsdb_analysis/08d8766e4c59269905ea4dcdb9a415745ff472df/input/modified/mindsdb/api/mysql/mysql_proxy/mysql_proxy.py,in_place_apis_misused,1,1818,4225.0,def0ed794bbb72f5afb4106443ec1ec202b9732c,one row 'select' processing,2021-10-14 11:04:35+00:00,MODIFY,4226.0,4226.0,53de149cfb192a63b1873d5dd8505e7d8dc0d723,2023-10-11T22:09:50Z,2018-08-02T17:56:45Z,mindsdb/api/mysql/mysql_proxy/mysql_proxy.py,0.0,0.0,0.0,0.0,other
mindsdb/mindsdb,/home/gilberto-1/github/wrapper_code_smile/output_analysis/1735243578.6335516/mindsdbmindsdb_analysis/7db75ce5527496bb58a154aa333b8db808c651d0/input/modified/mindsdb/api/mysql/mysql_proxy/mysql_proxy.py,in_place_apis_misused,1,328,4567.0,0a9bfc02c3da7dc9f77ce98fdc470aae861cc099,del answer_table_query,2021-12-02 13:35:05+00:00,MODIFY,4568.0,4568.0,53de149cfb192a63b1873d5dd8505e7d8dc0d723,2023-10-11T22:09:50Z,2018-08-02T17:56:45Z,mindsdb/api/mysql/mysql_proxy/mysql_proxy.py,0.0,0.0,0.0,0.0,other
mindsdb/mindsdb,/home/gilberto-1/github/wrapper_code_smile/output_analysis/1735243578.6335516/mindsdbmindsdb_analysis/8aa7aaf687d9213c1dbfa6b702a4fac3d15e140f/input/modified/mindsdb/api/mysql/mysql_proxy/mysql_proxy.py,in_place_apis_misused,1,2129,5104.0,16e8942adb93ddf37afc56bb054e2801288cec48,fix,2022-03-22 13:56:38+00:00,MODIFY,5109.0,5109.0,53de149cfb192a63b1873d5dd8505e7d8dc0d723,2023-10-11T22:09:50Z,2018-08-02T17:56:45Z,mindsdb/api/mysql/mysql_proxy/mysql_proxy.py,0.0,1.0,0.0,0.0,bug_fixing
mindsdb/mindsdb,/home/gilberto-1/github/wrapper_code_smile/output_analysis/1735243578.6335516/mindsdbmindsdb_analysis/e67ce1b34ff82c448e147ff99415da5c62c7d613/input/modified/mindsdb/api/mysql/mysql_proxy/mysql_proxy.py,in_place_apis_misused,1,445,5037.0,7f5bee17bc1d6593eb4844e28df0dbe6e333f6e7,bump datasources version,2022-03-05 11:45:35+00:00,MODIFY,5058.0,5058.0,53de149cfb192a63b1873d5dd8505e7d8dc0d723,2023-10-11T22:09:50Z,2018-08-02T17:56:45Z,mindsdb/api/mysql/mysql_proxy/mysql_proxy.py,0.0,0.0,0.0,0.0,other
mindsdb/mindsdb,/home/gilberto-1/github/wrapper_code_smile/output_analysis/1735243578.6335516/mindsdbmindsdb_analysis/ccf4b54bf56df50cb32d76e489be773dd8384c6c/input/modified/mindsdb/api/mysql/mysql_proxy/mysql_proxy.py,in_place_apis_misused,1,655,5476.0,6d858e39d59ae80f8552c8f72f675d44d5492e23,move imports,2022-05-11 20:30:11+00:00,MODIFY,5519.0,5519.0,53de149cfb192a63b1873d5dd8505e7d8dc0d723,2023-10-11T22:09:50Z,2018-08-02T17:56:45Z,mindsdb/api/mysql/mysql_proxy/mysql_proxy.py,0.0,0.0,0.0,1.0,refactoring
mindsdb/mindsdb,/home/gilberto-1/github/wrapper_code_smile/output_analysis/1735243578.6335516/mindsdbmindsdb_analysis/b6a5df138c35864beb9a8c2118ff59a44300a493/input/modified/mindsdb/api/mysql/mysql_proxy/mysql_proxy.py,in_place_apis_misused,1,2145,4926.0,510ed11453928f538d2d284bcc1b30d260460bbb,test fix,2022-02-15 10:52:31+00:00,MODIFY,4930.0,4930.0,53de149cfb192a63b1873d5dd8505e7d8dc0d723,2023-10-11T22:09:50Z,2018-08-02T17:56:45Z,mindsdb/api/mysql/mysql_proxy/mysql_proxy.py,0.0,1.0,0.0,0.0,bug_fixing
mindsdb/mindsdb,/home/gilberto-1/github/wrapper_code_smile/output_analysis/1735243578.6335516/mindsdbmindsdb_analysis/db011c072e5e338860eb63085f847c189d7a3645/input/modified/mindsdb/api/mysql/mysql_proxy/mysql_proxy.py,in_place_apis_misused,1,2107,4663.0,d4d22d8f3502897c1ab767f42cd529a0b34e7e90,new 'insert' for prepared statements,2021-12-28 11:40:59+00:00,MODIFY,4672.0,4672.0,53de149cfb192a63b1873d5dd8505e7d8dc0d723,2023-10-11T22:09:50Z,2018-08-02T17:56:45Z,mindsdb/api/mysql/mysql_proxy/mysql_proxy.py,1.0,0.0,0.0,0.0,new_feature
mindsdb/mindsdb,/home/gilberto-1/github/wrapper_code_smile/output_analysis/1735243578.6335516/mindsdbmindsdb_analysis/713fa0787eefb889dd51215813cb94a28b92ddee/input/modified/mindsdb/api/mysql/mysql_proxy/mysql_proxy.py,columns_and_datatype_not_explicitly_set,1,1495,5100.0,3dc203cce830fa8390a90779ce0ae7431b3714c7,http query api,2022-03-17 13:01:34+00:00,MODIFY,5101.0,5101.0,53de149cfb192a63b1873d5dd8505e7d8dc0d723,2023-10-11T22:09:50Z,2018-08-02T17:56:45Z,mindsdb/api/mysql/mysql_proxy/mysql_proxy.py,0.0,0.0,0.0,0.0,other
mindsdb/mindsdb,/home/gilberto-1/github/wrapper_code_smile/output_analysis/1735243578.6335516/mindsdbmindsdb_analysis/ea20f6c17af469faf3659008c7c39ea026b1021f/input/added/mindsdb/integrations/handlers/access_handler/access_handler.py,columns_and_datatype_not_explicitly_set,1,122,6491.0,2ec15a392bedabfbbecae3fd988059f497c07700,fixed the query method by importing the correct dialect,2022-08-01 16:48:19+00:00,MODIFY,6493.0,6493.0,53de149cfb192a63b1873d5dd8505e7d8dc0d723,2023-10-11T22:09:50Z,2018-08-02T17:56:45Z,mindsdb/integrations/handlers/access_handler/access_handler.py,0.0,1.0,0.0,0.0,bug_fixing
mindsdb/mindsdb,/home/gilberto-1/github/wrapper_code_smile/output_analysis/1735243578.6335516/mindsdbmindsdb_analysis/f381f13a685c1fc511f31d1b012de8fc2fc8e89f/input/modified/mindsdb/integrations/handlers/anyscale_endpoints_handler/anyscale_endpoints_handler.py,in_place_apis_misused,1,117,16657.0,648a875131ec20b68731b422bec3b4e7f6062228,improved anyscale routines for jsonl checking + minor bug fixes for new API,2024-01-04 15:03:23+00:00,MODIFY,16676.0,16676.0,53de149cfb192a63b1873d5dd8505e7d8dc0d723,2023-10-11T22:09:50Z,2018-08-02T17:56:45Z,mindsdb/integrations/handlers/anyscale_endpoints_handler/anyscale_endpoints_handler.py,1.0,1.0,1.0,0.0,enhancement
mindsdb/mindsdb,/home/gilberto-1/github/wrapper_code_smile/output_analysis/1735243578.6335516/mindsdbmindsdb_analysis/68118a2bb52a1dd311491dd004a7bcac2c446633/input/modified/mindsdb/integrations/handlers/apache_doris_handler/apache_doris_handler.py,columns_and_datatype_not_explicitly_set,1,98,14978.0,0ad1c2e4f3f9b6d3b957d88bb6d5c4549ce08389,Change implementation to use MySQL handler,2023-10-16 20:59:55+00:00,MODIFY,14979.0,14979.0,53de149cfb192a63b1873d5dd8505e7d8dc0d723,2023-10-11T22:09:50Z,2018-08-02T17:56:45Z,mindsdb/integrations/handlers/apache_doris_handler/apache_doris_handler.py,1.0,0.0,1.0,0.0,enhancement
mindsdb/mindsdb,/home/gilberto-1/github/wrapper_code_smile/output_analysis/1735243578.6335516/mindsdbmindsdb_analysis/d18cfc9b1358af528702fff140a9e73c0400adfe/input/modified/mindsdb/integrations/handlers/byom_handler/byom_handler.py,columns_and_datatype_not_explicitly_set,1,449,18492.0,c0b4f3cc419f459b77aee0fa49d35cc3fb2d30e5,fix BYOM model creation (#9706),2024-09-10 09:13:33+00:00,MODIFY,18623.0,18623.0,53de149cfb192a63b1873d5dd8505e7d8dc0d723,2023-10-11T22:09:50Z,2018-08-02T17:56:45Z,mindsdb/integrations/handlers/byom_handler/byom_handler.py,1.0,1.0,0.0,0.0,bug_fixing
mindsdb/mindsdb,/home/gilberto-1/github/wrapper_code_smile/output_analysis/1735243578.6335516/mindsdbmindsdb_analysis/127358e125a7963e0cb0c15543c289a2845ae465/input/modified/mindsdb/integrations/handlers/byom_handler/byom_handler.py,in_place_apis_misused,1,139,9218.0,ee274c9d5ceab11449280aa0dbca1503f7048fd2,"modules - different file
try to check code and modules on upload",2023-02-10 08:46:37+00:00,MODIFY,9220.0,9220.0,53de149cfb192a63b1873d5dd8505e7d8dc0d723,2023-10-11T22:09:50Z,2018-08-02T17:56:45Z,mindsdb/integrations/handlers/byom_handler/byom_handler.py,0.0,0.0,0.0,0.0,other
mindsdb/mindsdb,/home/gilberto-1/github/wrapper_code_smile/output_analysis/1735243578.6335516/mindsdbmindsdb_analysis/cf4596a34293f779b28ebfa7f4ddd249906573b8/input/modified/mindsdb/integrations/handlers/chromadb_handler/chromadb_handler.py,in_place_apis_misused,1,213,14013.0,2ebe60f1409a9a57149735c1b16fd049616bc2bc,Refactor chromadb to use vector database common,2023-08-31 18:41:15+00:00,MODIFY,14014.0,14014.0,53de149cfb192a63b1873d5dd8505e7d8dc0d723,2023-10-11T22:09:50Z,2018-08-02T17:56:45Z,mindsdb/integrations/handlers/chromadb_handler/chromadb_handler.py,0.0,0.0,0.0,1.0,refactoring
mindsdb/mindsdb,/home/gilberto-1/github/wrapper_code_smile/output_analysis/1735243578.6335516/mindsdbmindsdb_analysis/f537e562388a868391168bf42c5ca588e7df1f41/input/modified/mindsdb/integrations/handlers/chromadb_handler/chromadb_handler.py,columns_and_datatype_not_explicitly_set,1,208,14001.0,b76fdc12ed6c50c8ccd48ca34958ee7259855bf6,sematic search,2023-08-31 18:41:15+00:00,MODIFY,14002.0,14002.0,53de149cfb192a63b1873d5dd8505e7d8dc0d723,2023-10-11T22:09:50Z,2018-08-02T17:56:45Z,mindsdb/integrations/handlers/chromadb_handler/chromadb_handler.py,0.0,0.0,0.0,0.0,other
mindsdb/mindsdb,/home/gilberto-1/github/wrapper_code_smile/output_analysis/1735243578.6335516/mindsdbmindsdb_analysis/ac9af2343759f6beed312b68878b6946b7d7191c/input/modified/mindsdb/integrations/handlers/chromadb_handler/chromadb_handler.py,in_place_apis_misused,1,323,16260.0,e2fe25768b19271e8acf6dbcc2884895899691f2,"remove pysqlite and some logging, clean up GH actions",2023-12-08 01:31:09+00:00,MODIFY,16374.0,16374.0,53de149cfb192a63b1873d5dd8505e7d8dc0d723,2023-10-11T22:09:50Z,2018-08-02T17:56:45Z,mindsdb/integrations/handlers/chromadb_handler/chromadb_handler.py,0.0,0.0,1.0,1.0,enhancement
mindsdb/mindsdb,/home/gilberto-1/github/wrapper_code_smile/output_analysis/1735243578.6335516/mindsdbmindsdb_analysis/dd66752123ae251e1e759a01f91ab70226b42fa9/input/modified/mindsdb/integrations/handlers/chromadb_handler/chromadb_handler.py,columns_and_datatype_not_explicitly_set,1,202,14010.0,3c20218bbacfaffe1f14b0bb29d25809cf044e12,refactor chroma_handler to decouple embedding,2023-08-31 18:41:15+00:00,MODIFY,14011.0,14011.0,53de149cfb192a63b1873d5dd8505e7d8dc0d723,2023-10-11T22:09:50Z,2018-08-02T17:56:45Z,mindsdb/integrations/handlers/chromadb_handler/chromadb_handler.py,0.0,0.0,0.0,1.0,refactoring
mindsdb/mindsdb,/home/gilberto-1/github/wrapper_code_smile/output_analysis/1735243578.6335516/mindsdbmindsdb_analysis/3ec0bf7160a7df568d7fa083fa25d3d9a29f4f14/input/modified/mindsdb/integrations/handlers/ckan_handler/ckan_handler.py,columns_and_datatype_not_explicitly_set,1,99,16105.0,084f545f0e408ba9798d0569bd150ad5763746d0,Upgrading and migrating CKAN Handler (#9788),2024-10-14 13:12:47+00:00,MODIFY,18679.0,18679.0,53de149cfb192a63b1873d5dd8505e7d8dc0d723,2023-10-11T22:09:50Z,2018-08-02T17:56:45Z,mindsdb/integrations/handlers/ckan_handler/ckan_handler.py,0.0,0.0,1.0,0.0,enhancement
mindsdb/mindsdb,/home/gilberto-1/github/wrapper_code_smile/output_analysis/1735243578.6335516/mindsdbmindsdb_analysis/084f545f0e408ba9798d0569bd150ad5763746d0/input/modified/mindsdb/integrations/handlers/ckan_handler/ckan_handler.py,columns_and_datatype_not_explicitly_set,1,167,18690.0,3888e34bc3f3ffda6e2f10a15721e57e8fb68427,"Upgrading CKAN handler (#9933)

Co-authored-by: Zoran Pandovski <zoran.pandovski@gmail.com>",2024-11-05 11:17:22+00:00,MODIFY,18801.0,18801.0,53de149cfb192a63b1873d5dd8505e7d8dc0d723,2023-10-11T22:09:50Z,2018-08-02T17:56:45Z,mindsdb/integrations/handlers/ckan_handler/ckan_handler.py,0.0,0.0,1.0,0.0,enhancement
mindsdb/mindsdb,/home/gilberto-1/github/wrapper_code_smile/output_analysis/1735243578.6335516/mindsdbmindsdb_analysis/5b8b8fe7e2d59194f4c0fa797b2a991ad028d46e/input/modified/mindsdb/integrations/handlers/clickhouse_handler/clickhouse_handler.py,columns_and_datatype_not_explicitly_set,1,129,7169.0,d900be9b2c6f9c42c778ea5da600da16497d6084,revert changes about handle written http,2022-09-08 12:40:44+00:00,MODIFY,7170.0,7170.0,53de149cfb192a63b1873d5dd8505e7d8dc0d723,2023-10-11T22:09:50Z,2018-08-02T17:56:45Z,mindsdb/integrations/handlers/clickhouse_handler/clickhouse_handler.py,0.0,0.0,1.0,0.0,enhancement
mindsdb/mindsdb,/home/gilberto-1/github/wrapper_code_smile/output_analysis/1735243578.6335516/mindsdbmindsdb_analysis/69a886d6c86bef8212320cd0ba980d3e55fec257/input/modified/mindsdb/integrations/handlers/confluence_handler/confluence_table.py,columns_and_datatype_not_explicitly_set,2,218,16020.0,0efd7e2302bccfbb96b08886357cfe94520310fc,"Updated handler, API tables and README",2023-11-15 12:25:51+00:00,MODIFY,16025.0,16025.0,53de149cfb192a63b1873d5dd8505e7d8dc0d723,2023-10-11T22:09:50Z,2018-08-02T17:56:45Z,mindsdb/integrations/handlers/confluence_handler/confluence_table.py,0.0,0.0,1.0,0.0,enhancement
mindsdb/mindsdb,/home/gilberto-1/github/wrapper_code_smile/output_analysis/1735243578.6335516/mindsdbmindsdb_analysis/719f2e15c4bfa9268e2006239dc24e486acc5461/input/modified/mindsdb/integrations/handlers/elasticsearch_handler/elasticsearch_handler.py,columns_and_datatype_not_explicitly_set,1,159,18199.0,1d4d33cf0ad410248db64a6244d649ea5ddbedba,Elasticsearch Integration Improvements (#9501),2024-07-24 13:13:33+00:00,MODIFY,18452.0,18452.0,53de149cfb192a63b1873d5dd8505e7d8dc0d723,2023-10-11T22:09:50Z,2018-08-02T17:56:45Z,mindsdb/integrations/handlers/elasticsearch_handler/elasticsearch_handler.py,0.0,0.0,1.0,0.0,enhancement
mindsdb/mindsdb,/home/gilberto-1/github/wrapper_code_smile/output_analysis/1735243578.6335516/mindsdbmindsdb_analysis/e0358e6d63c3d5d841f9824210ff0cb75fb2ea41/input/added/mindsdb/integrations/handlers/email_handler/email_client.py,in_place_apis_misused,1,97,17221.0,1b4f8137a6f72808d9f5a31823338d29bd82fa20,"Improve email ingestion and handling in MindsDB (#8803)

* Improve email ingestion and handling in MindsDB

The code changes improve email ingestion in MindsDB by adding functionality to normalize datetime strings in emails to UTC format and apply queries to the resulting DataFrame. More detailed logging is also added in the communication to the IMAP server, which helps in error tracking and debugging. An exception handling mechanism is also added to gracefully handle errors during email search. A mock function in the corresponding unit test has been updated accordingly to reflect these changes.

* address PR comments

* add support for > with id",2024-02-23 14:37:24+00:00,MODIFY,17246.0,17246.0,53de149cfb192a63b1873d5dd8505e7d8dc0d723,2023-10-11T22:09:50Z,2018-08-02T17:56:45Z,mindsdb/integrations/handlers/email_handler/email_client.py,1.0,1.0,1.0,1.0,enhancement
mindsdb/mindsdb,/home/gilberto-1/github/wrapper_code_smile/output_analysis/1735243578.6335516/mindsdbmindsdb_analysis/5e41b4f832e7934526efcb05566f92322ad074ea/input/modified/mindsdb/integrations/handlers/email_handler/email_handler.py,columns_and_datatype_not_explicitly_set,1,112,13420.0,80828afe7fb84eec3983cf25cdd5c11386f1ebec,updated the implementation of EmailHandler,2023-07-24 18:37:11+00:00,MODIFY,13421.0,13421.0,53de149cfb192a63b1873d5dd8505e7d8dc0d723,2023-10-11T22:09:50Z,2018-08-02T17:56:45Z,mindsdb/integrations/handlers/email_handler/email_handler.py,1.0,0.0,1.0,0.0,enhancement
mindsdb/mindsdb,/home/gilberto-1/github/wrapper_code_smile/output_analysis/1735243578.6335516/mindsdbmindsdb_analysis/426c299441a3d04a5dbb11fd38e9bcf1d9b128df/input/modified/mindsdb/integrations/handlers/email_handler/email_handler.py,columns_and_datatype_not_explicitly_set,1,279,13154.0,02df4855328b6ce39197166ca4c2d31ce9e5eb7a,email handler updates,2023-07-03 19:39:23+00:00,MODIFY,13155.0,13155.0,53de149cfb192a63b1873d5dd8505e7d8dc0d723,2023-10-11T22:09:50Z,2018-08-02T17:56:45Z,mindsdb/integrations/handlers/email_handler/email_handler.py,0.0,0.0,1.0,0.0,enhancement
mindsdb/mindsdb,/home/gilberto-1/github/wrapper_code_smile/output_analysis/1735243578.6335516/mindsdbmindsdb_analysis/a4dfaf9135d0b1301afb607c9ad331c8c718981a/input/modified/mindsdb/integrations/handlers/email_handler/email_helpers.py,in_place_apis_misused,2,57,13756.0,adf29b8d0c730b806bbd83a2f2e5d35787f2bd1f,removed the default clause for until date,2023-11-08 07:26:55+00:00,MODIFY,15930.0,15930.0,53de149cfb192a63b1873d5dd8505e7d8dc0d723,2023-10-11T22:09:50Z,2018-08-02T17:56:45Z,mindsdb/integrations/handlers/email_handler/email_helpers.py,0.0,0.0,1.0,1.0,enhancement
mindsdb/mindsdb,/home/gilberto-1/github/wrapper_code_smile/output_analysis/1735243578.6335516/mindsdbmindsdb_analysis/624eedc8919a8a159d41077eb5e0bd0b77147e9f/input/modified/mindsdb/integrations/handlers/faunadb_handler/faunadb_handler.py,columns_and_datatype_not_explicitly_set,1,173,15410.0,140385d2204d77b9ee4acaad24db36a217c439a5,add json normalize in result set,2023-11-13 10:07:21+00:00,MODIFY,15412.0,15412.0,53de149cfb192a63b1873d5dd8505e7d8dc0d723,2023-10-11T22:09:50Z,2018-08-02T17:56:45Z,mindsdb/integrations/handlers/faunadb_handler/faunadb_handler.py,1.0,0.0,0.0,1.0,new_feature
mindsdb/mindsdb,/home/gilberto-1/github/wrapper_code_smile/output_analysis/1735243578.6335516/mindsdbmindsdb_analysis/8e7e96768e6867eb057c78c799acce666adbe95d/input/modified/mindsdb/integrations/handlers/file_handler/file_handler.py,dataframe_conversion_api_misused,1,111,13406.0,8fa2e50607b3ca21b0b2e96091c0ad3bd53303e7,improve csv read,2023-08-04 13:36:52+00:00,MODIFY,13583.0,13583.0,53de149cfb192a63b1873d5dd8505e7d8dc0d723,2023-10-11T22:09:50Z,2018-08-02T17:56:45Z,mindsdb/integrations/handlers/file_handler/file_handler.py,0.0,0.0,1.0,0.0,enhancement
mindsdb/mindsdb,/home/gilberto-1/github/wrapper_code_smile/output_analysis/1735243578.6335516/mindsdbmindsdb_analysis/6f40e3ce7c5fd2e5dd10b4959c8cd6ebcffa6612/input/modified/mindsdb/integrations/handlers/github_handler/github_tables.py,columns_and_datatype_not_explicitly_set,1,456,17412.0,024b094342d5473ad4af45f464165ff48cdd940e,"github handler
the rest of tables are adapted to api table",2024-03-18 11:44:55+00:00,MODIFY,17511.0,17511.0,53de149cfb192a63b1873d5dd8505e7d8dc0d723,2023-10-11T22:09:50Z,2018-08-02T17:56:45Z,mindsdb/integrations/handlers/github_handler/github_tables.py,0.0,0.0,1.0,0.0,enhancement
mindsdb/mindsdb,/home/gilberto-1/github/wrapper_code_smile/output_analysis/1735243578.6335516/mindsdbmindsdb_analysis/3ec0bf7160a7df568d7fa083fa25d3d9a29f4f14/input/modified/mindsdb/integrations/handlers/github_handler/github_tables.py,columns_and_datatype_not_explicitly_set,14,961,16105.0,79094ebe3c27ee950817644b016f129e32c9cb8f,"new apitable interface in github example
files in githug
https://github.com/mindsdb/mindsdb_private/issues/390",2024-02-01 15:14:10+00:00,MODIFY,16967.0,16967.0,53de149cfb192a63b1873d5dd8505e7d8dc0d723,2023-10-11T22:09:50Z,2018-08-02T17:56:45Z,mindsdb/integrations/handlers/github_handler/github_tables.py,1.0,1.0,0.0,0.0,new_feature
mindsdb/mindsdb,/home/gilberto-1/github/wrapper_code_smile/output_analysis/1735243578.6335516/mindsdbmindsdb_analysis/6efc06fc235f5d2a1809c43613ae63e760b0f172/input/modified/mindsdb/integrations/handlers/google_analytics_handler/google_analytics_handler.py,columns_and_datatype_not_explicitly_set,1,244,16739.0,132d07ee1153690bdfb624a06c162ede207efb23,"solve requested changes, fix flake8 and requirements issues",2024-01-09 21:53:46+00:00,MODIFY,16740.0,16740.0,53de149cfb192a63b1873d5dd8505e7d8dc0d723,2023-10-11T22:09:50Z,2018-08-02T17:56:45Z,mindsdb/integrations/handlers/google_analytics_handler/google_analytics_handler.py,0.0,1.0,1.0,0.0,enhancement
mindsdb/mindsdb,/home/gilberto-1/github/wrapper_code_smile/output_analysis/1735243578.6335516/mindsdbmindsdb_analysis/65f7d36407262764c8d0dddf2da46a92d2412e6d/input/modified/mindsdb/integrations/handlers/google_analytics_handler/google_analytics_handler.py,columns_and_datatype_not_explicitly_set,2,227,16716.0,69bdb7658ea55ecddefc45221350c7e1f5644cf2,modify select and insert methods,2024-01-08 17:18:58+00:00,MODIFY,16717.0,16717.0,53de149cfb192a63b1873d5dd8505e7d8dc0d723,2023-10-11T22:09:50Z,2018-08-02T17:56:45Z,mindsdb/integrations/handlers/google_analytics_handler/google_analytics_handler.py,0.0,0.0,1.0,0.0,enhancement
mindsdb/mindsdb,/home/gilberto-1/github/wrapper_code_smile/output_analysis/1735243578.6335516/mindsdbmindsdb_analysis/a29d5a6334bb86f96cd807831e4df2dd08ccb2f6/input/added/mindsdb/integrations/handlers/google_books_handler/google_books_handler.py,columns_and_datatype_not_explicitly_set,3,116,12348.0,49ba9b330a8947a04b7fc658b72339bbfc18d572,Small Corrections to google_books_handler and google_books_tables.py,2023-06-04 10:32:45+00:00,MODIFY,12351.0,12351.0,53de149cfb192a63b1873d5dd8505e7d8dc0d723,2023-10-11T22:09:50Z,2018-08-02T17:56:45Z,mindsdb/integrations/handlers/google_books_handler/google_books_handler.py,0.0,0.0,0.0,0.0,other
mindsdb/mindsdb,/home/gilberto-1/github/wrapper_code_smile/output_analysis/1735243578.6335516/mindsdbmindsdb_analysis/a29d5a6334bb86f96cd807831e4df2dd08ccb2f6/input/added/mindsdb/integrations/handlers/google_books_handler/google_books_tables.py,columns_and_datatype_not_explicitly_set,1,85,12348.0,49ba9b330a8947a04b7fc658b72339bbfc18d572,Small Corrections to google_books_handler and google_books_tables.py,2023-06-04 10:32:45+00:00,MODIFY,12351.0,12351.0,53de149cfb192a63b1873d5dd8505e7d8dc0d723,2023-10-11T22:09:50Z,2018-08-02T17:56:45Z,mindsdb/integrations/handlers/google_books_handler/google_books_tables.py,0.0,0.0,0.0,0.0,other
mindsdb/mindsdb,/home/gilberto-1/github/wrapper_code_smile/output_analysis/1735243578.6335516/mindsdbmindsdb_analysis/993e10747fcf90144432eb4591964d556cb829ec/input/modified/mindsdb/integrations/handlers/google_calendar_handler/google_calendar_tables.py,columns_and_datatype_not_explicitly_set,1,72,12640.0,9afab96e03fa66e992e523e0357421587e7d06a8,Parser changed mindsdb_sql_parser (#10202),2024-11-22 16:20:10+00:00,MODIFY,18267.0,18267.0,53de149cfb192a63b1873d5dd8505e7d8dc0d723,2023-10-11T22:09:50Z,2018-08-02T17:56:45Z,mindsdb/integrations/handlers/google_calendar_handler/google_calendar_tables.py,0.0,0.0,1.0,0.0,enhancement
mindsdb/mindsdb,/home/gilberto-1/github/wrapper_code_smile/output_analysis/1735243578.6335516/mindsdbmindsdb_analysis/aca80d02a4653ef9ae31ccb6396c9c6750592949/input/modified/mindsdb/integrations/handlers/google_content_shopping_handler/google_content_shopping_handler.py,columns_and_datatype_not_explicitly_set,1,177,16613.0,719f2e15c4bfa9268e2006239dc24e486acc5461,rework handlers,2024-05-09 16:44:54+00:00,MODIFY,18047.0,18047.0,53de149cfb192a63b1873d5dd8505e7d8dc0d723,2023-10-11T22:09:50Z,2018-08-02T17:56:45Z,mindsdb/integrations/handlers/google_content_shopping_handler/google_content_shopping_handler.py,0.0,0.0,0.0,1.0,refactoring
mindsdb/mindsdb,/home/gilberto-1/github/wrapper_code_smile/output_analysis/1735243578.6335516/mindsdbmindsdb_analysis/5cdba900141dceada93de256d8abae6eb399aed5/input/added/mindsdb/integrations/handlers/google_content_shopping_handler/google_content_shopping_tables.py,columns_and_datatype_not_explicitly_set,1,69,11144.0,9afab96e03fa66e992e523e0357421587e7d06a8,Parser changed mindsdb_sql_parser (#10202),2024-11-22 16:20:10+00:00,MODIFY,18125.0,18125.0,53de149cfb192a63b1873d5dd8505e7d8dc0d723,2023-10-11T22:09:50Z,2018-08-02T17:56:45Z,mindsdb/integrations/handlers/google_content_shopping_handler/google_content_shopping_tables.py,0.0,0.0,1.0,0.0,enhancement
mindsdb/mindsdb,/home/gilberto-1/github/wrapper_code_smile/output_analysis/1735243578.6335516/mindsdbmindsdb_analysis/aca80d02a4653ef9ae31ccb6396c9c6750592949/input/modified/mindsdb/integrations/handlers/google_search_handler/google_search_handler.py,columns_and_datatype_not_explicitly_set,1,186,16613.0,719f2e15c4bfa9268e2006239dc24e486acc5461,rework handlers,2024-05-09 16:44:54+00:00,MODIFY,18047.0,18047.0,53de149cfb192a63b1873d5dd8505e7d8dc0d723,2023-10-11T22:09:50Z,2018-08-02T17:56:45Z,mindsdb/integrations/handlers/google_search_handler/google_search_handler.py,0.0,0.0,0.0,1.0,refactoring
mindsdb/mindsdb,/home/gilberto-1/github/wrapper_code_smile/output_analysis/1735243578.6335516/mindsdbmindsdb_analysis/05049d1e012867dccaab21334a7d824e811c09aa/input/added/mindsdb/integrations/handlers/google_search_handler/google_search_tables.py,columns_and_datatype_not_explicitly_set,1,86,11131.0,9afab96e03fa66e992e523e0357421587e7d06a8,Parser changed mindsdb_sql_parser (#10202),2024-11-22 16:20:10+00:00,MODIFY,18086.0,18086.0,53de149cfb192a63b1873d5dd8505e7d8dc0d723,2023-10-11T22:09:50Z,2018-08-02T17:56:45Z,mindsdb/integrations/handlers/google_search_handler/google_search_tables.py,0.0,0.0,1.0,0.0,enhancement
mindsdb/mindsdb,/home/gilberto-1/github/wrapper_code_smile/output_analysis/1735243578.6335516/mindsdbmindsdb_analysis/b0fcc633c4f2666697cc61a90e8464c92249bb22/input/modified/mindsdb/integrations/handlers/hackernews_handler/hn_handler.py,columns_and_datatype_not_explicitly_set,3,90,14961.0,641e93da3e0968e5baf53d9c6302557e7e8ec861,Remove duplicate code,2023-10-15 09:52:35+00:00,MODIFY,14976.0,14976.0,53de149cfb192a63b1873d5dd8505e7d8dc0d723,2023-10-11T22:09:50Z,2018-08-02T17:56:45Z,mindsdb/integrations/handlers/hackernews_handler/hn_handler.py,0.0,0.0,1.0,1.0,enhancement
mindsdb/mindsdb,/home/gilberto-1/github/wrapper_code_smile/output_analysis/1735243578.6335516/mindsdbmindsdb_analysis/9a3ee5484de62e137eecc20588e5d89b92838629/input/modified/mindsdb/integrations/handlers/hackernews_handler/hn_table.py,columns_and_datatype_not_explicitly_set,1,160,12321.0,43ac66d064eda5487e8c344fe7b579d28ebe1be0,final update,2023-06-04 10:32:45+00:00,MODIFY,12322.0,12322.0,53de149cfb192a63b1873d5dd8505e7d8dc0d723,2023-10-11T22:09:50Z,2018-08-02T17:56:45Z,mindsdb/integrations/handlers/hackernews_handler/hn_table.py,0.0,0.0,1.0,0.0,enhancement
mindsdb/mindsdb,/home/gilberto-1/github/wrapper_code_smile/output_analysis/1735243578.6335516/mindsdbmindsdb_analysis/b0fcc633c4f2666697cc61a90e8464c92249bb22/input/modified/mindsdb/integrations/handlers/hackernews_handler/hn_table.py,columns_and_datatype_not_explicitly_set,1,38,14961.0,641e93da3e0968e5baf53d9c6302557e7e8ec861,Remove duplicate code,2023-10-15 09:52:35+00:00,MODIFY,14976.0,14976.0,53de149cfb192a63b1873d5dd8505e7d8dc0d723,2023-10-11T22:09:50Z,2018-08-02T17:56:45Z,mindsdb/integrations/handlers/hackernews_handler/hn_table.py,0.0,0.0,1.0,1.0,enhancement
mindsdb/mindsdb,/home/gilberto-1/github/wrapper_code_smile/output_analysis/1735243578.6335516/mindsdbmindsdb_analysis/af91bed25c75cb17d1ae71a8fbe1a1397dd492bd/input/modified/mindsdb/integrations/handlers/huggingface_handler/huggingface_handler.py,columns_and_datatype_not_explicitly_set,1,197,7264.0,4e12722621c12ca2b2b075421f30e5ae8a58ebe8,"huggingface handler in new ml handler api
- permanent is property of handler",2022-10-06 08:59:09+00:00,MODIFY,7267.0,7267.0,53de149cfb192a63b1873d5dd8505e7d8dc0d723,2023-10-11T22:09:50Z,2018-08-02T17:56:45Z,mindsdb/integrations/handlers/huggingface_handler/huggingface_handler.py,1.0,0.0,0.0,1.0,new_feature
mindsdb/mindsdb,/home/gilberto-1/github/wrapper_code_smile/output_analysis/1735243578.6335516/mindsdbmindsdb_analysis/c8d9ce2e59787b2145efdb5713e28b278b5aff11/input/added/mindsdb/integrations/handlers/huggingface_handler/huggingface_handler.py,columns_and_datatype_not_explicitly_set,1,274,7262.0,af91bed25c75cb17d1ae71a8fbe1a1397dd492bd,"HF handler: create, drop and get_tables() work",2022-09-14 21:37:41+00:00,MODIFY,7263.0,7263.0,53de149cfb192a63b1873d5dd8505e7d8dc0d723,2023-10-11T22:09:50Z,2018-08-02T17:56:45Z,mindsdb/integrations/handlers/huggingface_handler/huggingface_handler.py,1.0,0.0,0.0,0.0,new_feature
mindsdb/mindsdb,/home/gilberto-1/github/wrapper_code_smile/output_analysis/1735243578.6335516/mindsdbmindsdb_analysis/a46f43a549f88bda631ce512ff1b076f3415b848/input/modified/mindsdb/integrations/handlers/influxdb_handler/influxdb_handler.py,columns_and_datatype_not_explicitly_set,1,115,15219.0,0ab470e4c68710c5a1388a05678e0a11c0438138,Clean Up and Requirements added,2023-11-02 14:32:14+00:00,MODIFY,15312.0,15312.0,53de149cfb192a63b1873d5dd8505e7d8dc0d723,2023-10-11T22:09:50Z,2018-08-02T17:56:45Z,mindsdb/integrations/handlers/influxdb_handler/influxdb_handler.py,1.0,0.0,0.0,1.0,refactoring
mindsdb/mindsdb,/home/gilberto-1/github/wrapper_code_smile/output_analysis/1735243578.6335516/mindsdbmindsdb_analysis/b9e9c6da7250554595feee32eadd9b60b0a56a7f/input/added/mindsdb/integrations/handlers/influxdb_handler/influxdb_tables.py,columns_and_datatype_not_explicitly_set,1,68,10990.0,7f0de96b28ac35e77ac7f75737f1d699efab240f,fix: Advance queries fixed for influx DB,2023-10-17 18:40:56+00:00,MODIFY,14959.0,14959.0,53de149cfb192a63b1873d5dd8505e7d8dc0d723,2023-10-11T22:09:50Z,2018-08-02T17:56:45Z,mindsdb/integrations/handlers/influxdb_handler/influxdb_tables.py,0.0,1.0,0.0,0.0,bug_fixing
mindsdb/mindsdb,/home/gilberto-1/github/wrapper_code_smile/output_analysis/1735243578.6335516/mindsdbmindsdb_analysis/2231fbf92c2f155fc855821e05438270a411f4c8/input/modified/mindsdb/integrations/handlers/intercom_handler/intercom_handler.py,columns_and_datatype_not_explicitly_set,2,112,15891.0,93731f9ed5e80d4f47fc58878760bd2f20d1298b,add short call_intercom_api method,2023-11-06 16:08:46+00:00,MODIFY,15892.0,15892.0,53de149cfb192a63b1873d5dd8505e7d8dc0d723,2023-10-11T22:09:50Z,2018-08-02T17:56:45Z,mindsdb/integrations/handlers/intercom_handler/intercom_handler.py,1.0,0.0,0.0,0.0,new_feature
mindsdb/mindsdb,/home/gilberto-1/github/wrapper_code_smile/output_analysis/1735243578.6335516/mindsdbmindsdb_analysis/75b31e8e6c8887ad4628e39b2d2d6b909a1c7806/input/added/mindsdb/integrations/handlers/intercom_handler/intercom_handler.py,columns_and_datatype_not_explicitly_set,3,110,15888.0,cb97245da172eb819eb68f678a6a434ab632e100,articles table implemented for intercom,2023-11-05 15:02:09+00:00,MODIFY,15889.0,15889.0,53de149cfb192a63b1873d5dd8505e7d8dc0d723,2023-10-11T22:09:50Z,2018-08-02T17:56:45Z,mindsdb/integrations/handlers/intercom_handler/intercom_handler.py,1.0,0.0,0.0,0.0,new_feature
mindsdb/mindsdb,/home/gilberto-1/github/wrapper_code_smile/output_analysis/1735243578.6335516/mindsdbmindsdb_analysis/f3f698c11cfa67885c55322889537a4f2e462380/input/modified/mindsdb/integrations/handlers/jira_handler/jira_handler.py,columns_and_datatype_not_explicitly_set,1,184,8684.0,d39d8b6c56accca5e6c9d7fdeb39457dc225054d,Revamp of existing Jira handler as per API Handler framework,2023-04-20 11:09:44+00:00,MODIFY,10819.0,10819.0,53de149cfb192a63b1873d5dd8505e7d8dc0d723,2023-10-11T22:09:50Z,2018-08-02T17:56:45Z,mindsdb/integrations/handlers/jira_handler/jira_handler.py,0.0,0.0,0.0,0.0,other
mindsdb/mindsdb,/home/gilberto-1/github/wrapper_code_smile/output_analysis/1735243578.6335516/mindsdbmindsdb_analysis/e308f43952f3e27d3b48ac28dd3eaffeb26e8ee0/input/modified/mindsdb/integrations/handlers/jira_handler/jira_handler.py,columns_and_datatype_not_explicitly_set,1,133,8683.0,f3f698c11cfa67885c55322889537a4f2e462380,addressing the review comments,2022-12-03 09:50:01+00:00,MODIFY,8684.0,8684.0,53de149cfb192a63b1873d5dd8505e7d8dc0d723,2023-10-11T22:09:50Z,2018-08-02T17:56:45Z,mindsdb/integrations/handlers/jira_handler/jira_handler.py,1.0,0.0,0.0,0.0,new_feature
mindsdb/mindsdb,/home/gilberto-1/github/wrapper_code_smile/output_analysis/1735243578.6335516/mindsdbmindsdb_analysis/a32817546ec50161d9660a636f2e024c83f97c17/input/modified/mindsdb/integrations/handlers/langchain_embedding_handler/langchain_embedding_handler.py,columns_and_datatype_not_explicitly_set,1,194,18812.0,5aa30075f94866c2c760fb17b3b57baa3909b150,Don't Pass in Extra Arguments for Embedding Model Validation (#10154),2024-11-13 01:23:15+00:00,MODIFY,18822.0,18822.0,53de149cfb192a63b1873d5dd8505e7d8dc0d723,2023-10-11T22:09:50Z,2018-08-02T17:56:45Z,mindsdb/integrations/handlers/langchain_embedding_handler/langchain_embedding_handler.py,0.0,0.0,0.0,0.0,other
mindsdb/mindsdb,/home/gilberto-1/github/wrapper_code_smile/output_analysis/1735243578.6335516/mindsdbmindsdb_analysis/10f02eaab1c0af6384c206c8ca1cc183340487d0/input/modified/mindsdb/integrations/handlers/langchain_handler/langchain_handler.py,in_place_apis_misused,1,144,18494.0,b37931b7368bdc4d2abf87b168df5ae4ee8487bb,Agent decoupled from langchain handler (#9481),2024-07-18 08:15:20+00:00,MODIFY,18497.0,18497.0,53de149cfb192a63b1873d5dd8505e7d8dc0d723,2023-10-11T22:09:50Z,2018-08-02T17:56:45Z,mindsdb/integrations/handlers/langchain_handler/langchain_handler.py,0.0,0.0,0.0,1.0,refactoring
mindsdb/mindsdb,/home/gilberto-1/github/wrapper_code_smile/output_analysis/1735243578.6335516/mindsdbmindsdb_analysis/7f396c4a4a3412f2dde5296b55f1d5606a6ea5c5/input/modified/mindsdb/integrations/handlers/langchain_handler/langchain_handler.py,in_place_apis_misused,1,477,14481.0,e5a2efa30a7e74d42957455394160b7f0adfa07f,"[fix] Langchain handling of long output in tools (#7318)

* draft fix

* rm comments

* refactor: tools and init go in their own file, cleaner construction by closure

* refactor, add context length fix as common util

* fix logger for agent output parser error

* link issue

---------

Co-authored-by: Patricio Cerda Mardini <patricio@mindsdb.com>",2023-10-03 15:47:09+00:00,MODIFY,14554.0,14554.0,53de149cfb192a63b1873d5dd8505e7d8dc0d723,2023-10-11T22:09:50Z,2018-08-02T17:56:45Z,mindsdb/integrations/handlers/langchain_handler/langchain_handler.py,1.0,1.0,0.0,1.0,bug_fixing
mindsdb/mindsdb,/home/gilberto-1/github/wrapper_code_smile/output_analysis/1735243578.6335516/mindsdbmindsdb_analysis/3d9fe7b54c24b9b656126f7fee0d613e14f3c2e2/input/modified/mindsdb/integrations/handlers/langchain_handler/langchain_handler.py,in_place_apis_misused,3,320,12419.0,9759f354826bd883f4007bacd21e2178526ada60,merge in staging,2023-06-06 20:08:46+00:00,MODIFY,12581.0,12581.0,53de149cfb192a63b1873d5dd8505e7d8dc0d723,2023-10-11T22:09:50Z,2018-08-02T17:56:45Z,mindsdb/integrations/handlers/langchain_handler/langchain_handler.py,0.0,0.0,0.0,1.0,refactoring
mindsdb/mindsdb,/home/gilberto-1/github/wrapper_code_smile/output_analysis/1735243578.6335516/mindsdbmindsdb_analysis/dd983b9333ff43f104f3db948493f57c09f7c271/input/modified/mindsdb/integrations/handlers/langchain_handler/langchain_handler.py,columns_and_datatype_not_explicitly_set,1,203,12408.0,6ee9ddc3d38185955c682b7e1c89eb6495e2a78c,feat: add semi-working version of sql_agent modal dispatch,2023-06-04 10:32:59+00:00,MODIFY,12409.0,12409.0,53de149cfb192a63b1873d5dd8505e7d8dc0d723,2023-10-11T22:09:50Z,2018-08-02T17:56:45Z,mindsdb/integrations/handlers/langchain_handler/langchain_handler.py,1.0,0.0,0.0,0.0,new_feature
mindsdb/mindsdb,/home/gilberto-1/github/wrapper_code_smile/output_analysis/1735243578.6335516/mindsdbmindsdb_analysis/c31661256ad9c1455305d19b58433b01bee3f6e3/input/modified/mindsdb/integrations/handlers/langchain_handler/langchain_handler.py,columns_and_datatype_not_explicitly_set,2,558,17628.0,3849238c36e269adb846fac46ffe7038d361a2d0,"Refactor Langchain Handler (#8998)

* Refactor langchain_handler

* Added more tests

* Add back mdb_read tool by default

* Remove prints

* Use updated import path

* Update test_llm_utils

* Add pydantic to reqs

* Remove pydantic from handler reqs not that it is in main reqs

* Remove explicit pydantic versioning to avoid conflict",2024-03-28 11:10:44+00:00,MODIFY,17664.0,17664.0,53de149cfb192a63b1873d5dd8505e7d8dc0d723,2023-10-11T22:09:50Z,2018-08-02T17:56:45Z,mindsdb/integrations/handlers/langchain_handler/langchain_handler.py,1.0,0.0,1.0,1.0,refactoring
mindsdb/mindsdb,/home/gilberto-1/github/wrapper_code_smile/output_analysis/1735243578.6335516/mindsdbmindsdb_analysis/dd7400222e37056b49fe90cf4491efede7349c8e/input/added/mindsdb/integrations/handlers/langchain_handler/langchain_handler.py,columns_and_datatype_not_explicitly_set,1,93,9832.0,98da2ff66fb72945ee46a8e9d703707b965fa7ae,progress,2023-03-14 01:47:40+00:00,MODIFY,9833.0,9833.0,53de149cfb192a63b1873d5dd8505e7d8dc0d723,2023-10-11T22:09:50Z,2018-08-02T17:56:45Z,mindsdb/integrations/handlers/langchain_handler/langchain_handler.py,0.0,0.0,0.0,0.0,other
mindsdb/mindsdb,/home/gilberto-1/github/wrapper_code_smile/output_analysis/1735243578.6335516/mindsdbmindsdb_analysis/2381b9bcc4f9e5b70f603354f3a87b3d51b01a0b/input/modified/mindsdb/integrations/handlers/langchain_handler/langchain_handler.py,columns_and_datatype_not_explicitly_set,1,156,10013.0,3c235e1306a3b97cea31872e31cb3220d885c70a,feat: langchain handler v0.0.1,2023-03-17 21:12:57+00:00,MODIFY,10014.0,10014.0,53de149cfb192a63b1873d5dd8505e7d8dc0d723,2023-10-11T22:09:50Z,2018-08-02T17:56:45Z,mindsdb/integrations/handlers/langchain_handler/langchain_handler.py,1.0,0.0,0.0,0.0,new_feature
mindsdb/mindsdb,/home/gilberto-1/github/wrapper_code_smile/output_analysis/1735243578.6335516/mindsdbmindsdb_analysis/33ffd7a751b56146b638c529e55c0d114c4e70db/input/modified/mindsdb/integrations/handlers/langchain_handler/mindsdb_database_agent.py,columns_and_datatype_not_explicitly_set,1,171,17153.0,b2a32111e52f5443981478c70a9019fd6db863f3,decoupled sql agent,2024-02-20 08:58:12+00:00,MODIFY,17156.0,17156.0,53de149cfb192a63b1873d5dd8505e7d8dc0d723,2023-10-11T22:09:50Z,2018-08-02T17:56:45Z,mindsdb/integrations/handlers/langchain_handler/mindsdb_database_agent.py,0.0,0.0,0.0,1.0,refactoring
mindsdb/mindsdb,/home/gilberto-1/github/wrapper_code_smile/output_analysis/1735243578.6335516/mindsdbmindsdb_analysis/44b9fdd3bef834a5a15b16696b365d9ab6a6d53f/input/added/mindsdb/integrations/handlers/lightdash_handler/api.py,columns_and_datatype_not_explicitly_set,1,140,15199.0,bac3a83b862752ccdb1341283192757ef033b6f8,Create API function,2023-10-20 22:25:59+00:00,MODIFY,15200.0,15200.0,53de149cfb192a63b1873d5dd8505e7d8dc0d723,2023-10-11T22:09:50Z,2018-08-02T17:56:45Z,mindsdb/integrations/handlers/lightdash_handler/api.py,1.0,0.0,0.0,0.0,new_feature
mindsdb/mindsdb,/home/gilberto-1/github/wrapper_code_smile/output_analysis/1735243578.6335516/mindsdbmindsdb_analysis/0c318b3b2decaa24c28fa625a487eb404e0074cd/input/modified/mindsdb/integrations/handlers/lightfm_handler/helpers.py,columns_and_datatype_not_explicitly_set,1,114,12571.0,35999694152a573ab0acb2a72b25d74095eac151,item-item for all items,2023-06-04 10:33:18+00:00,MODIFY,12573.0,12573.0,53de149cfb192a63b1873d5dd8505e7d8dc0d723,2023-10-11T22:09:50Z,2018-08-02T17:56:45Z,mindsdb/integrations/handlers/lightfm_handler/helpers.py,0.0,0.0,0.0,0.0,other
mindsdb/mindsdb,/home/gilberto-1/github/wrapper_code_smile/output_analysis/1735243578.6335516/mindsdbmindsdb_analysis/f2836a8317d685909674517eb4d038304200a4eb/input/modified/mindsdb/integrations/handlers/lightwood_handler/lightwood_handler/lightwood_handler.py,in_place_apis_misused,1,317,8215.0,7c02e15aa403a4ca1fa34489dd2df9136d6c961c,"Projects structure (#3532)

Projects structure",2022-10-28 09:24:18+00:00,MODIFY,8216.0,8216.0,53de149cfb192a63b1873d5dd8505e7d8dc0d723,2023-10-11T22:09:50Z,2018-08-02T17:56:45Z,mindsdb/integrations/handlers/lightwood_handler/lightwood_handler/lightwood_handler.py,0.0,0.0,0.0,0.0,other
mindsdb/mindsdb,/home/gilberto-1/github/wrapper_code_smile/output_analysis/1735243578.6335516/mindsdbmindsdb_analysis/60b02585708df1b064e89f5760ad22483dd106b5/input/modified/mindsdb/integrations/handlers/lightwood_handler/lightwood_handler/lightwood_handler.py,columns_and_datatype_not_explicitly_set,1,269,6407.0,ae6c7add0bb0593c20f0b86de019b511ddc9aa84,right query arg type,2022-07-27 12:37:52+00:00,MODIFY,6408.0,6408.0,53de149cfb192a63b1873d5dd8505e7d8dc0d723,2023-10-11T22:09:50Z,2018-08-02T17:56:45Z,mindsdb/integrations/handlers/lightwood_handler/lightwood_handler/lightwood_handler.py,0.0,0.0,0.0,0.0,other
mindsdb/mindsdb,/home/gilberto-1/github/wrapper_code_smile/output_analysis/1735243578.6335516/mindsdbmindsdb_analysis/9ce5a21dd6359fd7e8ebf78051ce9e97bd195ec9/input/modified/mindsdb/integrations/handlers/ludwig_handler/ludwig_handler.py,in_place_apis_misused,1,273,8325.0,472c8f719b7474e0b75600ef8b5e911b78843570,"[fix] Update ludwig to new ML engine API (#3744)

* update ludwig to new ML engine API

* update args handling in create()

* update example.md

* add test for ludwig handler

* final adjustments",2022-11-03 08:39:12+00:00,MODIFY,8328.0,8328.0,53de149cfb192a63b1873d5dd8505e7d8dc0d723,2023-10-11T22:09:50Z,2018-08-02T17:56:45Z,mindsdb/integrations/handlers/ludwig_handler/ludwig_handler.py,1.0,1.0,1.0,0.0,bug_fixing
mindsdb/mindsdb,/home/gilberto-1/github/wrapper_code_smile/output_analysis/1735243578.6335516/mindsdbmindsdb_analysis/94f45948662de233a4dfaf01d55900177be86acd/input/modified/mindsdb/integrations/handlers/ludwig_handler/ludwig_handler.py,in_place_apis_misused,2,380,7204.0,fea1824357e6607e438fe07b2ee009965164585e,"removed old code, added ludwig db.predictor updates",2022-09-09 23:26:23+00:00,MODIFY,7205.0,7205.0,53de149cfb192a63b1873d5dd8505e7d8dc0d723,2023-10-11T22:09:50Z,2018-08-02T17:56:45Z,mindsdb/integrations/handlers/ludwig_handler/ludwig_handler.py,1.0,0.0,1.0,1.0,enhancement
mindsdb/mindsdb,/home/gilberto-1/github/wrapper_code_smile/output_analysis/1735243578.6335516/mindsdbmindsdb_analysis/c1f75cd0334996baa3fb7c3029de652d5656ac65/input/modified/mindsdb/integrations/handlers/ludwig_handler/ludwig_handler.py,columns_and_datatype_not_explicitly_set,3,107,7113.0,ffaea5f32b035a0df1853d28303450bd3493f501,rm: hardcoded tests,2022-09-05 21:02:17+00:00,MODIFY,7116.0,7116.0,53de149cfb192a63b1873d5dd8505e7d8dc0d723,2023-10-11T22:09:50Z,2018-08-02T17:56:45Z,mindsdb/integrations/handlers/ludwig_handler/ludwig_handler.py,0.0,0.0,0.0,1.0,refactoring
mindsdb/mindsdb,/home/gilberto-1/github/wrapper_code_smile/output_analysis/1735243578.6335516/mindsdbmindsdb_analysis/e9286fe6ffa49c45942f209e188fd6f771e144a3/input/added/mindsdb/integrations/handlers/luma_handler/luma_tables.py,columns_and_datatype_not_explicitly_set,2,147,16072.0,cac235757fd2f048242912bef6f9026ebec3751e,addressed PR review comments,2023-11-15 16:41:10+00:00,MODIFY,16074.0,16074.0,53de149cfb192a63b1873d5dd8505e7d8dc0d723,2023-10-11T22:09:50Z,2018-08-02T17:56:45Z,mindsdb/integrations/handlers/luma_handler/luma_tables.py,1.0,0.0,0.0,0.0,new_feature
mindsdb/mindsdb,/home/gilberto-1/github/wrapper_code_smile/output_analysis/1735243578.6335516/mindsdbmindsdb_analysis/ee9f530dca6780dba1f21b7b49c87fe191d0f377/input/modified/mindsdb/integrations/handlers/monkeylearn_handler/monkeylearn_handler.py,columns_and_datatype_not_explicitly_set,1,43,10715.0,91cf515cb29676a0c19c1fc264092d744f093099,added create_validate method,2023-04-13 20:35:13+00:00,MODIFY,10716.0,10716.0,53de149cfb192a63b1873d5dd8505e7d8dc0d723,2023-10-11T22:09:50Z,2018-08-02T17:56:45Z,mindsdb/integrations/handlers/monkeylearn_handler/monkeylearn_handler.py,1.0,0.0,0.0,0.0,new_feature
mindsdb/mindsdb,/home/gilberto-1/github/wrapper_code_smile/output_analysis/1735243578.6335516/mindsdbmindsdb_analysis/3c915f39dfa39bdecb3ac7565be2f3abc1247fc8/input/added/mindsdb/integrations/handlers/npm_handler/api.py,columns_and_datatype_not_explicitly_set,1,137,15043.0,7be3d1287ce69345a681388a4d7d72682addc919,Implementation complete,2023-10-17 22:26:49+00:00,MODIFY,15044.0,15044.0,53de149cfb192a63b1873d5dd8505e7d8dc0d723,2023-10-11T22:09:50Z,2018-08-02T17:56:45Z,mindsdb/integrations/handlers/npm_handler/api.py,1.0,0.0,0.0,0.0,new_feature
mindsdb/mindsdb,/home/gilberto-1/github/wrapper_code_smile/output_analysis/1735243578.6335516/mindsdbmindsdb_analysis/18308e4f8c0dee5dd20268c9c35811d27d11560e/input/modified/mindsdb/integrations/handlers/openai_handler/openai_handler.py,columns_and_datatype_not_explicitly_set,1,188,8976.0,f3af8bebc50ba521fe990fb6802002963796e8d6,fix: exponential backoff,2023-01-18 22:25:56+00:00,MODIFY,8978.0,8978.0,53de149cfb192a63b1873d5dd8505e7d8dc0d723,2023-10-11T22:09:50Z,2018-08-02T17:56:45Z,mindsdb/integrations/handlers/openai_handler/openai_handler.py,0.0,1.0,0.0,0.0,bug_fixing
mindsdb/mindsdb,/home/gilberto-1/github/wrapper_code_smile/output_analysis/1735243578.6335516/mindsdbmindsdb_analysis/fe760ed2a1864bc2fae341ee25e33d2553535ea6/input/modified/mindsdb/integrations/handlers/openai_handler/openai_handler.py,in_place_apis_misused,1,646,14366.0,6a55fff21b0f076a26f22e30b33b4f7d8067681d,add json getter and setter to model storage; minor fixes in openai,2023-09-26 22:25:47+00:00,MODIFY,14368.0,14368.0,53de149cfb192a63b1873d5dd8505e7d8dc0d723,2023-10-11T22:09:50Z,2018-08-02T17:56:45Z,mindsdb/integrations/handlers/openai_handler/openai_handler.py,1.0,1.0,0.0,0.0,new_feature
mindsdb/mindsdb,/home/gilberto-1/github/wrapper_code_smile/output_analysis/1735243578.6335516/mindsdbmindsdb_analysis/9d949bff92cd03c0b8e77e2ca0e20da94bc7c5e8/input/modified/mindsdb/integrations/handlers/openai_handler/openai_handler.py,in_place_apis_misused,1,549,10203.0,e62850e6cd6bb748c1fe590a79a6df54f2049632,rename method,2023-03-23 22:59:30+00:00,MODIFY,10204.0,10204.0,53de149cfb192a63b1873d5dd8505e7d8dc0d723,2023-10-11T22:09:50Z,2018-08-02T17:56:45Z,mindsdb/integrations/handlers/openai_handler/openai_handler.py,0.0,0.0,0.0,1.0,refactoring
mindsdb/mindsdb,/home/gilberto-1/github/wrapper_code_smile/output_analysis/1735243578.6335516/mindsdbmindsdb_analysis/ae811f66f72b5269f037e210cc74b09c99febfc3/input/modified/mindsdb/integrations/handlers/openai_handler/openai_handler.py,columns_and_datatype_not_explicitly_set,1,545,10678.0,00f31f5c735a70b6173e9a211ec2162dbf6d0791,feat: add support for chatGPT in langchain,2023-05-01 14:31:23+00:00,MODIFY,11096.0,11096.0,53de149cfb192a63b1873d5dd8505e7d8dc0d723,2023-10-11T22:09:50Z,2018-08-02T17:56:45Z,mindsdb/integrations/handlers/openai_handler/openai_handler.py,1.0,0.0,1.0,0.0,new_feature
mindsdb/mindsdb,/home/gilberto-1/github/wrapper_code_smile/output_analysis/1735243578.6335516/mindsdbmindsdb_analysis/71dce786cef251851b62b4e61395714874f49ace/input/added/mindsdb/integrations/handlers/openbb_handler/openbb_handler.py,columns_and_datatype_not_explicitly_set,1,92,14730.0,520826405ccdcab9ac351d06616190544388ac99,generic structure to allow for all commands - allegedly,2023-10-07 09:54:03+00:00,MODIFY,14733.0,14733.0,53de149cfb192a63b1873d5dd8505e7d8dc0d723,2023-10-11T22:09:50Z,2018-08-02T17:56:45Z,mindsdb/integrations/handlers/openbb_handler/openbb_handler.py,0.0,0.0,1.0,0.0,enhancement
mindsdb/mindsdb,/home/gilberto-1/github/wrapper_code_smile/output_analysis/1735243578.6335516/mindsdbmindsdb_analysis/2606b771fdd220f244ab28c933d820d1ba645da2/input/modified/mindsdb/integrations/handlers/openbb_handler/openbb_handler.py,columns_and_datatype_not_explicitly_set,1,106,14762.0,d265c8954dd137c4a722620ba491e92f65e820c5,increase safety around eval and rename OBBject to openbb_object,2023-10-09 21:20:22+00:00,MODIFY,14763.0,14763.0,53de149cfb192a63b1873d5dd8505e7d8dc0d723,2023-10-11T22:09:50Z,2018-08-02T17:56:45Z,mindsdb/integrations/handlers/openbb_handler/openbb_handler.py,0.0,0.0,0.0,1.0,refactoring
mindsdb/mindsdb,/home/gilberto-1/github/wrapper_code_smile/output_analysis/1735243578.6335516/mindsdbmindsdb_analysis/283c5fbf690135ae0e76590c15063201ebd1815f/input/modified/mindsdb/integrations/handlers/openbb_handler/openbb_handler.py,columns_and_datatype_not_explicitly_set,2,140,14748.0,96787be600d219909215dd85e45a62037350b3b8,make so errors show in mindsDB UI,2023-10-08 06:49:58+00:00,MODIFY,14749.0,14749.0,53de149cfb192a63b1873d5dd8505e7d8dc0d723,2023-10-11T22:09:50Z,2018-08-02T17:56:45Z,mindsdb/integrations/handlers/openbb_handler/openbb_handler.py,0.0,1.0,0.0,0.0,bug_fixing
mindsdb/mindsdb,/home/gilberto-1/github/wrapper_code_smile/output_analysis/1735243578.6335516/mindsdbmindsdb_analysis/94debac93ccff0f2c45931d0dc32336d070ec257/input/modified/mindsdb/integrations/handlers/openstreetmap_handler/openstreetmap_handler.py,columns_and_datatype_not_explicitly_set,1,104,13156.0,d19031eee8f77cd7437a846dcff08e743859f255,Made changes as MinuraPunchihewa suggested.,2023-07-28 09:51:06+00:00,MODIFY,13160.0,13160.0,53de149cfb192a63b1873d5dd8505e7d8dc0d723,2023-10-11T22:09:50Z,2018-08-02T17:56:45Z,mindsdb/integrations/handlers/openstreetmap_handler/openstreetmap_handler.py,0.0,0.0,1.0,0.0,enhancement
mindsdb/mindsdb,/home/gilberto-1/github/wrapper_code_smile/output_analysis/1735243578.6335516/mindsdbmindsdb_analysis/b0104da43ca7a731b72f77dd26e5f70f349224c4/input/added/mindsdb/integrations/handlers/palm_handler/palm_handler.py,in_place_apis_misused,1,471,14341.0,c4773195c22a3962eb48e283a2465ae317c1fbc5,fix: predict-time template; dynamic model listing; fix describe',2023-09-25 21:43:29+00:00,MODIFY,14384.0,14384.0,53de149cfb192a63b1873d5dd8505e7d8dc0d723,2023-10-11T22:09:50Z,2018-08-02T17:56:45Z,mindsdb/integrations/handlers/palm_handler/palm_handler.py,0.0,1.0,0.0,0.0,bug_fixing
mindsdb/mindsdb,/home/gilberto-1/github/wrapper_code_smile/output_analysis/1735243578.6335516/mindsdbmindsdb_analysis/4ca83a0aeb70eb247ee9f6cbd146964df9a75aa4/input/modified/mindsdb/integrations/handlers/pgvector_handler/pgvector_handler.py,columns_and_datatype_not_explicitly_set,1,181,18220.0,f9a1800b88c09c894d538a4d17464779b19c2e1e,Shared pgvector in cloud (#9524),2024-07-26 12:16:02+00:00,MODIFY,18480.0,18480.0,53de149cfb192a63b1873d5dd8505e7d8dc0d723,2023-10-11T22:09:50Z,2018-08-02T17:56:45Z,mindsdb/integrations/handlers/pgvector_handler/pgvector_handler.py,0.0,0.0,0.0,0.0,other
mindsdb/mindsdb,/home/gilberto-1/github/wrapper_code_smile/output_analysis/1735243578.6335516/mindsdbmindsdb_analysis/103f3269145828e52ed85dce10777382cf72bd84/input/modified/mindsdb/integrations/handlers/pgvector_handler/pgvector_handler.py,columns_and_datatype_not_explicitly_set,1,93,14065.0,8d2f29f59a75d7dd9c7fa9c793475cf7057fe939,refactor wip,2023-09-05 14:03:11+00:00,MODIFY,14066.0,14066.0,53de149cfb192a63b1873d5dd8505e7d8dc0d723,2023-10-11T22:09:50Z,2018-08-02T17:56:45Z,mindsdb/integrations/handlers/pgvector_handler/pgvector_handler.py,0.0,0.0,0.0,1.0,refactoring
mindsdb/mindsdb,/home/gilberto-1/github/wrapper_code_smile/output_analysis/1735243578.6335516/mindsdbmindsdb_analysis/f2ec9a4a7340562f4aa2f147e9477d147f8dd0fc/input/modified/mindsdb/integrations/handlers/plaid_handler/plaid_tables.py,columns_and_datatype_not_explicitly_set,2,176,10802.0,89e1e7020720314cc339939a78a81c617f6f3006,Improved Indentation,2023-04-21 18:25:28+00:00,MODIFY,10809.0,10809.0,53de149cfb192a63b1873d5dd8505e7d8dc0d723,2023-10-11T22:09:50Z,2018-08-02T17:56:45Z,mindsdb/integrations/handlers/plaid_handler/plaid_tables.py,0.0,0.0,1.0,0.0,enhancement
mindsdb/mindsdb,/home/gilberto-1/github/wrapper_code_smile/output_analysis/1735243578.6335516/mindsdbmindsdb_analysis/9842d6e52e283e5b3121b2c11dfc88cfe394cf8f/input/added/mindsdb/integrations/handlers/plaid_handler/plaid_tables.py,columns_and_datatype_not_explicitly_set,1,50,10766.0,20d53f2ec24180c32287ebcf2462fd9c64bbc697,Working Native Queries,2023-04-14 12:36:58+00:00,MODIFY,10773.0,10773.0,53de149cfb192a63b1873d5dd8505e7d8dc0d723,2023-10-11T22:09:50Z,2018-08-02T17:56:45Z,mindsdb/integrations/handlers/plaid_handler/plaid_tables.py,0.0,0.0,0.0,0.0,other
mindsdb/mindsdb,/home/gilberto-1/github/wrapper_code_smile/output_analysis/1735243578.6335516/mindsdbmindsdb_analysis/dd05180caf831bc5e05d4cbf119e811363776534/input/added/mindsdb/integrations/handlers/quickbooks_handler/quickbooks_handler.py,columns_and_datatype_not_explicitly_set,1,59,12497.0,438d5a322fa1c235fcd6c60df2df1aa3a2b7ade7,quickbooks connection and table,2023-06-04 10:33:10+00:00,MODIFY,12498.0,12498.0,53de149cfb192a63b1873d5dd8505e7d8dc0d723,2023-10-11T22:09:50Z,2018-08-02T17:56:45Z,mindsdb/integrations/handlers/quickbooks_handler/quickbooks_handler.py,0.0,0.0,0.0,0.0,other
mindsdb/mindsdb,/home/gilberto-1/github/wrapper_code_smile/output_analysis/1735243578.6335516/mindsdbmindsdb_analysis/3f95b667ea0fe066a0f36233687133a4537e2c4f/input/modified/mindsdb/integrations/handlers/quickbooks_handler/quickbooks_handler.py,columns_and_datatype_not_explicitly_set,1,107,12504.0,bc72d4a91f6d35d6c52191e8ca4fd214096ca3ce,added native query,2023-06-04 10:33:10+00:00,MODIFY,12505.0,12505.0,53de149cfb192a63b1873d5dd8505e7d8dc0d723,2023-10-11T22:09:50Z,2018-08-02T17:56:45Z,mindsdb/integrations/handlers/quickbooks_handler/quickbooks_handler.py,1.0,0.0,0.0,0.0,new_feature
mindsdb/mindsdb,/home/gilberto-1/github/wrapper_code_smile/output_analysis/1735243578.6335516/mindsdbmindsdb_analysis/b6f3713c4e5d750c6a84b190b4ee8f4aba9a33cf/input/added/mindsdb/integrations/handlers/reddit_handler/reddit_handler.py,columns_and_datatype_not_explicitly_set,1,197,10840.0,400763df8536915b8fb33b6fecab35677b095f73,resolved issues,2023-04-21 15:42:18+00:00,MODIFY,10842.0,10842.0,53de149cfb192a63b1873d5dd8505e7d8dc0d723,2023-10-11T22:09:50Z,2018-08-02T17:56:45Z,mindsdb/integrations/handlers/reddit_handler/reddit_handler.py,0.0,1.0,0.0,0.0,bug_fixing
mindsdb/mindsdb,/home/gilberto-1/github/wrapper_code_smile/output_analysis/1735243578.6335516/mindsdbmindsdb_analysis/4ca83a0aeb70eb247ee9f6cbd146964df9a75aa4/input/modified/mindsdb/integrations/handlers/redshift_handler/redshift_handler.py,columns_and_datatype_not_explicitly_set,1,127,18220.0,d7546d5f0fc48cc2b0f0d9e361dc4c0a8391b811,Updated the Redshift Implementation to Extend Postgres (#9335),2024-06-13 11:56:09+00:00,MODIFY,18357.0,18357.0,53de149cfb192a63b1873d5dd8505e7d8dc0d723,2023-10-11T22:09:50Z,2018-08-02T17:56:45Z,mindsdb/integrations/handlers/redshift_handler/redshift_handler.py,1.0,0.0,1.0,0.0,enhancement
mindsdb/mindsdb,/home/gilberto-1/github/wrapper_code_smile/output_analysis/1735243578.6335516/mindsdbmindsdb_analysis/993e10747fcf90144432eb4591964d556cb829ec/input/added/mindsdb/integrations/handlers/rocket_chat_handler/rocket_chat_handler.py,columns_and_datatype_not_explicitly_set,1,137,12640.0,3ec0bf7160a7df568d7fa083fa25d3d9a29f4f14,"More consistent/useful logging (#6807)

* WIP logging

* Move existing logging to a 'OLD_LOGGING' logger for clarity, capture more logs

* Add color

* complete logging changeover

* more logging consistency

* Tidy up logging a bit

* Make our getLogger compatible with logging lib

* add log level env var

* format

* Fix double logs

* Fix log level

* formatting

* formatting

* Typo

* fix new logging from merge

* fix requirements

* flake fixes

* flake8 fix

* comment

* Remove old log import

* Fix log import/creations

* install lightwood for testing

* Fix tests

* re-instated typing imports

* flak8 typing import fix

* Set min flake8 python version

* flak8 typing import fix removed

---------

Co-authored-by: martyna-mindsdb <109554435+martyna-mindsdb@users.noreply.github.com>
Co-authored-by: QuantumPlumber <gattonian@gmail.com>",2023-11-15 21:42:18+00:00,MODIFY,15506.0,15506.0,53de149cfb192a63b1873d5dd8505e7d8dc0d723,2023-10-11T22:09:50Z,2018-08-02T17:56:45Z,mindsdb/integrations/handlers/rocket_chat_handler/rocket_chat_handler.py,1.0,1.0,1.0,1.0,refactoring
mindsdb/mindsdb,/home/gilberto-1/github/wrapper_code_smile/output_analysis/1735243578.6335516/mindsdbmindsdb_analysis/5c92dfc4ad1dc6feb682a41360c564b6a7a6586c/input/modified/mindsdb/integrations/handlers/s3_handler/s3_handler.py,columns_and_datatype_not_explicitly_set,1,195,18525.0,7afeee0afc729be735c3076023926963324bb9b7,"Files table for S3 handler (#9804)

Co-authored-by: Minura Punchihewa <49385643+MinuraPunchihewa@users.noreply.github.com>",2024-10-14 12:45:58+00:00,MODIFY,18686.0,18686.0,53de149cfb192a63b1873d5dd8505e7d8dc0d723,2023-10-11T22:09:50Z,2018-08-02T17:56:45Z,mindsdb/integrations/handlers/s3_handler/s3_handler.py,0.0,0.0,0.0,0.0,other
mindsdb/mindsdb,/home/gilberto-1/github/wrapper_code_smile/output_analysis/1735243578.6335516/mindsdbmindsdb_analysis/939d4d2c268bc68ed57042de4f24e03a2cedd3e1/input/modified/mindsdb/integrations/handlers/sendinblue_handler/sendinblue_tables.py,columns_and_datatype_not_explicitly_set,1,94,12524.0,9759f354826bd883f4007bacd21e2178526ada60,merge in staging,2023-06-06 20:08:46+00:00,MODIFY,12581.0,12581.0,53de149cfb192a63b1873d5dd8505e7d8dc0d723,2023-10-11T22:09:50Z,2018-08-02T17:56:45Z,mindsdb/integrations/handlers/sendinblue_handler/sendinblue_tables.py,0.0,0.0,0.0,1.0,refactoring
mindsdb/mindsdb,/home/gilberto-1/github/wrapper_code_smile/output_analysis/1735243578.6335516/mindsdbmindsdb_analysis/8d2030ce12d992df5c1efe6c16c76d8307b57b42/input/added/mindsdb/integrations/handlers/sheets_handler/sheets_handler.py,columns_and_datatype_not_explicitly_set,1,122,8403.0,63ba72e4513629c7e973b5655b7579181b8c9893,Resolve the connection issues,2023-02-10 17:07:41+00:00,MODIFY,9228.0,9228.0,53de149cfb192a63b1873d5dd8505e7d8dc0d723,2023-10-11T22:09:50Z,2018-08-02T17:56:45Z,mindsdb/integrations/handlers/sheets_handler/sheets_handler.py,0.0,1.0,0.0,0.0,bug_fixing
mindsdb/mindsdb,/home/gilberto-1/github/wrapper_code_smile/output_analysis/1735243578.6335516/mindsdbmindsdb_analysis/21bed3b92d7a5bc533030a5979369ac80337a6e6/input/modified/mindsdb/integrations/handlers/shopify_handler/shopify_tables.py,columns_and_datatype_not_explicitly_set,1,62,11571.0,ee3279e0891e24fa3608c6b54a09143736d440a0,used the functions from the utils modules within the Tables,2023-05-09 17:34:24+00:00,MODIFY,11573.0,11573.0,53de149cfb192a63b1873d5dd8505e7d8dc0d723,2023-10-11T22:09:50Z,2018-08-02T17:56:45Z,mindsdb/integrations/handlers/shopify_handler/shopify_tables.py,0.0,0.0,0.0,0.0,other
mindsdb/mindsdb,/home/gilberto-1/github/wrapper_code_smile/output_analysis/1735243578.6335516/mindsdbmindsdb_analysis/3a079519d202b4596464bc0429c944d98726f73e/input/modified/mindsdb/integrations/handlers/shopify_handler/shopify_tables.py,columns_and_datatype_not_explicitly_set,1,91,11565.0,72c5a4ad5408af1d960ace19fe84a8194ddfae18,separated the logic for parsing the query and getting the final result outside of the ProductsTable into functions,2023-05-09 17:18:02+00:00,MODIFY,11566.0,11566.0,53de149cfb192a63b1873d5dd8505e7d8dc0d723,2023-10-11T22:09:50Z,2018-08-02T17:56:45Z,mindsdb/integrations/handlers/shopify_handler/shopify_tables.py,0.0,0.0,0.0,0.0,other
mindsdb/mindsdb,/home/gilberto-1/github/wrapper_code_smile/output_analysis/1735243578.6335516/mindsdbmindsdb_analysis/84ada99bcce2b2ed0b954b7ac0dc2d8eba0c82c0/input/modified/mindsdb/integrations/handlers/slack_handler/slack_handler.py,columns_and_datatype_not_explicitly_set,1,73,18870.0,d9cf74f0bce15468126c830ae578f4025bc3a47f,Slack Integration Improvements (#10227),2024-12-09 12:57:09+00:00,MODIFY,18906.0,18906.0,53de149cfb192a63b1873d5dd8505e7d8dc0d723,2023-10-11T22:09:50Z,2018-08-02T17:56:45Z,mindsdb/integrations/handlers/slack_handler/slack_handler.py,0.0,0.0,1.0,0.0,enhancement
mindsdb/mindsdb,/home/gilberto-1/github/wrapper_code_smile/output_analysis/1735243578.6335516/mindsdbmindsdb_analysis/dc40d0909c7b14613502dd103d22bcbf770ee211/input/modified/mindsdb/integrations/handlers/slack_handler/slack_handler.py,in_place_apis_misused,1,349,13198.0,cde8a3fd00d5b97c98d62c709819f25d5ae5b227,adapted to the tasks-subscribe,2023-07-19 11:34:32+00:00,MODIFY,13202.0,13202.0,53de149cfb192a63b1873d5dd8505e7d8dc0d723,2023-10-11T22:09:50Z,2018-08-02T17:56:45Z,mindsdb/integrations/handlers/slack_handler/slack_handler.py,0.0,0.0,1.0,0.0,enhancement
mindsdb/mindsdb,/home/gilberto-1/github/wrapper_code_smile/output_analysis/1735243578.6335516/mindsdbmindsdb_analysis/58c533657e616449edfccede1894b9ed2031369c/input/modified/mindsdb/integrations/handlers/slack_handler/slack_handler.py,columns_and_datatype_not_explicitly_set,2,194,14647.0,013741cb30d6c2f007cbf1df4464bdf941d7b6b2,fix SELECT + Add columns + improve datetime filtering,2023-10-05 02:06:09+00:00,MODIFY,14648.0,14648.0,53de149cfb192a63b1873d5dd8505e7d8dc0d723,2023-10-11T22:09:50Z,2018-08-02T17:56:45Z,mindsdb/integrations/handlers/slack_handler/slack_handler.py,1.0,1.0,1.0,0.0,bug_fixing
mindsdb/mindsdb,/home/gilberto-1/github/wrapper_code_smile/output_analysis/1735243578.6335516/mindsdbmindsdb_analysis/6aa6f42748c54aeb7ac93e44dd74d319f0638c8c/input/added/mindsdb/integrations/handlers/stabilityai_handler/stabilityai_handler.py,columns_and_datatype_not_explicitly_set,1,72,15472.0,e1b3df9d8a415aa769bfd6aed275ca43584f5852,updated describe method,2023-10-26 14:20:52+00:00,MODIFY,15474.0,15474.0,53de149cfb192a63b1873d5dd8505e7d8dc0d723,2023-10-11T22:09:50Z,2018-08-02T17:56:45Z,mindsdb/integrations/handlers/stabilityai_handler/stabilityai_handler.py,0.0,0.0,1.0,0.0,enhancement
mindsdb/mindsdb,/home/gilberto-1/github/wrapper_code_smile/output_analysis/1735243578.6335516/mindsdbmindsdb_analysis/1a8ac6bb0e4fc743871b960198454ec7347c55b6/input/modified/mindsdb/integrations/handlers/tripadvisor_handler/tripadvisor_handler.py,columns_and_datatype_not_explicitly_set,1,197,14590.0,d10f542f4117240c8893359e6a9fbe729a5357dd,improved and modified the code + testing script for debugging,2023-10-03 21:38:23+00:00,MODIFY,14591.0,14591.0,53de149cfb192a63b1873d5dd8505e7d8dc0d723,2023-10-11T22:09:50Z,2018-08-02T17:56:45Z,mindsdb/integrations/handlers/tripadvisor_handler/tripadvisor_handler.py,0.0,1.0,1.0,0.0,enhancement
mindsdb/mindsdb,/home/gilberto-1/github/wrapper_code_smile/output_analysis/1735243578.6335516/mindsdbmindsdb_analysis/8a46b503e1578a9f61aa9c9cd1c3afceab320406/input/modified/mindsdb/integrations/handlers/twitter_handler/twitter_handler.py,columns_and_datatype_not_explicitly_set,1,184,9067.0,389724b8f22eb949a9208ee1e9616e897acd0cbb,twitter handler tested,2023-02-16 13:38:04+00:00,MODIFY,9071.0,9071.0,53de149cfb192a63b1873d5dd8505e7d8dc0d723,2023-10-11T22:09:50Z,2018-08-02T17:56:45Z,mindsdb/integrations/handlers/twitter_handler/twitter_handler.py,0.0,0.0,0.0,0.0,other
mindsdb/mindsdb,/home/gilberto-1/github/wrapper_code_smile/output_analysis/1735243578.6335516/mindsdbmindsdb_analysis/34476e95bacac159302b436b8c2082b732fd3b88/input/added/mindsdb/integrations/handlers/urls_handler/urls_handler.py,columns_and_datatype_not_explicitly_set,1,194,12645.0,c2e130d736c49981993084fc8e5c1d0ea2917ed7,handler,2023-06-07 07:32:04+00:00,MODIFY,12646.0,12646.0,53de149cfb192a63b1873d5dd8505e7d8dc0d723,2023-10-11T22:09:50Z,2018-08-02T17:56:45Z,mindsdb/integrations/handlers/urls_handler/urls_handler.py,0.0,0.0,0.0,0.0,other
mindsdb/mindsdb,/home/gilberto-1/github/wrapper_code_smile/output_analysis/1735243578.6335516/mindsdbmindsdb_analysis/4960c28bb16feee625af80f9bd545458f66f3469/input/modified/mindsdb/integrations/handlers/web_handler/web_handler.py,columns_and_datatype_not_explicitly_set,1,53,12911.0,9a28072a43c969982d5e2e1437399a36a69ab6fd,better parsed output and support for cookies,2023-08-09 23:49:31+00:00,MODIFY,13589.0,13589.0,53de149cfb192a63b1873d5dd8505e7d8dc0d723,2023-10-11T22:09:50Z,2018-08-02T17:56:45Z,mindsdb/integrations/handlers/web_handler/web_handler.py,0.0,0.0,1.0,0.0,enhancement
mindsdb/mindsdb,/home/gilberto-1/github/wrapper_code_smile/output_analysis/1735243578.6335516/mindsdbmindsdb_analysis/b645b4356d99652a18e682c442a14a21fc3696e8/input/modified/mindsdb/integrations/handlers/writer_handler/writer_handler.py,in_place_apis_misused,1,113,14041.0,bbbbd9a3aad1f724729cb4f9078ca2b19253d54b,"updated writer docs, also fix a new bug introduced by subsequent changes",2023-10-03 13:51:05+00:00,MODIFY,14245.0,14245.0,53de149cfb192a63b1873d5dd8505e7d8dc0d723,2023-10-11T22:09:50Z,2018-08-02T17:56:45Z,mindsdb/integrations/handlers/writer_handler/writer_handler.py,1.0,1.0,1.0,0.0,enhancement
mindsdb/mindsdb,/home/gilberto-1/github/wrapper_code_smile/output_analysis/1735243578.6335516/mindsdbmindsdb_analysis/3ec0bf7160a7df568d7fa083fa25d3d9a29f4f14/input/modified/mindsdb/integrations/handlers/youtube_handler/youtube_tables.py,columns_and_datatype_not_explicitly_set,1,123,16105.0,fb91410449f0accf821a32e05f52567b06a9f0df,"Added Enhacements/Fixes for YouTube (#8427)

* updated comments table to robustly extract replies

* updated comments table logic for structuring data

* added video_id to the comments table

* added channel_id as one of the supported columns when calling the API

* simplified the code for extracting data

* added channel_id as supported parameter in the WHERE clause of the comments table

* added the LIMIT clause to the executor of both channels and videos

* added an empty dict to replies if no data is available for comments

* added the skeleton for the insert() method to comments

* added comment_id to the comments table

* implemented the insert() method for comments

* added a functoin for using the YouTube API to insert a top-level comment

* fixed bug in call to INSERTQueryParser

* added the logic to insert a reply to a comment

* added a function to get videos by channel ID

* added support for channel_id in the WHERE clause of videos

* removed the video_id and channel_id from being passed into the SELECTQueryExecutor

* updated the order in which video_id and channel_id are evaluated

* simplified and used better conventions for functions to extract videos

* added error handling for parsing video duration

* updated type of error raised when both video_id and channel_id not provided

* updated the error types used in SELECT for comments

* renamed call_youtube_comments_api() method to get_comments()

* added channel_id to the output of videos and removed default limit

* updated the parameters passed to SELECTQueryExecutor in channels

* fixed the use of the LIMIT clause for videos and channels

* added the OAuth flow for the handler similar to Gmail

* reorganized the OAuth flow to a separate function

* updated the authorization logic to make OAuth credentials optional

* removed the error handling around OAuth credentials logic

* added support for LAST in comments by modifying ORDER BY logic

* updated the connection_args dict with the new parameters

* fixed LIMIT clause execution for videos and channels

* simplified the SELECT for comments using query utilities

* updated the SELECT for comments to allow both video_id and channel_id

* updated the SELECTQueryParser to process ORDER BY to support LAST

* added a check for 'is not' WHERE conditions in BaseQueryParser

* Revert ""added a check for 'is not' WHERE conditions in BaseQueryParser""

This reverts commit 8c0aefa77ae8c923253eed52e2072f9313d41e7d.

* added utilities to add Google OAuth2 workflow

* used GoogleOAuth2Manager to handler oauth

* fixed logic for top level comment insert

* added the published_at and updated_at to comments

* BaseQueryExecutor to use the filter_dataframe method from sql_utils

* updated how ORDER BY clauses are parsed and executed in query utilities

* updated the type hint for order_by_conditions in SELECTQueryExecutor

* updated the type hint for ORDER BY conditions

* updated the OAuth flow to use Flow

* added the AuthException

* added copy storage to response of handler

* added code as a connection_arg

* used the comments() option for inserting replies

* renamed the reply columns without the prefix",2023-11-28 14:19:59+00:00,MODIFY,16285.0,16285.0,53de149cfb192a63b1873d5dd8505e7d8dc0d723,2023-10-11T22:09:50Z,2018-08-02T17:56:45Z,mindsdb/integrations/handlers/youtube_handler/youtube_tables.py,1.0,1.0,1.0,1.0,new_feature
mindsdb/mindsdb,/home/gilberto-1/github/wrapper_code_smile/output_analysis/1735243578.6335516/mindsdbmindsdb_analysis/fc19a6213d556e2e44ab8ebb50265ea830c6b10b/input/modified/mindsdb/integrations/libs/ml_exec_base.py,in_place_apis_misused,1,508,8682.0,159fe10523105ad4ea5a1e50b1c4fb014b9444ab,"progress: update in LW gets called, but unable to predict still b/c of scope creation issues",2022-12-06 00:32:52+00:00,MODIFY,8684.0,8684.0,53de149cfb192a63b1873d5dd8505e7d8dc0d723,2023-10-11T22:09:50Z,2018-08-02T17:56:45Z,mindsdb/integrations/libs/ml_exec_base.py,1.0,1.0,1.0,0.0,enhancement
mindsdb/mindsdb,/home/gilberto-1/github/wrapper_code_smile/output_analysis/1735243578.6335516/mindsdbmindsdb_analysis/37d42045b1f73627e216a5a3c77e9df018317432/input/modified/mindsdb/integrations/libs/ml_exec_base.py,columns_and_datatype_not_explicitly_set,1,113,16930.0,9ffbd974628002051003c4eb1d0453481475d7c4,del unused code,2024-01-26 17:26:25+00:00,MODIFY,16931.0,16931.0,53de149cfb192a63b1873d5dd8505e7d8dc0d723,2023-10-11T22:09:50Z,2018-08-02T17:56:45Z,mindsdb/integrations/libs/ml_exec_base.py,0.0,0.0,0.0,0.0,other
mindsdb/mindsdb,/home/gilberto-1/github/wrapper_code_smile/output_analysis/1735243578.6335516/mindsdbmindsdb_analysis/ef1fa23d1ca5c4de791cfdfaee5ad0bff6109a29/input/modified/mindsdb/integrations/libs/ml_exec_base.py,columns_and_datatype_not_explicitly_set,1,278,8320.0,9ce5a21dd6359fd7e8ebf78051ce9e97bd195ec9,"ML handler supbrocess (#3377)

* log -> logger

dividing components:

app initialize
    parse args
    set env.MINDSDB_CONFIG_PATH

config
    requiers env.MINDSDB_CONFIG_PATH
    sets
        env.MINDSDB_DB_CON
    Config() - makes initialization

log
    uses config
    initialize_log - makes initialization

database
    uses env.MINDSDB_DB_CON
    have init() method

file storage
    uses config

* partial sync for model storage interfaces

* ml handler in subprocess interface

* fix delete model

* fix: model with error in success status

* fix: remove hf predictor

* fix pg handler

* MLHandlerPersistWrapper keeps wrapper process opened

* predictor with error keeps 'success' status

#3362

* lock for sending tasks to subprocess one by one

* check target of predictor before run learn in subproccess

* fix check target

* fix: json_ai override and problem definition generation

* fix None case

* folder for ml handler tests

* fix: add timeseries_settings key to learn_args

* fixes in lw_handler

* fix: del join_learn_process

* tests for LW handler

* finish unit test for LW

* changes in tests:
- set-project -> to base class
- return of ml handler is dataframe
- draft for project structure test

* merge from staging

* create_validation method to check learn params before send to subprocess
fixes of HF
fixed version of transformers in HF requirements

Co-authored-by: Patricio Cerda Mardini <pcerdam@live.com>",2022-11-02 13:25:05+00:00,MODIFY,8325.0,8325.0,53de149cfb192a63b1873d5dd8505e7d8dc0d723,2023-10-11T22:09:50Z,2018-08-02T17:56:45Z,mindsdb/integrations/libs/ml_exec_base.py,1.0,1.0,1.0,1.0,bug_fixing
mindsdb/mindsdb,/home/gilberto-1/github/wrapper_code_smile/output_analysis/1735243578.6335516/mindsdbmindsdb_analysis/61ddfb07c4d74614716b8b2cb943dd773b683895/input/modified/mindsdb/integrations/libs/ml_exec_base.py,in_place_apis_misused,1,492,14288.0,f9f7d64ec51cbf149943e4e4f5e288b22d33d8ef,wip,2023-09-25 11:21:14+00:00,MODIFY,14290.0,14290.0,53de149cfb192a63b1873d5dd8505e7d8dc0d723,2023-10-11T22:09:50Z,2018-08-02T17:56:45Z,mindsdb/integrations/libs/ml_exec_base.py,0.0,0.0,0.0,0.0,other
mindsdb/mindsdb,/home/gilberto-1/github/wrapper_code_smile/output_analysis/1735243578.6335516/mindsdbmindsdb_analysis/f3c05d33626e8aec262ecdc6a885d2bc3d9e64ba/input/modified/mindsdb/integrations/libs/ml_exec_base.py,columns_and_datatype_not_explicitly_set,1,184,17008.0,a2ce3ff545912c017efbee280758f44f9c231d5d,Mindsdb optimizations (#9243),2024-06-06 11:01:58+00:00,MODIFY,18226.0,18226.0,53de149cfb192a63b1873d5dd8505e7d8dc0d723,2023-10-11T22:09:50Z,2018-08-02T17:56:45Z,mindsdb/integrations/libs/ml_exec_base.py,0.0,0.0,1.0,0.0,enhancement
mindsdb/mindsdb,/home/gilberto-1/github/wrapper_code_smile/output_analysis/1735243578.6335516/mindsdbmindsdb_analysis/18cc8622b4d2ddd620978dcb4d3f43c73f5842e0/input/modified/mindsdb/integrations/libs/ml_exec_base.py,columns_and_datatype_not_explicitly_set,1,277,8977.0,15612300e7cdd19866cbbdbbf9b2c682a4f3a55f,address feedback,2023-01-24 15:22:51+00:00,MODIFY,8980.0,8980.0,53de149cfb192a63b1873d5dd8505e7d8dc0d723,2023-10-11T22:09:50Z,2018-08-02T17:56:45Z,mindsdb/integrations/libs/ml_exec_base.py,1.0,0.0,0.0,0.0,new_feature
mindsdb/mindsdb,/home/gilberto-1/github/wrapper_code_smile/output_analysis/1735243578.6335516/mindsdbmindsdb_analysis/f58bdbc8b4f6bfe9c7c5a8240051752201ca6868/input/modified/mindsdb/integrations/libs/ml_exec_base.py,columns_and_datatype_not_explicitly_set,1,290,10338.0,097890f20ca623779dbaec8016dbea2232b96c5f,fix,2023-03-31 11:58:12+00:00,MODIFY,10366.0,10366.0,53de149cfb192a63b1873d5dd8505e7d8dc0d723,2023-10-11T22:09:50Z,2018-08-02T17:56:45Z,mindsdb/integrations/libs/ml_exec_base.py,0.0,1.0,0.0,0.0,bug_fixing
mindsdb/mindsdb,/home/gilberto-1/github/wrapper_code_smile/output_analysis/1735243578.6335516/mindsdbmindsdb_analysis/335b6aecd2e7e4636887e95fba93549c17219521/input/modified/mindsdb/integrations/libs/ml_exec_base.py,in_place_apis_misused,1,420,8448.0,315c9b14f5433b0f49f258cb74147dc2f801c41c,fix,2022-11-17 10:52:24+00:00,MODIFY,8464.0,8464.0,53de149cfb192a63b1873d5dd8505e7d8dc0d723,2023-10-11T22:09:50Z,2018-08-02T17:56:45Z,mindsdb/integrations/libs/ml_exec_base.py,0.0,1.0,0.0,0.0,bug_fixing
mindsdb/mindsdb,/home/gilberto-1/github/wrapper_code_smile/output_analysis/1735243578.6335516/mindsdbmindsdb_analysis/f8c7f2bfc7c5414e01f355485e93630d0ea4af13/input/modified/mindsdb/integrations/libs/ml_exec_base.py,in_place_apis_misused,1,467,12843.0,161666814c13ad3bb814a78ab621d23d70f42127,rename,2023-06-28 09:42:23+00:00,MODIFY,13044.0,13044.0,53de149cfb192a63b1873d5dd8505e7d8dc0d723,2023-10-11T22:09:50Z,2018-08-02T17:56:45Z,mindsdb/integrations/libs/ml_exec_base.py,0.0,0.0,0.0,1.0,refactoring
mindsdb/mindsdb,/home/gilberto-1/github/wrapper_code_smile/output_analysis/1735243578.6335516/mindsdbmindsdb_analysis/bc2e0b3715e259b778f11eb16771ff110f36b548/input/modified/mindsdb/integrations/libs/vectordatabase_handler.py,columns_and_datatype_not_explicitly_set,1,273,15722.0,2541e81f196ea783416b8aad186f78163dc8771f,support for update working,2023-11-01 10:04:42+00:00,MODIFY,15724.0,15724.0,53de149cfb192a63b1873d5dd8505e7d8dc0d723,2023-10-11T22:09:50Z,2018-08-02T17:56:45Z,mindsdb/integrations/libs/vectordatabase_handler.py,0.0,0.0,1.0,0.0,enhancement
mindsdb/mindsdb,/home/gilberto-1/github/wrapper_code_smile/output_analysis/1735243578.6335516/mindsdbmindsdb_analysis/15dacea0920826c2be24c92c6b0c21225b15021a/input/modified/mindsdb/integrations/libs/vectordatabase_handler.py,columns_and_datatype_not_explicitly_set,1,192,15782.0,d3271432d87f25bc5b746fc63004315078698a59,addapt chroma,2023-11-08 14:18:13+00:00,MODIFY,15785.0,15785.0,53de149cfb192a63b1873d5dd8505e7d8dc0d723,2023-10-11T22:09:50Z,2018-08-02T17:56:45Z,mindsdb/integrations/libs/vectordatabase_handler.py,1.0,0.0,0.0,0.0,new_feature
mindsdb/mindsdb,/home/gilberto-1/github/wrapper_code_smile/output_analysis/1735243578.6335516/mindsdbmindsdb_analysis/5a672261a6841830062c1ecc6a7c3bf8defd364d/input/modified/mindsdb/integrations/mysql_handler/mysql_handler/mysql_handler.py,columns_and_datatype_not_explicitly_set,1,117,5198.0,5ed4f438629845ce68932a93a6f7fa6c3c794ace,"feat: working select_into and join with new interfaces, for both mlflow and mysql; tests added",2022-03-25 22:08:40+00:00,MODIFY,5199.0,5199.0,53de149cfb192a63b1873d5dd8505e7d8dc0d723,2023-10-11T22:09:50Z,2018-08-02T17:56:45Z,mindsdb/integrations/mysql_handler/mysql_handler/mysql_handler.py,1.0,0.0,0.0,0.0,new_feature
mindsdb/mindsdb,/home/gilberto-1/github/wrapper_code_smile/output_analysis/1735243578.6335516/mindsdbmindsdb_analysis/698c2a602a22038658d82eb9a3e3df8ef956e408/input/modified/mindsdb/interfaces/agents/langchain_agent.py,in_place_apis_misused,1,274,18517.0,f60d5dce1919706fdd146eb39750d61e21c83897,"[ENH] Improved Langfuse - Tags, metadata and actions (#9496)",2024-07-26 01:24:07+00:00,MODIFY,18523.0,18523.0,53de149cfb192a63b1873d5dd8505e7d8dc0d723,2023-10-11T22:09:50Z,2018-08-02T17:56:45Z,mindsdb/interfaces/agents/langchain_agent.py,0.0,0.0,1.0,0.0,enhancement
mindsdb/mindsdb,/home/gilberto-1/github/wrapper_code_smile/output_analysis/1735243578.6335516/mindsdbmindsdb_analysis/f60d5dce1919706fdd146eb39750d61e21c83897/input/modified/mindsdb/interfaces/agents/langchain_agent.py,columns_and_datatype_not_explicitly_set,2,389,18523.0,ce716876d1155ed17374f5eec2ba648237eaa1c0,"Add /stream Endpoint for Agent Completions (#9488)

Co-authored-by: andrew <elkin.andr@gmail.com>",2024-07-26 17:21:53+00:00,MODIFY,18529.0,18529.0,53de149cfb192a63b1873d5dd8505e7d8dc0d723,2023-10-11T22:09:50Z,2018-08-02T17:56:45Z,mindsdb/interfaces/agents/langchain_agent.py,1.0,0.0,0.0,0.0,new_feature
mindsdb/mindsdb,/home/gilberto-1/github/wrapper_code_smile/output_analysis/1735243578.6335516/mindsdbmindsdb_analysis/469fc29f8d99f452964eec06cb7693bf1b3463b6/input/modified/mindsdb/interfaces/datastore/datastore.py,in_place_apis_misused,1,115,2967.0,ff898f9001d2c073d355490f52cbb7b7398c8097,prevent broken datasources appear,2021-03-05 11:19:36+00:00,MODIFY,2974.0,2974.0,53de149cfb192a63b1873d5dd8505e7d8dc0d723,2023-10-11T22:09:50Z,2018-08-02T17:56:45Z,mindsdb/interfaces/datastore/datastore.py,0.0,0.0,0.0,0.0,other
mindsdb/mindsdb,/home/gilberto-1/github/wrapper_code_smile/output_analysis/1735243578.6335516/mindsdbmindsdb_analysis/f784dea54b70be6968684ebefb381f5925436184/input/modified/mindsdb/interfaces/knowledge_base/controller.py,columns_and_datatype_not_explicitly_set,1,90,15882.0,42a3c335873796d5f09de5db5002d6f83e85b81c,pg kb tested,2023-11-07 15:32:09+00:00,MODIFY,15883.0,15883.0,53de149cfb192a63b1873d5dd8505e7d8dc0d723,2023-10-11T22:09:50Z,2018-08-02T17:56:45Z,mindsdb/interfaces/knowledge_base/controller.py,0.0,0.0,0.0,0.0,other
mindsdb/mindsdb,/home/gilberto-1/github/wrapper_code_smile/output_analysis/1735243578.6335516/mindsdbmindsdb_analysis/3f4ad068a31d548a0d47b55a96ff41ef1da7bb09/input/modified/mindsdb/interfaces/knowledge_base/controller.py,columns_and_datatype_not_explicitly_set,2,320,18873.0,03f2c33c09d8201b1d96db6e5f02a2e98996708e,fix bug with kb (#10210),2024-11-28 16:17:39+00:00,MODIFY,18881.0,18881.0,53de149cfb192a63b1873d5dd8505e7d8dc0d723,2023-10-11T22:09:50Z,2018-08-02T17:56:45Z,mindsdb/interfaces/knowledge_base/controller.py,0.0,1.0,0.0,0.0,bug_fixing
mindsdb/mindsdb,/home/gilberto-1/github/wrapper_code_smile/output_analysis/1735243578.6335516/mindsdbmindsdb_analysis/9afab96e03fa66e992e523e0357421587e7d06a8/input/modified/mindsdb/interfaces/knowledge_base/controller.py,columns_and_datatype_not_explicitly_set,2,156,18866.0,ab7e957924897ca80b714e27aa570859a9e9e8f1,Use Unique IDs For Preprocessed Document Chunks (#10206),2024-11-22 19:10:50+00:00,MODIFY,18867.0,18867.0,53de149cfb192a63b1873d5dd8505e7d8dc0d723,2023-10-11T22:09:50Z,2018-08-02T17:56:45Z,mindsdb/interfaces/knowledge_base/controller.py,0.0,0.0,0.0,0.0,other
mindsdb/mindsdb,/home/gilberto-1/github/wrapper_code_smile/output_analysis/1735243578.6335516/mindsdbmindsdb_analysis/a4bda2c81d8693a5792efe97353fec228cef7445/input/modified/mindsdb/interfaces/model/learn_process.py,in_place_apis_misused,1,60,4056.0,b636d48e86e093a6d5261ba8ddf3da28553cbf08,add predictor record to db right after training starts,2021-09-28 10:37:45+00:00,MODIFY,4078.0,4078.0,53de149cfb192a63b1873d5dd8505e7d8dc0d723,2023-10-11T22:09:50Z,2018-08-02T17:56:45Z,mindsdb/interfaces/model/learn_process.py,1.0,0.0,0.0,0.0,new_feature
mindsdb/mindsdb,/home/gilberto-1/github/wrapper_code_smile/output_analysis/1735243578.6335516/mindsdbmindsdb_analysis/cdb7b4099f121630ea5fed312f6d31fdb2e48197/input/modified/mindsdb/interfaces/model/model_controller.py,in_place_apis_misused,1,88,3672.0,7d458ec30d4029e59596d536b9ac0e4aed15ec8d,updated update method,2021-08-12 17:23:14+00:00,MODIFY,3736.0,3736.0,53de149cfb192a63b1873d5dd8505e7d8dc0d723,2023-10-11T22:09:50Z,2018-08-02T17:56:45Z,mindsdb/interfaces/model/model_controller.py,0.0,0.0,1.0,0.0,enhancement
mindsdb/mindsdb,/home/gilberto-1/github/wrapper_code_smile/output_analysis/1735243578.6335516/mindsdbmindsdb_analysis/2169e4c910d835d84b1fec381352fb0b2ccb6977/input/modified/mindsdb/interfaces/model/model_controller.py,columns_and_datatype_not_explicitly_set,1,129,17294.0,1b0a9a774000ddc8a07fdf0a220a9489aea065f0,"set model active version
delete model version
updated tests",2024-04-23 13:00:06+00:00,MODIFY,17928.0,17928.0,53de149cfb192a63b1873d5dd8505e7d8dc0d723,2023-10-11T22:09:50Z,2018-08-02T17:56:45Z,mindsdb/interfaces/model/model_controller.py,0.0,0.0,1.0,0.0,enhancement
mindsdb/mindsdb,/home/gilberto-1/github/wrapper_code_smile/output_analysis/1735243578.6335516/mindsdbmindsdb_analysis/d24e1201e4990f5200c36b3345ef33f4ab25a812/input/modified/mindsdb/interfaces/model/model_controller.py,in_place_apis_misused,1,318,3678.0,693d450c0d9164b8e1f301b136b1bc3680723435,finished model interface leanup,2021-07-30 12:22:20+00:00,MODIFY,3679.0,3679.0,53de149cfb192a63b1873d5dd8505e7d8dc0d723,2023-10-11T22:09:50Z,2018-08-02T17:56:45Z,mindsdb/interfaces/model/model_controller.py,0.0,0.0,0.0,0.0,other
mindsdb/mindsdb,/home/gilberto-1/github/wrapper_code_smile/output_analysis/1735243578.6335516/mindsdbmindsdb_analysis/015e9451eea654c02a4b4dab88897ffa8b3e54c1/input/modified/mindsdb/interfaces/model/model_controller.py,in_place_apis_misused,1,556,6383.0,d8bb5bfeeded6bf7f339c4ceb9b53c4900bbe950,move learn processes to LW handler,2022-08-11 14:14:21+00:00,MODIFY,6420.0,6420.0,53de149cfb192a63b1873d5dd8505e7d8dc0d723,2023-10-11T22:09:50Z,2018-08-02T17:56:45Z,mindsdb/interfaces/model/model_controller.py,0.0,0.0,0.0,1.0,refactoring
mindsdb/mindsdb,/home/gilberto-1/github/wrapper_code_smile/output_analysis/1735243578.6335516/mindsdbmindsdb_analysis/85aa152a534cf6d5f6f1dfe803b7dcf5a9fa9ea7/input/modified/mindsdb/interfaces/model/model_controller.py,in_place_apis_misused,1,286,13937.0,900936e98a1cde0c59577127e4df61f0e5c26482,fix timegpt learninghub,2023-10-04 11:01:14+00:00,MODIFY,14036.0,14036.0,53de149cfb192a63b1873d5dd8505e7d8dc0d723,2023-10-11T22:09:50Z,2018-08-02T17:56:45Z,mindsdb/interfaces/model/model_controller.py,0.0,1.0,0.0,0.0,bug_fixing
mindsdb/mindsdb,/home/gilberto-1/github/wrapper_code_smile/output_analysis/1735243578.6335516/mindsdbmindsdb_analysis/68928fd6fb9b7a99c004b245000af0fa4b19a11a/input/modified/mindsdb/interfaces/query_context/context_controller.py,columns_and_datatype_not_explicitly_set,1,43,14812.0,f2ab22be2ab8611760dbcedfc7647f26add933e1,review updates,2023-10-12 10:44:01+00:00,MODIFY,14816.0,14816.0,53de149cfb192a63b1873d5dd8505e7d8dc0d723,2023-10-11T22:09:50Z,2018-08-02T17:56:45Z,mindsdb/interfaces/query_context/context_controller.py,0.0,0.0,1.0,0.0,enhancement
mindsdb/mindsdb,/home/gilberto-1/github/wrapper_code_smile/output_analysis/1735243578.6335516/mindsdbmindsdb_analysis/05a5e3f84487119a4e2ffb5bf763509425f6b908/input/modified/mindsdb/interfaces/query_context/context_controller.py,columns_and_datatype_not_explicitly_set,1,103,18131.0,a2ce3ff545912c017efbee280758f44f9c231d5d,Mindsdb optimizations (#9243),2024-06-06 11:01:58+00:00,MODIFY,18225.0,18225.0,53de149cfb192a63b1873d5dd8505e7d8dc0d723,2023-10-11T22:09:50Z,2018-08-02T17:56:45Z,mindsdb/interfaces/query_context/context_controller.py,0.0,0.0,1.0,0.0,enhancement
mindsdb/mindsdb,/home/gilberto-1/github/wrapper_code_smile/output_analysis/1735243578.6335516/mindsdbmindsdb_analysis/9d4c81398e73da4ed4c8c171aa133f4c8c5c2357/input/modified/mindsdb/libs/backends/ludwig.py,Chain_Indexing,9,87,758.0,648b5ea2087022cf35724b05d995819962a277f6,"Lightwood timeseries (#265)

* Removed pointless branching when sourcing accepted_margin_of_error into the data preparation object

* removed window_size_seconds and windows_size_samples args from the interface, too messy to support both seconds and samples for timeseries, left the window_size argument which now refers purely to samples

* removed window size seconds encoding logic from ludwig backend

* changed stuff around the predictor to accomodate the new timeseries arguments setup

* learn interface now covers only one line

*  added grouping by supprot for lightwood timeseries

* finished ts building

* finished rough timeseries implementation for lightwood

* fixed key, added debugging line

* added no group by ts handling

* debugged timeseries implementation",2019-07-09 15:50:25+00:00,MODIFY,768.0,1303.0,53de149cfb192a63b1873d5dd8505e7d8dc0d723,2023-10-11T22:09:50Z,2018-08-02T17:56:45Z,mindsdb/libs/backends/ludwig.py,1.0,1.0,1.0,1.0,enhancement
mindsdb/mindsdb,/home/gilberto-1/github/wrapper_code_smile/output_analysis/1735243578.6335516/mindsdbmindsdb_analysis/6e9e23551ce8a674116a20fc4e1d62489cb0ee7b/input/modified/mindsdb/libs/data_sources/csv_file_ds.py,columns_and_datatype_not_explicitly_set,1,57,76.0,cf17cfa9d06b9b618cc0cdadf943c98285c0dfe6,updates to datasources,2018-10-04 19:26:16+00:00,MODIFY,77.0,1303.0,53de149cfb192a63b1873d5dd8505e7d8dc0d723,2023-10-11T22:09:50Z,2018-08-02T17:56:45Z,mindsdb/libs/data_sources/csv_file_ds.py,0.0,0.0,1.0,0.0,enhancement
mindsdb/mindsdb,/home/gilberto-1/github/wrapper_code_smile/output_analysis/1735243578.6335516/mindsdbmindsdb_analysis/8e6fa9f2999fa50d4aecdd713e3dc4f4a4a86a1d/input/modified/mindsdb/libs/ml_models/pytorch/libs/base_model.py,pytorch_call_method_misused,1,152,134.0,4cda9b874426e4ba96886d564d103d86c5067c4a,fixing xls file input and removing negative number representation,2018-12-06 21:19:13+00:00,MODIFY,149.0,1303.0,53de149cfb192a63b1873d5dd8505e7d8dc0d723,2023-10-11T22:09:50Z,2018-08-02T17:56:45Z,mindsdb/libs/ml_models/pytorch/libs/base_model.py,0.0,1.0,1.0,1.0,bug_fixing
mindsdb/mindsdb,/home/gilberto-1/github/wrapper_code_smile/output_analysis/1735243578.6335516/mindsdbmindsdb_analysis/b0cc56f7c2c86aa06f3d0fe5e62e61482bad8beb/input/modified/mindsdb/libs/model_examination/column_evaluator.py,columns_and_datatype_not_explicitly_set,1,103,678.0,38a406937e63eb1feecc35b166de821a49e06a6a,"Added stats generation for input values asscoiated with output sub buckets in column evaluator, removed stats generation for columns with bad or good importance scores",2019-05-28 10:52:54+00:00,MODIFY,680.0,1303.0,53de149cfb192a63b1873d5dd8505e7d8dc0d723,2023-10-11T22:09:50Z,2018-08-02T17:56:45Z,mindsdb/libs/model_examination/column_evaluator.py,1.0,0.0,1.0,1.0,new_feature
mindsdb/mindsdb,/home/gilberto-1/github/wrapper_code_smile/output_analysis/1735243578.6335516/mindsdbmindsdb_analysis/8b383b4ea3bc28299d7e6f9abeb3429886911ffc/input/modified/mindsdb/libs/phases/data_extractor/data_extractor.py,columns_and_datatype_not_explicitly_set,1,48,272.0,49b1e94b9dd96b559b4027d190a711293c8fc9db,data extractor making it pep8 compliant,2019-02-04 19:59:04+00:00,MODIFY,290.0,1303.0,53de149cfb192a63b1873d5dd8505e7d8dc0d723,2023-10-11T22:09:50Z,2018-08-02T17:56:45Z,mindsdb/libs/phases/data_extractor/data_extractor.py,0.0,0.0,0.0,1.0,refactoring
mindsdb/mindsdb,/home/gilberto-1/github/wrapper_code_smile/output_analysis/1735243578.6335516/mindsdbmindsdb_analysis/9cb061460ee5a51c226ecd6397b5d81ea591ca51/input/modified/mindsdb/libs/phases/data_extractor/data_extractor.py,columns_and_datatype_not_explicitly_set,1,164,191.0,ca3336ddab17e68184fc846b8ff2101b8da876e0,redo of data extractor,2019-01-18 05:53:54+00:00,MODIFY,253.0,1303.0,53de149cfb192a63b1873d5dd8505e7d8dc0d723,2023-10-11T22:09:50Z,2018-08-02T17:56:45Z,mindsdb/libs/phases/data_extractor/data_extractor.py,0.0,0.0,0.0,1.0,refactoring
mindsdb/mindsdb,/home/gilberto-1/github/wrapper_code_smile/output_analysis/1735243578.6335516/mindsdbmindsdb_analysis/c94603ee7589d1bd1663fb723175adb33fa1bc6f/input/modified/mindsdb/libs/phases/data_extractor/data_extractor.py,dataframe_conversion_api_misused,1,148,83.0,2be7d8f438a86e574ec04e9a4e6efa79c199f998,removing sqllite dependencies on the learna nd predict,2018-10-17 21:07:55+00:00,MODIFY,95.0,1303.0,53de149cfb192a63b1873d5dd8505e7d8dc0d723,2023-10-11T22:09:50Z,2018-08-02T17:56:45Z,mindsdb/libs/phases/data_extractor/data_extractor.py,0.0,0.0,1.0,1.0,enhancement
mindsdb/mindsdb,/home/gilberto-1/github/wrapper_code_smile/output_analysis/1735243578.6335516/mindsdbmindsdb_analysis/79d99d67f22e6a264122286280c62ccf358de9d0/input/modified/mindsdb/streams/stream_controller.py,columns_and_datatype_not_explicitly_set,1,84,3829.0,6925fa51b9b4b81e2491e53655e919d5358cca05,not convrting to ds when uncesessary,2021-08-12 09:53:08+00:00,MODIFY,3830.0,3830.0,53de149cfb192a63b1873d5dd8505e7d8dc0d723,2023-10-11T22:09:50Z,2018-08-02T17:56:45Z,mindsdb/streams/stream_controller.py,0.0,0.0,0.0,0.0,other
mindsdb/mindsdb,/home/gilberto-1/github/wrapper_code_smile/output_analysis/1735243578.6335516/mindsdbmindsdb_analysis/ec08046160d13f0e1217e68b5071acaf1a141541/input/modified/mindsdb/utilities/ml_task_queue/consumer.py,in_place_apis_misused,1,76,14578.0,9a57059c933f551c6026eb2316c0182b120f3d98,fix,2023-10-04 09:23:58+00:00,MODIFY,14579.0,14579.0,53de149cfb192a63b1873d5dd8505e7d8dc0d723,2023-10-11T22:09:50Z,2018-08-02T17:56:45Z,mindsdb/utilities/ml_task_queue/consumer.py,0.0,1.0,0.0,0.0,bug_fixing
