relative_path,function_name,project_name,smell_name,occurrence_id,filename,line,Commit_ID,change_type,commit_date,commit_message,modified_files,commit_number_from_start,new_feature,bug_fixing,enhancement,refactoring,first_commit_date,number_commits,first_commit_goal,release_hash,release_date,filename_rem,line_rem,new_commit,new_commit_message,new_commit_date,new_change_type,removing_number_commits,number_commits_rem,release_hash_rem,release_date_rem,first_commit_date_rem
AttentionGAN-v2/models/cycle_gan1_model.py,optimize_parameters,Ha0Tang/AttentionGAN,pytorch_call_method_misused,1,/home/gilberto-1/github/wrapper_code_smile/output_analysis/1735158796.965824/Ha0TangAttentionGAN_analysis/e6ea65747abe8a2a82e4acacf7f6ead4db4abac7/input/added/AttentionGAN-v2/models/cycle_gan1_model.py,193,e6ea65747abe8a2a82e4acacf7f6ead4db4abac7,added,2019-11-22 16:44:09+00:00,update AttentionGAN-v2,.DS_Store|.DS_Store|LICENSE.md|README.md|datasets.py|.DS_Store|bu3dfe_neutral_F0050_NE00BL_F2D.jpg|bu3dfe_neutral_F0050_NE00BL_F2D_1.jpg|bu3dfe_neutral_F0050_NE00BL_F2D_2.jpg|bu3dfe_neutral_F0050_NE00BL_F2D_3.jpg|bu3dfe_neutral_F0051_NE00WH_F2D.jpg|bu3dfe_neutral_F0051_NE00WH_F2D_1.jpg|bu3dfe_happy_F0051_HA02WH_F2D.jpg|bu3dfe_happy_F0051_HA03WH_F2D.jpg|bu3dfe_happy_F0051_HA04WH_F2D.jpg|bu3dfe_happy_F0052_HA01WH_F2D.jpg|bu3dfe_happy_F0052_HA02WH_F2D.jpg|bu3dfe_happy_F0052_HA03WH_F2D.jpg|bu3dfe_neutral_F0001_NE00WH_F2D.jpg|bu3dfe_neutral_F0001_NE00WH_F2D_1.jpg|bu3dfe_neutral_F0001_NE00WH_F2D_2.jpg|bu3dfe_neutral_F0001_NE00WH_F2D_3.jpg|bu3dfe_neutral_F0002_NE00BL_F2D.jpg|bu3dfe_neutral_F0002_NE00BL_F2D_1.jpg|bu3dfe_happy_F0001_HA03WH_F2D.jpg|bu3dfe_happy_F0001_HA04WH_F2D.jpg|bu3dfe_happy_F0002_HA01BL_F2D.jpg|bu3dfe_happy_F0002_HA02BL_F2D.jpg|bu3dfe_happy_F0002_HA03BL_F2D.jpg|bu3dfe_happy_F0002_HA04BL_F2D.jpg|bu3dfe_results.jpg|celeba_results.jpg|framework.jpg|mask.jpg|models.py|test.py|train.py|utils.py|LICENSE|README.md|__init__.py|__init__.cpython-36.pyc|base_dataset.cpython-36.pyc|image_folder.cpython-36.pyc|unaligned_dataset.cpython-36.pyc|base_dataset.py|image_folder.py|unaligned_dataset.py|download_cyclegan_dataset.sh|n02381460_1300.jpg|n02391049_1060.jpg|environment.yml|__init__.py|__init__.pyc|__init__.cpython-36.pyc|base_model.cpython-36.pyc|cycle_gan_model.cpython-36.pyc|networks.cpython-36.pyc|base_model.py|base_model.pyc|cycle_gan1_model.py|cycle_gan_model.py|networks.py|__init__.py|__init__.pyc|__init__.cpython-36.pyc|base_options.cpython-36.pyc|test_options.cpython-36.pyc|train_options.cpython-36.pyc|base_options.py|base_options.pyc|test_options.py|train_options.py|train_options.pyc|requirements.txt|.DS_Store|n02381460_1300_a10_a.png|n02381460_1300_a10_b.png|n02381460_1300_a1_a.png|n02381460_1300_a1_b.png|n02381460_1300_a2_a.png|n02381460_1300_a2_b.png|n02381460_1300_a3_a.png|n02381460_1300_a3_b.png|n02381460_1300_a4_a.png|n02381460_1300_a4_b.png|n02381460_1300_a5_a.png|n02381460_1300_a5_b.png|n02381460_1300_a6_a.png|n02381460_1300_a6_b.png|n02381460_1300_a7_a.png|n02381460_1300_a7_b.png|n02381460_1300_a8_a.png|n02381460_1300_a8_b.png|n02381460_1300_a9_a.png|n02381460_1300_a9_b.png|n02381460_1300_fake_A.png|n02381460_1300_fake_B.png|n02381460_1300_i1_a.png|n02381460_1300_i1_b.png|n02381460_1300_i2_a.png|n02381460_1300_i2_b.png|n02381460_1300_i3_a.png|n02381460_1300_i3_b.png|n02381460_1300_i4_a.png|n02381460_1300_i4_b.png|n02381460_1300_i5_a.png|n02381460_1300_i5_b.png|n02381460_1300_i6_a.png|n02381460_1300_i6_b.png|n02381460_1300_i7_a.png|n02381460_1300_i7_b.png|n02381460_1300_i8_a.png|n02381460_1300_i8_b.png|n02381460_1300_i9_a.png|n02381460_1300_i9_b.png|n02381460_1300_o10_a.png|n02381460_1300_o10_b.png|n02381460_1300_o1_a.png|n02381460_1300_o1_b.png|n02381460_1300_o2_a.png|n02381460_1300_o2_b.png|n02381460_1300_o3_a.png|n02381460_1300_o3_b.png|n02381460_1300_o4_a.png|n02381460_1300_o4_b.png|n02381460_1300_o5_a.png|n02381460_1300_o5_b.png|n02381460_1300_o6_a.png|n02381460_1300_o6_b.png|n02381460_1300_o7_a.png|n02381460_1300_o7_b.png|n02381460_1300_o8_a.png|n02381460_1300_o8_b.png|n02381460_1300_o9_a.png|n02381460_1300_o9_b.png|n02381460_1300_real_A.png|n02381460_1300_real_B.png|n02381460_1300_rec_A.png|n02381460_1300_rec_A_a1.png|n02381460_1300_rec_A_a10.png|n02381460_1300_rec_A_a2.png|n02381460_1300_rec_A_a3.png|n02381460_1300_rec_A_a4.png|n02381460_1300_rec_A_a5.png|n02381460_1300_rec_A_a6.png|n02381460_1300_rec_A_a7.png|n02381460_1300_rec_A_a8.png|n02381460_1300_rec_A_a9.png|n02381460_1300_rec_A_i1.png|n02381460_1300_rec_A_i2.png|n02381460_1300_rec_A_i3.png|n02381460_1300_rec_A_i4.png|n02381460_1300_rec_A_i5.png|n02381460_1300_rec_A_i6.png|n02381460_1300_rec_A_i7.png|n02381460_1300_rec_A_i8.png|n02381460_1300_rec_A_i9.png|n02381460_1300_rec_A_o1.png|n02381460_1300_rec_A_o10.png|n02381460_1300_rec_A_o2.png|n02381460_1300_rec_A_o3.png|n02381460_1300_rec_A_o4.png|n02381460_1300_rec_A_o5.png|n02381460_1300_rec_A_o6.png|n02381460_1300_rec_A_o7.png|n02381460_1300_rec_A_o8.png|n02381460_1300_rec_A_o9.png|n02381460_1300_rec_B.png|index.html|conda_deps.sh|download_cyclegan_model.sh|install_deps.sh|test_cyclegan.sh|train_cyclegan.sh|test.py|train.py|__init__.py|__init__.pyc|__init__.cpython-36.pyc|html.cpython-36.pyc|image_pool.cpython-36.pyc|util.cpython-36.pyc|visualizer.cpython-36.pyc|get_data.py|html.py|image_pool.py|util.py|util.pyc|visualizer.py,57.0,0.0,0.0,1.0,0.0,2019-07-09T13:54:20Z,216.0,enhancement,,,/home/gilberto-1/github/wrapper_code_smile/output_analysis/1735158796.965824/Ha0TangAttentionGAN_analysis/e6ea65747abe8a2a82e4acacf7f6ead4db4abac7/input/added/AttentionGAN-v2/models/cycle_gan1_model.py,193,79816a5e322dda90cf96951bdb74eae953cbc7b4,update readme,2019-11-22 16:46:04+00:00,RENAME,59.0,216.0,,,2019-07-09T13:54:20Z
AttentionGAN-v2/models/base_model.py,test,Ha0Tang/AttentionGAN,pytorch_call_method_misused,1,/home/gilberto-1/github/wrapper_code_smile/output_analysis/1735158796.965824/Ha0TangAttentionGAN_analysis/e6ea65747abe8a2a82e4acacf7f6ead4db4abac7/input/added/AttentionGAN-v2/models/base_model.py,105,e6ea65747abe8a2a82e4acacf7f6ead4db4abac7,added,2019-11-22 16:44:09+00:00,update AttentionGAN-v2,.DS_Store|.DS_Store|LICENSE.md|README.md|datasets.py|.DS_Store|bu3dfe_neutral_F0050_NE00BL_F2D.jpg|bu3dfe_neutral_F0050_NE00BL_F2D_1.jpg|bu3dfe_neutral_F0050_NE00BL_F2D_2.jpg|bu3dfe_neutral_F0050_NE00BL_F2D_3.jpg|bu3dfe_neutral_F0051_NE00WH_F2D.jpg|bu3dfe_neutral_F0051_NE00WH_F2D_1.jpg|bu3dfe_happy_F0051_HA02WH_F2D.jpg|bu3dfe_happy_F0051_HA03WH_F2D.jpg|bu3dfe_happy_F0051_HA04WH_F2D.jpg|bu3dfe_happy_F0052_HA01WH_F2D.jpg|bu3dfe_happy_F0052_HA02WH_F2D.jpg|bu3dfe_happy_F0052_HA03WH_F2D.jpg|bu3dfe_neutral_F0001_NE00WH_F2D.jpg|bu3dfe_neutral_F0001_NE00WH_F2D_1.jpg|bu3dfe_neutral_F0001_NE00WH_F2D_2.jpg|bu3dfe_neutral_F0001_NE00WH_F2D_3.jpg|bu3dfe_neutral_F0002_NE00BL_F2D.jpg|bu3dfe_neutral_F0002_NE00BL_F2D_1.jpg|bu3dfe_happy_F0001_HA03WH_F2D.jpg|bu3dfe_happy_F0001_HA04WH_F2D.jpg|bu3dfe_happy_F0002_HA01BL_F2D.jpg|bu3dfe_happy_F0002_HA02BL_F2D.jpg|bu3dfe_happy_F0002_HA03BL_F2D.jpg|bu3dfe_happy_F0002_HA04BL_F2D.jpg|bu3dfe_results.jpg|celeba_results.jpg|framework.jpg|mask.jpg|models.py|test.py|train.py|utils.py|LICENSE|README.md|__init__.py|__init__.cpython-36.pyc|base_dataset.cpython-36.pyc|image_folder.cpython-36.pyc|unaligned_dataset.cpython-36.pyc|base_dataset.py|image_folder.py|unaligned_dataset.py|download_cyclegan_dataset.sh|n02381460_1300.jpg|n02391049_1060.jpg|environment.yml|__init__.py|__init__.pyc|__init__.cpython-36.pyc|base_model.cpython-36.pyc|cycle_gan_model.cpython-36.pyc|networks.cpython-36.pyc|base_model.py|base_model.pyc|cycle_gan1_model.py|cycle_gan_model.py|networks.py|__init__.py|__init__.pyc|__init__.cpython-36.pyc|base_options.cpython-36.pyc|test_options.cpython-36.pyc|train_options.cpython-36.pyc|base_options.py|base_options.pyc|test_options.py|train_options.py|train_options.pyc|requirements.txt|.DS_Store|n02381460_1300_a10_a.png|n02381460_1300_a10_b.png|n02381460_1300_a1_a.png|n02381460_1300_a1_b.png|n02381460_1300_a2_a.png|n02381460_1300_a2_b.png|n02381460_1300_a3_a.png|n02381460_1300_a3_b.png|n02381460_1300_a4_a.png|n02381460_1300_a4_b.png|n02381460_1300_a5_a.png|n02381460_1300_a5_b.png|n02381460_1300_a6_a.png|n02381460_1300_a6_b.png|n02381460_1300_a7_a.png|n02381460_1300_a7_b.png|n02381460_1300_a8_a.png|n02381460_1300_a8_b.png|n02381460_1300_a9_a.png|n02381460_1300_a9_b.png|n02381460_1300_fake_A.png|n02381460_1300_fake_B.png|n02381460_1300_i1_a.png|n02381460_1300_i1_b.png|n02381460_1300_i2_a.png|n02381460_1300_i2_b.png|n02381460_1300_i3_a.png|n02381460_1300_i3_b.png|n02381460_1300_i4_a.png|n02381460_1300_i4_b.png|n02381460_1300_i5_a.png|n02381460_1300_i5_b.png|n02381460_1300_i6_a.png|n02381460_1300_i6_b.png|n02381460_1300_i7_a.png|n02381460_1300_i7_b.png|n02381460_1300_i8_a.png|n02381460_1300_i8_b.png|n02381460_1300_i9_a.png|n02381460_1300_i9_b.png|n02381460_1300_o10_a.png|n02381460_1300_o10_b.png|n02381460_1300_o1_a.png|n02381460_1300_o1_b.png|n02381460_1300_o2_a.png|n02381460_1300_o2_b.png|n02381460_1300_o3_a.png|n02381460_1300_o3_b.png|n02381460_1300_o4_a.png|n02381460_1300_o4_b.png|n02381460_1300_o5_a.png|n02381460_1300_o5_b.png|n02381460_1300_o6_a.png|n02381460_1300_o6_b.png|n02381460_1300_o7_a.png|n02381460_1300_o7_b.png|n02381460_1300_o8_a.png|n02381460_1300_o8_b.png|n02381460_1300_o9_a.png|n02381460_1300_o9_b.png|n02381460_1300_real_A.png|n02381460_1300_real_B.png|n02381460_1300_rec_A.png|n02381460_1300_rec_A_a1.png|n02381460_1300_rec_A_a10.png|n02381460_1300_rec_A_a2.png|n02381460_1300_rec_A_a3.png|n02381460_1300_rec_A_a4.png|n02381460_1300_rec_A_a5.png|n02381460_1300_rec_A_a6.png|n02381460_1300_rec_A_a7.png|n02381460_1300_rec_A_a8.png|n02381460_1300_rec_A_a9.png|n02381460_1300_rec_A_i1.png|n02381460_1300_rec_A_i2.png|n02381460_1300_rec_A_i3.png|n02381460_1300_rec_A_i4.png|n02381460_1300_rec_A_i5.png|n02381460_1300_rec_A_i6.png|n02381460_1300_rec_A_i7.png|n02381460_1300_rec_A_i8.png|n02381460_1300_rec_A_i9.png|n02381460_1300_rec_A_o1.png|n02381460_1300_rec_A_o10.png|n02381460_1300_rec_A_o2.png|n02381460_1300_rec_A_o3.png|n02381460_1300_rec_A_o4.png|n02381460_1300_rec_A_o5.png|n02381460_1300_rec_A_o6.png|n02381460_1300_rec_A_o7.png|n02381460_1300_rec_A_o8.png|n02381460_1300_rec_A_o9.png|n02381460_1300_rec_B.png|index.html|conda_deps.sh|download_cyclegan_model.sh|install_deps.sh|test_cyclegan.sh|train_cyclegan.sh|test.py|train.py|__init__.py|__init__.pyc|__init__.cpython-36.pyc|html.cpython-36.pyc|image_pool.cpython-36.pyc|util.cpython-36.pyc|visualizer.cpython-36.pyc|get_data.py|html.py|image_pool.py|util.py|util.pyc|visualizer.py,57.0,0.0,0.0,1.0,0.0,2019-07-09T13:54:20Z,216.0,enhancement,,,/home/gilberto-1/github/wrapper_code_smile/output_analysis/1735158796.965824/Ha0TangAttentionGAN_analysis/e6ea65747abe8a2a82e4acacf7f6ead4db4abac7/input/added/AttentionGAN-v2/models/base_model.py,105,79816a5e322dda90cf96951bdb74eae953cbc7b4,update readme,2019-11-22 16:46:04+00:00,RENAME,59.0,216.0,,,2019-07-09T13:54:20Z
AttentionGAN_geo/attention_gan_model.py,optimize_parameters,Ha0Tang/AttentionGAN,pytorch_call_method_misused,1,/home/gilberto-1/github/wrapper_code_smile/output_analysis/1735158796.965824/Ha0TangAttentionGAN_analysis/919437f526e6ed7c371bc25299daeede4f61bf20/input/added/AttentionGAN_geo/attention_gan_model.py,194,919437f526e6ed7c371bc25299daeede4f61bf20,added,2019-12-20 00:57:17+00:00,update code,attention_gan_model.py|networks.py,189.0,0.0,0.0,1.0,0.0,2019-07-09T13:54:20Z,216.0,enhancement,,,/home/gilberto-1/github/wrapper_code_smile/output_analysis/1735158796.965824/Ha0TangAttentionGAN_analysis/919437f526e6ed7c371bc25299daeede4f61bf20/input/added/AttentionGAN_geo/attention_gan_model.py,194,e25518cc11b73fc527f4af580c31f05a3ed0f296,update pretrained models,2020-01-01 18:10:06+00:00,RENAME,207.0,216.0,,,2019-07-09T13:54:20Z
Modules/Biophotonics/python/iMC/script_analyze_ipcai_in_silico.py,evaluate_data,MITK/MITK,columns_and_datatype_not_explicitly_set,1,/home/gilberto-1/github/wrapper_code_smile/output_analysis/1735158796.965824/MITKMITK_analysis/33857fd38f1b6ebaf629f9e0e5b1dbb16c91ada9/input/modified/Modules/Biophotonics/python/iMC/script_analyze_ipcai_in_silico.py,230,33857fd38f1b6ebaf629f9e0e5b1dbb16c91ada9,modified,2016-01-04 16:35:36+00:00,Switch to dataframes for in silico plot. Complete.,batches.py|dfmanipulations.py|factories.py|script_FAP_DA_analyzer.py|script_analyze_ipcai_in_silico.py,32368.0,0.0,0.0,1.0,0.0,2011-05-17T13:21:51Z,40950.0,enhancement,,,/home/gilberto-1/github/wrapper_code_smile/output_analysis/1735158796.965824/MITKMITK_analysis/4d9ed010a571c710d787da9bbb4c4029bc23ed69/input/modified/Modules/Biophotonics/python/iMC/script_analyze_ipcai_in_silico.py,279,ebc35899df227ff13e6e51259b532c46cd4d58a0,Updated iMC so tests run again.,2016-02-05 12:24:25+00:00,DELETE,32492.0,40950.0,,,2011-05-17T13:21:51Z
Modules/Biophotonics/python/iMC/script_analyze_ipcai_in_silico.py,run,MITK/MITK,columns_and_datatype_not_explicitly_set,1,/home/gilberto-1/github/wrapper_code_smile/output_analysis/1735158796.965824/MITKMITK_analysis/33857fd38f1b6ebaf629f9e0e5b1dbb16c91ada9/input/modified/Modules/Biophotonics/python/iMC/script_analyze_ipcai_in_silico.py,68,33857fd38f1b6ebaf629f9e0e5b1dbb16c91ada9,modified,2016-01-04 16:35:36+00:00,Switch to dataframes for in silico plot. Complete.,batches.py|dfmanipulations.py|factories.py|script_FAP_DA_analyzer.py|script_analyze_ipcai_in_silico.py,32368.0,0.0,0.0,1.0,0.0,2011-05-17T13:21:51Z,40950.0,enhancement,,,/home/gilberto-1/github/wrapper_code_smile/output_analysis/1735158796.965824/MITKMITK_analysis/4d9ed010a571c710d787da9bbb4c4029bc23ed69/input/modified/Modules/Biophotonics/python/iMC/script_analyze_ipcai_in_silico.py,279,ebc35899df227ff13e6e51259b532c46cd4d58a0,Updated iMC so tests run again.,2016-02-05 12:24:25+00:00,DELETE,32492.0,40950.0,,,2011-05-17T13:21:51Z
NomeroffNet/nnmodels/numberplate_inverse_model.py,step,ria-com/nomeroff-net,pytorch_call_method_misused,1,/home/gilberto-1/github/wrapper_code_smile/output_analysis/1735158796.965824/ria-comnomeroff-net_analysis/2ba2b060851fc509d69e55bfb8031ea9c8bdeb60/input/added/NomeroffNet/nnmodels/numberplate_inverse_model.py,58,2ba2b060851fc509d69e55bfb8031ea9c8bdeb60,added,2021-09-13 12:56:26+00:00,Draft inverse detection code added,InverseDetector.py|__init__.py|data_loaders_simple.py|numberplate_inverse_data_module.py|numberplate_inverse_model.py|mcm.py|inverse-classification-train.ipynb,822.0,1.0,0.0,0.0,0.0,2018-12-10T13:56:51Z,452.0,new_feature,ca6498334cca489b0d8cec3ce05015743433837e,2022-07-21T11:21:07Z,/home/gilberto-1/github/wrapper_code_smile/output_analysis/1735158796.965824/ria-comnomeroff-net_analysis/2ba2b060851fc509d69e55bfb8031ea9c8bdeb60/input/added/NomeroffNet/nnmodels/numberplate_inverse_model.py,58,6d4c40ce73812de0f125a35738e109c1cc7e9903,Initialize 3.0.0,2021-12-20 16:33:40+00:00,RENAME,911.0,452.0,81d91f5bd47c32ad5c0b0d224f8a06d1517b8436,2022-05-20T14:00:34Z,2018-12-10T13:56:51Z
NomeroffNet/nnmodels/numberplate_options_model.py,step,ria-com/nomeroff-net,pytorch_call_method_misused,1,/home/gilberto-1/github/wrapper_code_smile/output_analysis/1735158796.965824/ria-comnomeroff-net_analysis/02aff494f21f95bf8f1459d7d476565c3a1dac47/input/modified/NomeroffNet/nnmodels/numberplate_options_model.py,72,02aff494f21f95bf8f1459d7d476565c3a1dac47,modified,2021-07-08 16:41:44+00:00,Added accuracy,numberplate_options_model.py,705.0,1.0,0.0,0.0,0.0,2018-12-10T13:56:51Z,452.0,new_feature,ca6498334cca489b0d8cec3ce05015743433837e,2022-07-21T11:21:07Z,/home/gilberto-1/github/wrapper_code_smile/output_analysis/1735158796.965824/ria-comnomeroff-net_analysis/e03f8950bf34388ca1363f5f98cddd2a2c171b97/input/modified/NomeroffNet/nnmodels/numberplate_options_model.py,130,6d4c40ce73812de0f125a35738e109c1cc7e9903,Initialize 3.0.0,2021-12-20 16:33:40+00:00,RENAME,910.0,452.0,81d91f5bd47c32ad5c0b0d224f8a06d1517b8436,2022-05-20T14:00:34Z,2018-12-10T13:56:51Z
NomeroffNet/nnmodels/numberplate_orientation_model.py,step,ria-com/nomeroff-net,pytorch_call_method_misused,1,/home/gilberto-1/github/wrapper_code_smile/output_analysis/1735158796.965824/ria-comnomeroff-net_analysis/25837695f2f5b00d22fed618beb71330874a735f/input/added/NomeroffNet/nnmodels/numberplate_orientation_model.py,56,25837695f2f5b00d22fed618beb71330874a735f,added,2021-07-12 10:40:39+00:00,Added OrientationDetector.py,OptionsDetector.py|OrientationDetector.py|__init__.py|data_loaders.py|numberplate_options_data_module.py|classification_model.py|numberplate_options_model.py|numberplate_orientation_model.py|0038SC-0.json|0038SC-0.json|0038SC-0.json|number-plate-recognition-rotation-demo.ipynb,721.0,1.0,0.0,0.0,0.0,2018-12-10T13:56:51Z,452.0,new_feature,ca6498334cca489b0d8cec3ce05015743433837e,2022-07-21T11:21:07Z,/home/gilberto-1/github/wrapper_code_smile/output_analysis/1735158796.965824/ria-comnomeroff-net_analysis/be04d6c13ddfa361bec97342df62240db95a0e2d/input/modified/NomeroffNet/nnmodels/numberplate_orientation_model.py,58,6d4c40ce73812de0f125a35738e109c1cc7e9903,Initialize 3.0.0,2021-12-20 16:33:40+00:00,RENAME,911.0,452.0,81d91f5bd47c32ad5c0b0d224f8a06d1517b8436,2022-05-20T14:00:34Z,2018-12-10T13:56:51Z
NomeroffNet/nnmodels/ocr_model.py,step,ria-com/nomeroff-net,pytorch_call_method_misused,1,/home/gilberto-1/github/wrapper_code_smile/output_analysis/1735158796.965824/ria-comnomeroff-net_analysis/9f4b926a9f8eed60262cb810dc7f3231dd40e81d/input/added/NomeroffNet/nnmodels/ocr_model.py,73,9f4b926a9f8eed60262cb810dc7f3231dd40e81d,added,2021-07-13 12:12:46+00:00,Added OCR pytorch,OptionsDetector.py|am.py|base.py|by.py|eu.py|eu_ua_1995.py|eu_ua_2004_2015.py|ge.py|kg.py|kz.py|ru.py|su.py|TextImageGenerator.py|__init__.py|ocr.py|ocr_base.py|data_loaders.py|numberplate_ocr_data_module.py|numberplate_options_data_module.py|ocr_model.py|ocr_tools.py|requirements.txt|ocr-by-train.ipynb,725.0,1.0,0.0,0.0,0.0,2018-12-10T13:56:51Z,452.0,new_feature,ca6498334cca489b0d8cec3ce05015743433837e,2022-07-21T11:21:07Z,/home/gilberto-1/github/wrapper_code_smile/output_analysis/1735158796.965824/ria-comnomeroff-net_analysis/e20d61ef5aee6b0d1dbe92f68d2646b822d587f6/input/modified/NomeroffNet/nnmodels/ocr_model.py,187,6d4c40ce73812de0f125a35738e109c1cc7e9903,Initialize 3.0.0,2021-12-20 16:33:40+00:00,RENAME,911.0,452.0,81d91f5bd47c32ad5c0b0d224f8a06d1517b8436,2022-05-20T14:00:34Z,2018-12-10T13:56:51Z
__main__.py,train_model,biolib/openprotein,gradients_not_cleared_before_backward_propagation,1,/home/gilberto-1/github/wrapper_code_smile/output_analysis/1735158796.965824/biolibopenprotein_analysis/38d8888cfb9a657ab1c686d87980bb711422f6e5/input/modified/__main__.py,102,38d8888cfb9a657ab1c686d87980bb711422f6e5,modified,2018-12-09 00:54:10+00:00,"Ngl viewer (#2)

* move web to subdirectory

* ngl viewer",__main__.py|cli.py|dashboard.py|stats.html|.gitignore|README.md|images.d.ts|package-lock.json|package.json|index.html|manifest.json|App.css|App.test.tsx|App.tsx|Metrics.tsx|Visualizer.tsx|index.css|index.tsx|registerServiceWorker.ts|tsconfig.json|tsconfig.prod.json|tsconfig.test.json|tslint.json|yarn.lock,13.0,0.0,0.0,0.0,1.0,2018-09-08T15:19:22Z,163.0,refactoring,,,/home/gilberto-1/github/wrapper_code_smile/output_analysis/1735158796.965824/biolibopenprotein_analysis/3a3c316532bce0e0acda695c82bb49d4daa46613/input/modified/__main__.py,100,023380169c2c0750e8fe52b574e08da7a9baadf4,migrate training to its own file,2019-04-22 18:55:09+00:00,MODIFY,45.0,163.0,,,2018-09-08T15:19:22Z
bert/optimization_test.py,test_adam,hanxiao/bert-as-service,tensor_array_not_used,1,/home/gilberto-1/github/wrapper_code_smile/output_analysis/1735243578.6335516/hanxiaobert-as-service_analysis/7e5325874133a8f54d207fdb92b2118e5a53ed7e/input/modified/bert/optimization_test.py,32,7e5325874133a8f54d207fdb92b2118e5a53ed7e,modified,2018-11-12 07:34:03+00:00,update readme,README.md|__init__.py|extract_features.py|modeling.py|modeling_test.py|optimization.py|optimization_test.py|tokenization_test.py,221.0,0.0,0.0,1.0,0.0,2018-11-12T10:48:50Z,1633.0,enhancement,5e805354251d4782bd0a172d0208c937a973ee31,2018-12-10T06:00:37Z,/home/gilberto-1/github/wrapper_code_smile/output_analysis/1735243578.6335516/hanxiaobert-as-service_analysis/7e5325874133a8f54d207fdb92b2118e5a53ed7e/input/modified/bert/optimization_test.py,32,63d2fa1e0e6da1da35132b3c63cade1ab2415e0b,restructure to fit pypi package,2018-12-06 03:31:26+00:00,RENAME,768.0,1633.0,fce57a375673ba01bce1f87356d060485b2a357d,2018-11-16T07:17:50Z,2018-11-12T10:48:50Z
component/bench.py,load_monitor_log,ShangtongZhang/DeepRL,columns_and_datatype_not_explicitly_set,1,/home/gilberto-1/github/wrapper_code_smile/output_analysis/1735158796.965824/ShangtongZhangDeepRL_analysis/8623fe849b0570d3339a76b12d9c18ec5171ddd7/input/modified/component/bench.py,116,8623fe849b0570d3339a76b12d9c18ec5171ddd7,modified,2018-04-07 16:11:33+00:00,Regenerate images,README.md|A2C_agent.py|CategoricalDQN_agent.py|bench.py|A2C-NStepQ.png|A3C-Pong.png|ACVP.png|Async-Pong.png|CategoricalDQN.png|Continuous-A3C.png|DDPG.png|DQN-Pong.png|DQN-breakout.png|P3O.png|QRDQN.png|main.py|__init__.py|misc.py|plot.py,173.0,0.0,0.0,1.0,0.0,2017-04-20T19:59:53Z,404.0,enhancement,e427e8f73f7d6c6ae0283a7a4438b724725ec192,2018-04-02T21:22:56Z,/home/gilberto-1/github/wrapper_code_smile/output_analysis/1735158796.965824/ShangtongZhangDeepRL_analysis/8623fe849b0570d3339a76b12d9c18ec5171ddd7/input/modified/component/bench.py,116,fb958208036d21ce45ef7c279eda27313d9ed0b6,Package the project,2018-05-07 22:49:01+00:00,RENAME,227.0,404.0,e427e8f73f7d6c6ae0283a7a4438b724725ec192,2018-04-02T21:22:56Z,2017-04-20T19:59:53Z
component/bench.py,load_results,ShangtongZhang/DeepRL,columns_and_datatype_not_explicitly_set,1,/home/gilberto-1/github/wrapper_code_smile/output_analysis/1735158796.965824/ShangtongZhangDeepRL_analysis/e427e8f73f7d6c6ae0283a7a4438b724725ec192/input/added/component/bench.py,118,e427e8f73f7d6c6ae0283a7a4438b724725ec192,added,2018-04-02 21:22:56+00:00,Add baselines' plotter,__init__.py|bench.py|task.py|main.py|plot.py,163.0,1.0,0.0,0.0,0.0,2017-04-20T19:59:53Z,404.0,new_feature,e427e8f73f7d6c6ae0283a7a4438b724725ec192,2018-04-02T21:22:56Z,/home/gilberto-1/github/wrapper_code_smile/output_analysis/1735158796.965824/ShangtongZhangDeepRL_analysis/8623fe849b0570d3339a76b12d9c18ec5171ddd7/input/modified/component/bench.py,116,fb958208036d21ce45ef7c279eda27313d9ed0b6,Package the project,2018-05-07 22:49:01+00:00,RENAME,227.0,404.0,e427e8f73f7d6c6ae0283a7a4438b724725ec192,2018-04-02T21:22:56Z,2017-04-20T19:59:53Z
component/bench.py,load_results,ShangtongZhang/DeepRL,columns_and_datatype_not_explicitly_set,1,/home/gilberto-1/github/wrapper_code_smile/output_analysis/1735158796.965824/ShangtongZhangDeepRL_analysis/e427e8f73f7d6c6ae0283a7a4438b724725ec192/input/added/component/bench.py,118,e427e8f73f7d6c6ae0283a7a4438b724725ec192,added,2018-04-02 21:22:56+00:00,Add baselines' plotter,__init__.py|bench.py|task.py|main.py|plot.py,163.0,1.0,0.0,0.0,0.0,2017-04-20T19:59:53Z,404.0,new_feature,e427e8f73f7d6c6ae0283a7a4438b724725ec192,2018-04-02T21:22:56Z,/home/gilberto-1/github/wrapper_code_smile/output_analysis/1735158796.965824/ShangtongZhangDeepRL_analysis/e427e8f73f7d6c6ae0283a7a4438b724725ec192/input/added/component/bench.py,118,8623fe849b0570d3339a76b12d9c18ec5171ddd7,Regenerate images,2018-04-07 16:11:33+00:00,MODIFY,173.0,404.0,e427e8f73f7d6c6ae0283a7a4438b724725ec192,2018-04-02T21:22:56Z,2017-04-20T19:59:53Z
data/dataset.py,__init__,tlatkowski/multihead-siamese-nets,columns_and_datatype_not_explicitly_set,1,/home/gilberto-1/github/wrapper_code_smile/output_analysis/1735158796.965824/tlatkowskimultihead-siamese-nets_analysis/ca3d147dbbe8ba9464d9a82f2034c981c2a2333c/input/modified/data/dataset.py,33,ca3d147dbbe8ba9464d9a82f2034c981c2a2333c,modified,2018-03-21 20:56:51+00:00,modification in data loading,data_loader.py|dataset.py,70.0,0.0,0.0,1.0,0.0,2018-01-03T20:25:46Z,151.0,enhancement,,,/home/gilberto-1/github/wrapper_code_smile/output_analysis/1735158796.965824/tlatkowskimultihead-siamese-nets_analysis/f7e86c005a5779e5c2ecc15651bf662440f25684/input/modified/data/dataset.py,65,71c5b78991d0d1ef97448ee5db443acf82042548,init anli dataset,2019-11-04 09:11:37+00:00,MODIFY,117.0,151.0,,,2018-01-03T20:25:46Z
data/dataset.py,__init__,tlatkowski/multihead-siamese-nets,columns_and_datatype_not_explicitly_set,3,/home/gilberto-1/github/wrapper_code_smile/output_analysis/1735158796.965824/tlatkowskimultihead-siamese-nets_analysis/ca3d147dbbe8ba9464d9a82f2034c981c2a2333c/input/modified/data/dataset.py,52,ca3d147dbbe8ba9464d9a82f2034c981c2a2333c,modified,2018-03-21 20:56:51+00:00,modification in data loading,data_loader.py|dataset.py,70.0,0.0,0.0,1.0,0.0,2018-01-03T20:25:46Z,151.0,enhancement,,,/home/gilberto-1/github/wrapper_code_smile/output_analysis/1735158796.965824/tlatkowskimultihead-siamese-nets_analysis/a3c2a43540325443f061a74b4a2ddf5bb1c9fb2a/input/modified/data/dataset.py,52,1b689b7e678fea38765569f187c6468e975d15d0,supporting verious datasets,2018-03-25 08:38:54+00:00,MODIFY,72.0,151.0,,,2018-01-03T20:25:46Z
data/dataset.py,__init__,tlatkowski/multihead-siamese-nets,columns_and_datatype_not_explicitly_set,1,/home/gilberto-1/github/wrapper_code_smile/output_analysis/1735158796.965824/tlatkowskimultihead-siamese-nets_analysis/1b689b7e678fea38765569f187c6468e975d15d0/input/modified/data/dataset.py,65,1b689b7e678fea38765569f187c6468e975d15d0,modified,2018-03-25 08:38:54+00:00,supporting verious datasets,data.py|data_loader.py|data_utils.py|dataset.py|run.py|batch_helper.py,72.0,0.0,0.0,1.0,0.0,2018-01-03T20:25:46Z,151.0,enhancement,,,/home/gilberto-1/github/wrapper_code_smile/output_analysis/1735158796.965824/tlatkowskimultihead-siamese-nets_analysis/f7e86c005a5779e5c2ecc15651bf662440f25684/input/modified/data/dataset.py,65,71c5b78991d0d1ef97448ee5db443acf82042548,init anli dataset,2019-11-04 09:11:37+00:00,MODIFY,117.0,151.0,,,2018-01-03T20:25:46Z
transfer_nlp/loaders/loaders.py,load_dataset_and_load_vectorizer,feedly/transfer-nlp,columns_and_datatype_not_explicitly_set,1,/home/gilberto-1/github/wrapper_code_smile/output_analysis/1735243578.6335516/feedlytransfer-nlp_analysis/6997da88295f9b653c9d9e324ad76ca18e980deb/input/added/transfer_nlp/loaders/loaders.py,65,6997da88295f9b653c9d9e324ad76ca18e980deb,added,2019-03-12 20:07:31+00:00,initial commit,README.md|download.py|feedly_data.py|get-all-data.sh|requirements.txt|README.md|utils.cpython-36.pyc|utils.py|embeddings.py|pre_trained.py|utils.py|cbow.json|feedlyGeneration.json|mlp.json|newsClassifier.json|nmt.json|perceptron.json|surnameClassifier.json|surnamesGeneration.json|surnamesRNN.json|ngrams.py|loaders.cpython-36.pyc|vectorizers.cpython-36.pyc|vocabulary.cpython-36.pyc|loaders.py|vectorizers.py|vocabulary.py|perceptron.cpython-36.pyc|cbow.py|cnn.py|generation.py|nmt.py|perceptrons.py|rnn.py|runner.py|utils.py,2.0,0.0,0.0,0.0,0.0,2019-03-12T20:00:31Z,465.0,other,b6a86e31d7c1f5cb6b7e2900d4371a862ead5d8d,2019-06-17T19:51:29Z,/home/gilberto-1/github/wrapper_code_smile/output_analysis/1735243578.6335516/feedlytransfer-nlp_analysis/501e38c3bce0f90396cdb1bef49a124f76e53137/input/modified/transfer_nlp/loaders/loaders.py,122,232811f4793fba3af960b2c40de337f0eaa3ec8b,clean project,2019-04-22 22:11:02+00:00,MODIFY,165.0,465.0,85515b73165c299b7a9b96d3608bd4e8ee567154,2020-05-28T17:31:53Z,2019-03-12T20:00:31Z
transfer_nlp/loaders/loaders.py,load_dataset_and_make_vectorizer,feedly/transfer-nlp,columns_and_datatype_not_explicitly_set,1,/home/gilberto-1/github/wrapper_code_smile/output_analysis/1735243578.6335516/feedlytransfer-nlp_analysis/6997da88295f9b653c9d9e324ad76ca18e980deb/input/added/transfer_nlp/loaders/loaders.py,90,6997da88295f9b653c9d9e324ad76ca18e980deb,added,2019-03-12 20:07:31+00:00,initial commit,README.md|download.py|feedly_data.py|get-all-data.sh|requirements.txt|README.md|utils.cpython-36.pyc|utils.py|embeddings.py|pre_trained.py|utils.py|cbow.json|feedlyGeneration.json|mlp.json|newsClassifier.json|nmt.json|perceptron.json|surnameClassifier.json|surnamesGeneration.json|surnamesRNN.json|ngrams.py|loaders.cpython-36.pyc|vectorizers.cpython-36.pyc|vocabulary.cpython-36.pyc|loaders.py|vectorizers.py|vocabulary.py|perceptron.cpython-36.pyc|cbow.py|cnn.py|generation.py|nmt.py|perceptrons.py|rnn.py|runner.py|utils.py,2.0,0.0,0.0,0.0,0.0,2019-03-12T20:00:31Z,465.0,other,b6a86e31d7c1f5cb6b7e2900d4371a862ead5d8d,2019-06-17T19:51:29Z,/home/gilberto-1/github/wrapper_code_smile/output_analysis/1735243578.6335516/feedlytransfer-nlp_analysis/501e38c3bce0f90396cdb1bef49a124f76e53137/input/modified/transfer_nlp/loaders/loaders.py,122,232811f4793fba3af960b2c40de337f0eaa3ec8b,clean project,2019-04-22 22:11:02+00:00,MODIFY,165.0,465.0,85515b73165c299b7a9b96d3608bd4e8ee567154,2020-05-28T17:31:53Z,2019-03-12T20:00:31Z
data_prep.py,get_data,AaronWard/covidify,columns_and_datatype_not_explicitly_set,1,/home/gilberto-1/github/wrapper_code_smile/output_analysis/1735243578.6335516/AaronWardcovidify_analysis/bba3de2e145f4c6182ecb402fb528a663e9f9f1d/input/added/data_prep.py,83,bba3de2e145f4c6182ecb402fb528a663e9f9f1d,added,2020-01-30 00:11:41+00:00,ADD - initial commit,updated_2020-01-30.parquet.gzip|data_prep.ipynb|data_prep.py,2.0,1.0,0.0,0.0,0.0,2020-01-30T00:08:53Z,270.0,new_feature,c3e722b60824c8739045ac4c57b50b1478a995b2,2020-06-17T09:18:27Z,/home/gilberto-1/github/wrapper_code_smile/output_analysis/1735243578.6335516/AaronWardcovidify_analysis/ddc21a591c4d3ccabb245e092309cc1fffa1be48/input/modified/data_prep.py,83,26e91cdd81d12cf245ec8d97b7900d2e68c180db,"UPDATE - automated the running of the pipeline, and cleaned up folder structure",2020-01-31 13:24:38+00:00,RENAME,22.0,270.0,c3e722b60824c8739045ac4c57b50b1478a995b2,2020-06-17T09:18:27Z,2020-01-30T00:08:53Z
deepface/commons/functions.py,align_face,serengil/deepface,columns_and_datatype_not_explicitly_set,1,/home/gilberto-1/github/wrapper_code_smile/output_analysis/1735243578.6335516/serengildeepface_analysis/b9abfb9c00020c2bb616e52a6b5d0447f66afd0d/input/modified/deepface/commons/functions.py,337,b9abfb9c00020c2bb616e52a6b5d0447f66afd0d,modified,2020-09-05 19:47:20+00:00,new backends for detectors,DeepFace.py|distance.py|functions.py|unit_tests.py,330.0,1.0,0.0,0.0,0.0,2020-02-08T20:42:28Z,297.0,new_feature,3a300712146f57d116f66aa34e0dfc7d186d6c8c,2024-03-17T12:07:27Z,/home/gilberto-1/github/wrapper_code_smile/output_analysis/1735243578.6335516/serengildeepface_analysis/974f8bf27bfe5c297d0358e20b2d7e4d45c58dc6/input/modified/deepface/commons/functions.py,409,b898f97b3875140fe37823f535cabd18859ba52c,detector mechanism,2021-04-28 18:42:58+00:00,MODIFY,505.0,297.0,ca8a149732bc3564378da5eab622b843115a4875,2024-02-25T14:33:14Z,2020-02-08T20:42:28Z
deepface/commons/functions.py,align_face,serengil/deepface,columns_and_datatype_not_explicitly_set,1,/home/gilberto-1/github/wrapper_code_smile/output_analysis/1735243578.6335516/serengildeepface_analysis/b9abfb9c00020c2bb616e52a6b5d0447f66afd0d/input/modified/deepface/commons/functions.py,337,b9abfb9c00020c2bb616e52a6b5d0447f66afd0d,modified,2020-09-05 19:47:20+00:00,new backends for detectors,DeepFace.py|distance.py|functions.py|unit_tests.py,330.0,1.0,0.0,0.0,0.0,2020-02-08T20:42:28Z,297.0,new_feature,3a300712146f57d116f66aa34e0dfc7d186d6c8c,2024-03-17T12:07:27Z,/home/gilberto-1/github/wrapper_code_smile/output_analysis/1735243578.6335516/serengildeepface_analysis/b663ac641bf9f861668b8c19d6ade517a2e42171/input/modified/deepface/commons/functions.py,496,6e4cf067380fff747d4222ada2871997e18aeae4,check face_detector global variable initialized,2020-11-29 19:02:31+00:00,MODIFY,382.0,297.0,ca8a149732bc3564378da5eab622b843115a4875,2024-02-25T14:33:14Z,2020-02-08T20:42:28Z
deepface/commons/functions.py,allocateMemory,serengil/deepface,columns_and_datatype_not_explicitly_set,1,/home/gilberto-1/github/wrapper_code_smile/output_analysis/1735243578.6335516/serengildeepface_analysis/79e481ee7c5a6be47f1681a12204556df388c9a6/input/modified/deepface/commons/functions.py,370,79e481ee7c5a6be47f1681a12204556df388c9a6,modified,2020-06-16 20:48:18+00:00,deepid model added,DeepFace.py|DeepID.py|functions.py|unit_tests.py,267.0,1.0,0.0,0.0,0.0,2020-02-08T20:42:28Z,297.0,new_feature,3a300712146f57d116f66aa34e0dfc7d186d6c8c,2024-03-17T12:07:27Z,/home/gilberto-1/github/wrapper_code_smile/output_analysis/1735243578.6335516/serengildeepface_analysis/974f8bf27bfe5c297d0358e20b2d7e4d45c58dc6/input/modified/deepface/commons/functions.py,409,b898f97b3875140fe37823f535cabd18859ba52c,detector mechanism,2021-04-28 18:42:58+00:00,MODIFY,505.0,297.0,ca8a149732bc3564378da5eab622b843115a4875,2024-02-25T14:33:14Z,2020-02-08T20:42:28Z
deepface/commons/functions.py,allocateMemory,serengil/deepface,columns_and_datatype_not_explicitly_set,1,/home/gilberto-1/github/wrapper_code_smile/output_analysis/1735243578.6335516/serengildeepface_analysis/79e481ee7c5a6be47f1681a12204556df388c9a6/input/modified/deepface/commons/functions.py,370,79e481ee7c5a6be47f1681a12204556df388c9a6,modified,2020-06-16 20:48:18+00:00,deepid model added,DeepFace.py|DeepID.py|functions.py|unit_tests.py,267.0,1.0,0.0,0.0,0.0,2020-02-08T20:42:28Z,297.0,new_feature,3a300712146f57d116f66aa34e0dfc7d186d6c8c,2024-03-17T12:07:27Z,/home/gilberto-1/github/wrapper_code_smile/output_analysis/1735243578.6335516/serengildeepface_analysis/b663ac641bf9f861668b8c19d6ade517a2e42171/input/modified/deepface/commons/functions.py,496,6e4cf067380fff747d4222ada2871997e18aeae4,check face_detector global variable initialized,2020-11-29 19:02:31+00:00,MODIFY,382.0,297.0,ca8a149732bc3564378da5eab622b843115a4875,2024-02-25T14:33:14Z,2020-02-08T20:42:28Z
deepface/commons/functions.py,allocateMemory,serengil/deepface,columns_and_datatype_not_explicitly_set,1,/home/gilberto-1/github/wrapper_code_smile/output_analysis/1735243578.6335516/serengildeepface_analysis/79e481ee7c5a6be47f1681a12204556df388c9a6/input/modified/deepface/commons/functions.py,370,79e481ee7c5a6be47f1681a12204556df388c9a6,modified,2020-06-16 20:48:18+00:00,deepid model added,DeepFace.py|DeepID.py|functions.py|unit_tests.py,267.0,1.0,0.0,0.0,0.0,2020-02-08T20:42:28Z,297.0,new_feature,3a300712146f57d116f66aa34e0dfc7d186d6c8c,2024-03-17T12:07:27Z,/home/gilberto-1/github/wrapper_code_smile/output_analysis/1735243578.6335516/serengildeepface_analysis/3471874b8fdca2ee837d9410973457272117012d/input/modified/deepface/commons/functions.py,236,4f7c5273c986ca6f043eaba2c74ef6eb0370bd7f,issue 89 solved,2020-09-03 06:13:35+00:00,MODIFY,325.0,297.0,ca8a149732bc3564378da5eab622b843115a4875,2024-02-25T14:33:14Z,2020-02-08T20:42:28Z
deepface/commons/functions.py,allocateMemory,serengil/deepface,columns_and_datatype_not_explicitly_set,1,/home/gilberto-1/github/wrapper_code_smile/output_analysis/1735243578.6335516/serengildeepface_analysis/79e481ee7c5a6be47f1681a12204556df388c9a6/input/modified/deepface/commons/functions.py,370,79e481ee7c5a6be47f1681a12204556df388c9a6,modified,2020-06-16 20:48:18+00:00,deepid model added,DeepFace.py|DeepID.py|functions.py|unit_tests.py,267.0,1.0,0.0,0.0,0.0,2020-02-08T20:42:28Z,297.0,new_feature,3a300712146f57d116f66aa34e0dfc7d186d6c8c,2024-03-17T12:07:27Z,/home/gilberto-1/github/wrapper_code_smile/output_analysis/1735243578.6335516/serengildeepface_analysis/4f7c5273c986ca6f043eaba2c74ef6eb0370bd7f/input/modified/deepface/commons/functions.py,236,b9abfb9c00020c2bb616e52a6b5d0447f66afd0d,new backends for detectors,2020-09-05 19:47:20+00:00,MODIFY,330.0,297.0,ca8a149732bc3564378da5eab622b843115a4875,2024-02-25T14:33:14Z,2020-02-08T20:42:28Z
deepface/commons/realtime.py,analysis,serengil/deepface,columns_and_datatype_not_explicitly_set,1,/home/gilberto-1/github/wrapper_code_smile/output_analysis/1735243578.6335516/serengildeepface_analysis/7df474934c980595b0132f3a8e2cdff6321fb68b/input/modified/deepface/commons/realtime.py,112,7df474934c980595b0132f3a8e2cdff6321fb68b,modified,2020-06-18 11:54:26+00:00,fix after PR,DeepFace.py|realtime.py,276.0,0.0,1.0,0.0,0.0,2020-02-08T20:42:28Z,297.0,bug_fixing,3a300712146f57d116f66aa34e0dfc7d186d6c8c,2024-03-17T12:07:27Z,/home/gilberto-1/github/wrapper_code_smile/output_analysis/1735243578.6335516/serengildeepface_analysis/125895398e0623b141463bbb48fad2a94444459f/input/modified/deepface/commons/realtime.py,192,7f719b87bdb98ccae03216919de3a41fe9ae1287,interface functions moved to modules,2024-01-13 22:21:41+00:00,RENAME,1157.0,297.0,ca8a149732bc3564378da5eab622b843115a4875,2024-02-25T14:33:14Z,2020-02-08T20:42:28Z
deepface/commons/realtime.py,analysis,serengil/deepface,columns_and_datatype_not_explicitly_set,2,/home/gilberto-1/github/wrapper_code_smile/output_analysis/1735243578.6335516/serengildeepface_analysis/7df474934c980595b0132f3a8e2cdff6321fb68b/input/modified/deepface/commons/realtime.py,229,7df474934c980595b0132f3a8e2cdff6321fb68b,modified,2020-06-18 11:54:26+00:00,fix after PR,DeepFace.py|realtime.py,276.0,0.0,1.0,0.0,0.0,2020-02-08T20:42:28Z,297.0,bug_fixing,3a300712146f57d116f66aa34e0dfc7d186d6c8c,2024-03-17T12:07:27Z,/home/gilberto-1/github/wrapper_code_smile/output_analysis/1735243578.6335516/serengildeepface_analysis/700867c7db0f9bdaf21f7d5e0b8e9e31257c09c6/input/modified/deepface/commons/realtime.py,219,7a978d29c53c47768ffccf08123240986ad5e8d8,linting,2023-01-29 00:45:25+00:00,MODIFY,925.0,297.0,ca8a149732bc3564378da5eab622b843115a4875,2024-02-25T14:33:14Z,2020-02-08T20:42:28Z
deepface/commons/functions.py,detectFace,serengil/deepface,columns_and_datatype_not_explicitly_set,1,/home/gilberto-1/github/wrapper_code_smile/output_analysis/1735243578.6335516/serengildeepface_analysis/79e481ee7c5a6be47f1681a12204556df388c9a6/input/modified/deepface/commons/functions.py,223,79e481ee7c5a6be47f1681a12204556df388c9a6,modified,2020-06-16 20:48:18+00:00,deepid model added,DeepFace.py|DeepID.py|functions.py|unit_tests.py,267.0,1.0,0.0,0.0,0.0,2020-02-08T20:42:28Z,297.0,new_feature,3a300712146f57d116f66aa34e0dfc7d186d6c8c,2024-03-17T12:07:27Z,/home/gilberto-1/github/wrapper_code_smile/output_analysis/1735243578.6335516/serengildeepface_analysis/974f8bf27bfe5c297d0358e20b2d7e4d45c58dc6/input/modified/deepface/commons/functions.py,409,b898f97b3875140fe37823f535cabd18859ba52c,detector mechanism,2021-04-28 18:42:58+00:00,MODIFY,505.0,297.0,ca8a149732bc3564378da5eab622b843115a4875,2024-02-25T14:33:14Z,2020-02-08T20:42:28Z
deepface/commons/functions.py,detectFace,serengil/deepface,columns_and_datatype_not_explicitly_set,1,/home/gilberto-1/github/wrapper_code_smile/output_analysis/1735243578.6335516/serengildeepface_analysis/79e481ee7c5a6be47f1681a12204556df388c9a6/input/modified/deepface/commons/functions.py,223,79e481ee7c5a6be47f1681a12204556df388c9a6,modified,2020-06-16 20:48:18+00:00,deepid model added,DeepFace.py|DeepID.py|functions.py|unit_tests.py,267.0,1.0,0.0,0.0,0.0,2020-02-08T20:42:28Z,297.0,new_feature,3a300712146f57d116f66aa34e0dfc7d186d6c8c,2024-03-17T12:07:27Z,/home/gilberto-1/github/wrapper_code_smile/output_analysis/1735243578.6335516/serengildeepface_analysis/b663ac641bf9f861668b8c19d6ade517a2e42171/input/modified/deepface/commons/functions.py,496,6e4cf067380fff747d4222ada2871997e18aeae4,check face_detector global variable initialized,2020-11-29 19:02:31+00:00,MODIFY,382.0,297.0,ca8a149732bc3564378da5eab622b843115a4875,2024-02-25T14:33:14Z,2020-02-08T20:42:28Z
deepface/commons/functions.py,detectFace,serengil/deepface,columns_and_datatype_not_explicitly_set,1,/home/gilberto-1/github/wrapper_code_smile/output_analysis/1735243578.6335516/serengildeepface_analysis/79e481ee7c5a6be47f1681a12204556df388c9a6/input/modified/deepface/commons/functions.py,223,79e481ee7c5a6be47f1681a12204556df388c9a6,modified,2020-06-16 20:48:18+00:00,deepid model added,DeepFace.py|DeepID.py|functions.py|unit_tests.py,267.0,1.0,0.0,0.0,0.0,2020-02-08T20:42:28Z,297.0,new_feature,3a300712146f57d116f66aa34e0dfc7d186d6c8c,2024-03-17T12:07:27Z,/home/gilberto-1/github/wrapper_code_smile/output_analysis/1735243578.6335516/serengildeepface_analysis/3471874b8fdca2ee837d9410973457272117012d/input/modified/deepface/commons/functions.py,236,4f7c5273c986ca6f043eaba2c74ef6eb0370bd7f,issue 89 solved,2020-09-03 06:13:35+00:00,MODIFY,325.0,297.0,ca8a149732bc3564378da5eab622b843115a4875,2024-02-25T14:33:14Z,2020-02-08T20:42:28Z
deepface/commons/functions.py,detectFace,serengil/deepface,columns_and_datatype_not_explicitly_set,1,/home/gilberto-1/github/wrapper_code_smile/output_analysis/1735243578.6335516/serengildeepface_analysis/79e481ee7c5a6be47f1681a12204556df388c9a6/input/modified/deepface/commons/functions.py,223,79e481ee7c5a6be47f1681a12204556df388c9a6,modified,2020-06-16 20:48:18+00:00,deepid model added,DeepFace.py|DeepID.py|functions.py|unit_tests.py,267.0,1.0,0.0,0.0,0.0,2020-02-08T20:42:28Z,297.0,new_feature,3a300712146f57d116f66aa34e0dfc7d186d6c8c,2024-03-17T12:07:27Z,/home/gilberto-1/github/wrapper_code_smile/output_analysis/1735243578.6335516/serengildeepface_analysis/4f7c5273c986ca6f043eaba2c74ef6eb0370bd7f/input/modified/deepface/commons/functions.py,236,b9abfb9c00020c2bb616e52a6b5d0447f66afd0d,new backends for detectors,2020-09-05 19:47:20+00:00,MODIFY,330.0,297.0,ca8a149732bc3564378da5eab622b843115a4875,2024-02-25T14:33:14Z,2020-02-08T20:42:28Z
deepface/commons/functions.py,detect_face,serengil/deepface,columns_and_datatype_not_explicitly_set,1,/home/gilberto-1/github/wrapper_code_smile/output_analysis/1735243578.6335516/serengildeepface_analysis/b9abfb9c00020c2bb616e52a6b5d0447f66afd0d/input/modified/deepface/commons/functions.py,229,b9abfb9c00020c2bb616e52a6b5d0447f66afd0d,modified,2020-09-05 19:47:20+00:00,new backends for detectors,DeepFace.py|distance.py|functions.py|unit_tests.py,330.0,1.0,0.0,0.0,0.0,2020-02-08T20:42:28Z,297.0,new_feature,3a300712146f57d116f66aa34e0dfc7d186d6c8c,2024-03-17T12:07:27Z,/home/gilberto-1/github/wrapper_code_smile/output_analysis/1735243578.6335516/serengildeepface_analysis/974f8bf27bfe5c297d0358e20b2d7e4d45c58dc6/input/modified/deepface/commons/functions.py,409,b898f97b3875140fe37823f535cabd18859ba52c,detector mechanism,2021-04-28 18:42:58+00:00,MODIFY,505.0,297.0,ca8a149732bc3564378da5eab622b843115a4875,2024-02-25T14:33:14Z,2020-02-08T20:42:28Z
deepface/commons/functions.py,detect_face,serengil/deepface,columns_and_datatype_not_explicitly_set,1,/home/gilberto-1/github/wrapper_code_smile/output_analysis/1735243578.6335516/serengildeepface_analysis/b9abfb9c00020c2bb616e52a6b5d0447f66afd0d/input/modified/deepface/commons/functions.py,229,b9abfb9c00020c2bb616e52a6b5d0447f66afd0d,modified,2020-09-05 19:47:20+00:00,new backends for detectors,DeepFace.py|distance.py|functions.py|unit_tests.py,330.0,1.0,0.0,0.0,0.0,2020-02-08T20:42:28Z,297.0,new_feature,3a300712146f57d116f66aa34e0dfc7d186d6c8c,2024-03-17T12:07:27Z,/home/gilberto-1/github/wrapper_code_smile/output_analysis/1735243578.6335516/serengildeepface_analysis/b663ac641bf9f861668b8c19d6ade517a2e42171/input/modified/deepface/commons/functions.py,496,6e4cf067380fff747d4222ada2871997e18aeae4,check face_detector global variable initialized,2020-11-29 19:02:31+00:00,MODIFY,382.0,297.0,ca8a149732bc3564378da5eab622b843115a4875,2024-02-25T14:33:14Z,2020-02-08T20:42:28Z
deepface/DeepFace.py,find,serengil/deepface,columns_and_datatype_not_explicitly_set,1,/home/gilberto-1/github/wrapper_code_smile/output_analysis/1735243578.6335516/serengildeepface_analysis/89142e687240dd435d59c6316761cbf5eb500131/input/modified/deepface/DeepFace.py,422,89142e687240dd435d59c6316761cbf5eb500131,modified,2020-05-25 11:59:51+00:00,find function added,DeepFace.py,210.0,1.0,0.0,0.0,0.0,2020-02-08T20:42:28Z,297.0,new_feature,3a300712146f57d116f66aa34e0dfc7d186d6c8c,2024-03-17T12:07:27Z,/home/gilberto-1/github/wrapper_code_smile/output_analysis/1735243578.6335516/serengildeepface_analysis/0eb1515e11361483e3c390168427c22824b84a7c/input/modified/deepface/DeepFace.py,580,7f719b87bdb98ccae03216919de3a41fe9ae1287,interface functions moved to modules,2024-01-13 22:21:41+00:00,MODIFY,1157.0,297.0,ca8a149732bc3564378da5eab622b843115a4875,2024-02-25T14:33:14Z,2020-02-08T20:42:28Z
deepface/DeepFace.py,find,serengil/deepface,columns_and_datatype_not_explicitly_set,2,/home/gilberto-1/github/wrapper_code_smile/output_analysis/1735243578.6335516/serengildeepface_analysis/2f9815a1fc8cc15765ef7357c7de885cc3d4fe61/input/modified/deepface/DeepFace.py,622,2f9815a1fc8cc15765ef7357c7de885cc3d4fe61,modified,2020-06-08 06:46:08+00:00,ensemble in find function,DeepFace.py|unit_tests.py,246.0,0.0,0.0,0.0,0.0,2020-02-08T20:42:28Z,297.0,other,3a300712146f57d116f66aa34e0dfc7d186d6c8c,2024-03-17T12:07:27Z,/home/gilberto-1/github/wrapper_code_smile/output_analysis/1735243578.6335516/serengildeepface_analysis/9c3f30db1ac763ef08040e6f07dea5d3b6e33824/input/modified/deepface/DeepFace.py,614,dec0c34b2dcc2dd97b3f87d2183f3cdafdaa608c,new interface,2023-01-23 23:51:20+00:00,MODIFY,897.0,297.0,ca8a149732bc3564378da5eab622b843115a4875,2024-02-25T14:33:14Z,2020-02-08T20:42:28Z
deepface/commons/functions.py,preprocess_face,serengil/deepface,columns_and_datatype_not_explicitly_set,1,/home/gilberto-1/github/wrapper_code_smile/output_analysis/1735243578.6335516/serengildeepface_analysis/4f7c5273c986ca6f043eaba2c74ef6eb0370bd7f/input/modified/deepface/commons/functions.py,236,4f7c5273c986ca6f043eaba2c74ef6eb0370bd7f,modified,2020-09-03 06:13:35+00:00,issue 89 solved,DeepFace.py|functions.py|realtime.py|unit_tests.py,325.0,0.0,1.0,0.0,0.0,2020-02-08T20:42:28Z,297.0,bug_fixing,3a300712146f57d116f66aa34e0dfc7d186d6c8c,2024-03-17T12:07:27Z,/home/gilberto-1/github/wrapper_code_smile/output_analysis/1735243578.6335516/serengildeepface_analysis/974f8bf27bfe5c297d0358e20b2d7e4d45c58dc6/input/modified/deepface/commons/functions.py,409,b898f97b3875140fe37823f535cabd18859ba52c,detector mechanism,2021-04-28 18:42:58+00:00,MODIFY,505.0,297.0,ca8a149732bc3564378da5eab622b843115a4875,2024-02-25T14:33:14Z,2020-02-08T20:42:28Z
deepface/commons/functions.py,preprocess_face,serengil/deepface,columns_and_datatype_not_explicitly_set,1,/home/gilberto-1/github/wrapper_code_smile/output_analysis/1735243578.6335516/serengildeepface_analysis/4f7c5273c986ca6f043eaba2c74ef6eb0370bd7f/input/modified/deepface/commons/functions.py,236,4f7c5273c986ca6f043eaba2c74ef6eb0370bd7f,modified,2020-09-03 06:13:35+00:00,issue 89 solved,DeepFace.py|functions.py|realtime.py|unit_tests.py,325.0,0.0,1.0,0.0,0.0,2020-02-08T20:42:28Z,297.0,bug_fixing,3a300712146f57d116f66aa34e0dfc7d186d6c8c,2024-03-17T12:07:27Z,/home/gilberto-1/github/wrapper_code_smile/output_analysis/1735243578.6335516/serengildeepface_analysis/b663ac641bf9f861668b8c19d6ade517a2e42171/input/modified/deepface/commons/functions.py,496,6e4cf067380fff747d4222ada2871997e18aeae4,check face_detector global variable initialized,2020-11-29 19:02:31+00:00,MODIFY,382.0,297.0,ca8a149732bc3564378da5eab622b843115a4875,2024-02-25T14:33:14Z,2020-02-08T20:42:28Z
deepface/commons/functions.py,preprocess_face,serengil/deepface,columns_and_datatype_not_explicitly_set,1,/home/gilberto-1/github/wrapper_code_smile/output_analysis/1735243578.6335516/serengildeepface_analysis/4f7c5273c986ca6f043eaba2c74ef6eb0370bd7f/input/modified/deepface/commons/functions.py,236,4f7c5273c986ca6f043eaba2c74ef6eb0370bd7f,modified,2020-09-03 06:13:35+00:00,issue 89 solved,DeepFace.py|functions.py|realtime.py|unit_tests.py,325.0,0.0,1.0,0.0,0.0,2020-02-08T20:42:28Z,297.0,bug_fixing,3a300712146f57d116f66aa34e0dfc7d186d6c8c,2024-03-17T12:07:27Z,/home/gilberto-1/github/wrapper_code_smile/output_analysis/1735243578.6335516/serengildeepface_analysis/4f7c5273c986ca6f043eaba2c74ef6eb0370bd7f/input/modified/deepface/commons/functions.py,236,b9abfb9c00020c2bb616e52a6b5d0447f66afd0d,new backends for detectors,2020-09-05 19:47:20+00:00,MODIFY,330.0,297.0,ca8a149732bc3564378da5eab622b843115a4875,2024-02-25T14:33:14Z,2020-02-08T20:42:28Z
deepface/commons/functions.py,align_face,serengil/deepface,columns_and_datatype_not_explicitly_set,1,/home/gilberto-1/github/wrapper_code_smile/output_analysis/1735243578.6335516/serengildeepface_analysis/7f6d9075d177b3457975b60a04a05b8550198be1/input/modified/deepface/commons/functions.py,379,7f6d9075d177b3457975b60a04a05b8550198be1,modified,2020-09-06 08:46:52+00:00,common align procedure added for opencv and mtcnn,functions.py,336.0,1.0,0.0,0.0,0.0,2020-02-08T20:42:28Z,297.0,new_feature,3a300712146f57d116f66aa34e0dfc7d186d6c8c,2024-03-17T12:07:27Z,/home/gilberto-1/github/wrapper_code_smile/output_analysis/1735243578.6335516/serengildeepface_analysis/974f8bf27bfe5c297d0358e20b2d7e4d45c58dc6/input/modified/deepface/commons/functions.py,409,b898f97b3875140fe37823f535cabd18859ba52c,detector mechanism,2021-04-28 18:42:58+00:00,MODIFY,505.0,297.0,ca8a149732bc3564378da5eab622b843115a4875,2024-02-25T14:33:14Z,2020-02-08T20:42:28Z
deepface/commons/functions.py,align_face,serengil/deepface,columns_and_datatype_not_explicitly_set,1,/home/gilberto-1/github/wrapper_code_smile/output_analysis/1735243578.6335516/serengildeepface_analysis/7f6d9075d177b3457975b60a04a05b8550198be1/input/modified/deepface/commons/functions.py,379,7f6d9075d177b3457975b60a04a05b8550198be1,modified,2020-09-06 08:46:52+00:00,common align procedure added for opencv and mtcnn,functions.py,336.0,1.0,0.0,0.0,0.0,2020-02-08T20:42:28Z,297.0,new_feature,3a300712146f57d116f66aa34e0dfc7d186d6c8c,2024-03-17T12:07:27Z,/home/gilberto-1/github/wrapper_code_smile/output_analysis/1735243578.6335516/serengildeepface_analysis/b663ac641bf9f861668b8c19d6ade517a2e42171/input/modified/deepface/commons/functions.py,496,6e4cf067380fff747d4222ada2871997e18aeae4,check face_detector global variable initialized,2020-11-29 19:02:31+00:00,MODIFY,382.0,297.0,ca8a149732bc3564378da5eab622b843115a4875,2024-02-25T14:33:14Z,2020-02-08T20:42:28Z
deepface/commons/functions.py,allocateMemory,serengil/deepface,columns_and_datatype_not_explicitly_set,1,/home/gilberto-1/github/wrapper_code_smile/output_analysis/1735243578.6335516/serengildeepface_analysis/6f51009ccd17b7cdcea3da7d7d71042523b0d58d/input/modified/deepface/commons/functions.py,348,6f51009ccd17b7cdcea3da7d7d71042523b0d58d,modified,2020-04-20 11:30:11+00:00,memory allocation + graph problem in verify,DeepFace.py|functions.py,168.0,0.0,0.0,0.0,0.0,2020-02-08T20:42:28Z,297.0,other,3a300712146f57d116f66aa34e0dfc7d186d6c8c,2024-03-17T12:07:27Z,/home/gilberto-1/github/wrapper_code_smile/output_analysis/1735243578.6335516/serengildeepface_analysis/974f8bf27bfe5c297d0358e20b2d7e4d45c58dc6/input/modified/deepface/commons/functions.py,409,b898f97b3875140fe37823f535cabd18859ba52c,detector mechanism,2021-04-28 18:42:58+00:00,MODIFY,505.0,297.0,ca8a149732bc3564378da5eab622b843115a4875,2024-02-25T14:33:14Z,2020-02-08T20:42:28Z
deepface/commons/functions.py,allocateMemory,serengil/deepface,columns_and_datatype_not_explicitly_set,1,/home/gilberto-1/github/wrapper_code_smile/output_analysis/1735243578.6335516/serengildeepface_analysis/6f51009ccd17b7cdcea3da7d7d71042523b0d58d/input/modified/deepface/commons/functions.py,348,6f51009ccd17b7cdcea3da7d7d71042523b0d58d,modified,2020-04-20 11:30:11+00:00,memory allocation + graph problem in verify,DeepFace.py|functions.py,168.0,0.0,0.0,0.0,0.0,2020-02-08T20:42:28Z,297.0,other,3a300712146f57d116f66aa34e0dfc7d186d6c8c,2024-03-17T12:07:27Z,/home/gilberto-1/github/wrapper_code_smile/output_analysis/1735243578.6335516/serengildeepface_analysis/b663ac641bf9f861668b8c19d6ade517a2e42171/input/modified/deepface/commons/functions.py,496,6e4cf067380fff747d4222ada2871997e18aeae4,check face_detector global variable initialized,2020-11-29 19:02:31+00:00,MODIFY,382.0,297.0,ca8a149732bc3564378da5eab622b843115a4875,2024-02-25T14:33:14Z,2020-02-08T20:42:28Z
deepface/commons/functions.py,allocateMemory,serengil/deepface,columns_and_datatype_not_explicitly_set,1,/home/gilberto-1/github/wrapper_code_smile/output_analysis/1735243578.6335516/serengildeepface_analysis/6f51009ccd17b7cdcea3da7d7d71042523b0d58d/input/modified/deepface/commons/functions.py,348,6f51009ccd17b7cdcea3da7d7d71042523b0d58d,modified,2020-04-20 11:30:11+00:00,memory allocation + graph problem in verify,DeepFace.py|functions.py,168.0,0.0,0.0,0.0,0.0,2020-02-08T20:42:28Z,297.0,other,3a300712146f57d116f66aa34e0dfc7d186d6c8c,2024-03-17T12:07:27Z,/home/gilberto-1/github/wrapper_code_smile/output_analysis/1735243578.6335516/serengildeepface_analysis/3471874b8fdca2ee837d9410973457272117012d/input/modified/deepface/commons/functions.py,236,4f7c5273c986ca6f043eaba2c74ef6eb0370bd7f,issue 89 solved,2020-09-03 06:13:35+00:00,MODIFY,325.0,297.0,ca8a149732bc3564378da5eab622b843115a4875,2024-02-25T14:33:14Z,2020-02-08T20:42:28Z
deepface/commons/functions.py,allocateMemory,serengil/deepface,columns_and_datatype_not_explicitly_set,1,/home/gilberto-1/github/wrapper_code_smile/output_analysis/1735243578.6335516/serengildeepface_analysis/6f51009ccd17b7cdcea3da7d7d71042523b0d58d/input/modified/deepface/commons/functions.py,348,6f51009ccd17b7cdcea3da7d7d71042523b0d58d,modified,2020-04-20 11:30:11+00:00,memory allocation + graph problem in verify,DeepFace.py|functions.py,168.0,0.0,0.0,0.0,0.0,2020-02-08T20:42:28Z,297.0,other,3a300712146f57d116f66aa34e0dfc7d186d6c8c,2024-03-17T12:07:27Z,/home/gilberto-1/github/wrapper_code_smile/output_analysis/1735243578.6335516/serengildeepface_analysis/4f7c5273c986ca6f043eaba2c74ef6eb0370bd7f/input/modified/deepface/commons/functions.py,236,b9abfb9c00020c2bb616e52a6b5d0447f66afd0d,new backends for detectors,2020-09-05 19:47:20+00:00,MODIFY,330.0,297.0,ca8a149732bc3564378da5eab622b843115a4875,2024-02-25T14:33:14Z,2020-02-08T20:42:28Z
deepface/commons/functions.py,detectFace,serengil/deepface,columns_and_datatype_not_explicitly_set,1,/home/gilberto-1/github/wrapper_code_smile/output_analysis/1735243578.6335516/serengildeepface_analysis/cd329f74d67713aff71b604cfb838adb2bd9b003/input/modified/deepface/commons/functions.py,163,cd329f74d67713aff71b604cfb838adb2bd9b003,modified,2020-02-23 20:25:49+00:00,face alignment,README.md|DeepFace.py|functions.py|setup.py|img11.jpg|img4-cropped.jpg|test-case-1.jpg|test-case-2.jpg|unit_tests.py,62.0,0.0,0.0,0.0,0.0,2020-02-08T20:42:28Z,297.0,other,3a300712146f57d116f66aa34e0dfc7d186d6c8c,2024-03-17T12:07:27Z,/home/gilberto-1/github/wrapper_code_smile/output_analysis/1735243578.6335516/serengildeepface_analysis/974f8bf27bfe5c297d0358e20b2d7e4d45c58dc6/input/modified/deepface/commons/functions.py,409,b898f97b3875140fe37823f535cabd18859ba52c,detector mechanism,2021-04-28 18:42:58+00:00,MODIFY,505.0,297.0,ca8a149732bc3564378da5eab622b843115a4875,2024-02-25T14:33:14Z,2020-02-08T20:42:28Z
deepface/commons/functions.py,detectFace,serengil/deepface,columns_and_datatype_not_explicitly_set,1,/home/gilberto-1/github/wrapper_code_smile/output_analysis/1735243578.6335516/serengildeepface_analysis/cd329f74d67713aff71b604cfb838adb2bd9b003/input/modified/deepface/commons/functions.py,163,cd329f74d67713aff71b604cfb838adb2bd9b003,modified,2020-02-23 20:25:49+00:00,face alignment,README.md|DeepFace.py|functions.py|setup.py|img11.jpg|img4-cropped.jpg|test-case-1.jpg|test-case-2.jpg|unit_tests.py,62.0,0.0,0.0,0.0,0.0,2020-02-08T20:42:28Z,297.0,other,3a300712146f57d116f66aa34e0dfc7d186d6c8c,2024-03-17T12:07:27Z,/home/gilberto-1/github/wrapper_code_smile/output_analysis/1735243578.6335516/serengildeepface_analysis/b663ac641bf9f861668b8c19d6ade517a2e42171/input/modified/deepface/commons/functions.py,496,6e4cf067380fff747d4222ada2871997e18aeae4,check face_detector global variable initialized,2020-11-29 19:02:31+00:00,MODIFY,382.0,297.0,ca8a149732bc3564378da5eab622b843115a4875,2024-02-25T14:33:14Z,2020-02-08T20:42:28Z
deepface/commons/functions.py,detectFace,serengil/deepface,columns_and_datatype_not_explicitly_set,1,/home/gilberto-1/github/wrapper_code_smile/output_analysis/1735243578.6335516/serengildeepface_analysis/cd329f74d67713aff71b604cfb838adb2bd9b003/input/modified/deepface/commons/functions.py,163,cd329f74d67713aff71b604cfb838adb2bd9b003,modified,2020-02-23 20:25:49+00:00,face alignment,README.md|DeepFace.py|functions.py|setup.py|img11.jpg|img4-cropped.jpg|test-case-1.jpg|test-case-2.jpg|unit_tests.py,62.0,0.0,0.0,0.0,0.0,2020-02-08T20:42:28Z,297.0,other,3a300712146f57d116f66aa34e0dfc7d186d6c8c,2024-03-17T12:07:27Z,/home/gilberto-1/github/wrapper_code_smile/output_analysis/1735243578.6335516/serengildeepface_analysis/3471874b8fdca2ee837d9410973457272117012d/input/modified/deepface/commons/functions.py,236,4f7c5273c986ca6f043eaba2c74ef6eb0370bd7f,issue 89 solved,2020-09-03 06:13:35+00:00,MODIFY,325.0,297.0,ca8a149732bc3564378da5eab622b843115a4875,2024-02-25T14:33:14Z,2020-02-08T20:42:28Z
deepface/commons/functions.py,detectFace,serengil/deepface,columns_and_datatype_not_explicitly_set,1,/home/gilberto-1/github/wrapper_code_smile/output_analysis/1735243578.6335516/serengildeepface_analysis/cd329f74d67713aff71b604cfb838adb2bd9b003/input/modified/deepface/commons/functions.py,163,cd329f74d67713aff71b604cfb838adb2bd9b003,modified,2020-02-23 20:25:49+00:00,face alignment,README.md|DeepFace.py|functions.py|setup.py|img11.jpg|img4-cropped.jpg|test-case-1.jpg|test-case-2.jpg|unit_tests.py,62.0,0.0,0.0,0.0,0.0,2020-02-08T20:42:28Z,297.0,other,3a300712146f57d116f66aa34e0dfc7d186d6c8c,2024-03-17T12:07:27Z,/home/gilberto-1/github/wrapper_code_smile/output_analysis/1735243578.6335516/serengildeepface_analysis/4f7c5273c986ca6f043eaba2c74ef6eb0370bd7f/input/modified/deepface/commons/functions.py,236,b9abfb9c00020c2bb616e52a6b5d0447f66afd0d,new backends for detectors,2020-09-05 19:47:20+00:00,MODIFY,330.0,297.0,ca8a149732bc3564378da5eab622b843115a4875,2024-02-25T14:33:14Z,2020-02-08T20:42:28Z
deepface/commons/functions.py,detect_face,serengil/deepface,columns_and_datatype_not_explicitly_set,1,/home/gilberto-1/github/wrapper_code_smile/output_analysis/1735243578.6335516/serengildeepface_analysis/7f6d9075d177b3457975b60a04a05b8550198be1/input/modified/deepface/commons/functions.py,224,7f6d9075d177b3457975b60a04a05b8550198be1,modified,2020-09-06 08:46:52+00:00,common align procedure added for opencv and mtcnn,functions.py,336.0,1.0,0.0,0.0,0.0,2020-02-08T20:42:28Z,297.0,new_feature,3a300712146f57d116f66aa34e0dfc7d186d6c8c,2024-03-17T12:07:27Z,/home/gilberto-1/github/wrapper_code_smile/output_analysis/1735243578.6335516/serengildeepface_analysis/974f8bf27bfe5c297d0358e20b2d7e4d45c58dc6/input/modified/deepface/commons/functions.py,409,b898f97b3875140fe37823f535cabd18859ba52c,detector mechanism,2021-04-28 18:42:58+00:00,MODIFY,505.0,297.0,ca8a149732bc3564378da5eab622b843115a4875,2024-02-25T14:33:14Z,2020-02-08T20:42:28Z
deepface/commons/functions.py,detect_face,serengil/deepface,columns_and_datatype_not_explicitly_set,1,/home/gilberto-1/github/wrapper_code_smile/output_analysis/1735243578.6335516/serengildeepface_analysis/7f6d9075d177b3457975b60a04a05b8550198be1/input/modified/deepface/commons/functions.py,224,7f6d9075d177b3457975b60a04a05b8550198be1,modified,2020-09-06 08:46:52+00:00,common align procedure added for opencv and mtcnn,functions.py,336.0,1.0,0.0,0.0,0.0,2020-02-08T20:42:28Z,297.0,new_feature,3a300712146f57d116f66aa34e0dfc7d186d6c8c,2024-03-17T12:07:27Z,/home/gilberto-1/github/wrapper_code_smile/output_analysis/1735243578.6335516/serengildeepface_analysis/b663ac641bf9f861668b8c19d6ade517a2e42171/input/modified/deepface/commons/functions.py,496,6e4cf067380fff747d4222ada2871997e18aeae4,check face_detector global variable initialized,2020-11-29 19:02:31+00:00,MODIFY,382.0,297.0,ca8a149732bc3564378da5eab622b843115a4875,2024-02-25T14:33:14Z,2020-02-08T20:42:28Z
deepface/commons/functions.py,align_face,serengil/deepface,columns_and_datatype_not_explicitly_set,1,/home/gilberto-1/github/wrapper_code_smile/output_analysis/1735243578.6335516/serengildeepface_analysis/a0c06a37924825467541554c8c6e385974b26bfb/input/modified/deepface/commons/functions.py,376,a0c06a37924825467541554c8c6e385974b26bfb,modified,2020-09-08 06:07:08+00:00,stream bug fixed,functions.py|realtime.py,341.0,0.0,1.0,0.0,0.0,2020-02-08T20:42:28Z,297.0,bug_fixing,3a300712146f57d116f66aa34e0dfc7d186d6c8c,2024-03-17T12:07:27Z,/home/gilberto-1/github/wrapper_code_smile/output_analysis/1735243578.6335516/serengildeepface_analysis/974f8bf27bfe5c297d0358e20b2d7e4d45c58dc6/input/modified/deepface/commons/functions.py,409,b898f97b3875140fe37823f535cabd18859ba52c,detector mechanism,2021-04-28 18:42:58+00:00,MODIFY,505.0,297.0,ca8a149732bc3564378da5eab622b843115a4875,2024-02-25T14:33:14Z,2020-02-08T20:42:28Z
deepface/commons/functions.py,align_face,serengil/deepface,columns_and_datatype_not_explicitly_set,1,/home/gilberto-1/github/wrapper_code_smile/output_analysis/1735243578.6335516/serengildeepface_analysis/a0c06a37924825467541554c8c6e385974b26bfb/input/modified/deepface/commons/functions.py,376,a0c06a37924825467541554c8c6e385974b26bfb,modified,2020-09-08 06:07:08+00:00,stream bug fixed,functions.py|realtime.py,341.0,0.0,1.0,0.0,0.0,2020-02-08T20:42:28Z,297.0,bug_fixing,3a300712146f57d116f66aa34e0dfc7d186d6c8c,2024-03-17T12:07:27Z,/home/gilberto-1/github/wrapper_code_smile/output_analysis/1735243578.6335516/serengildeepface_analysis/b663ac641bf9f861668b8c19d6ade517a2e42171/input/modified/deepface/commons/functions.py,496,6e4cf067380fff747d4222ada2871997e18aeae4,check face_detector global variable initialized,2020-11-29 19:02:31+00:00,MODIFY,382.0,297.0,ca8a149732bc3564378da5eab622b843115a4875,2024-02-25T14:33:14Z,2020-02-08T20:42:28Z
deepface/commons/functions.py,allocateMemory,serengil/deepface,columns_and_datatype_not_explicitly_set,1,/home/gilberto-1/github/wrapper_code_smile/output_analysis/1735243578.6335516/serengildeepface_analysis/a0c06a37924825467541554c8c6e385974b26bfb/input/modified/deepface/commons/functions.py,524,a0c06a37924825467541554c8c6e385974b26bfb,modified,2020-09-08 06:07:08+00:00,stream bug fixed,functions.py|realtime.py,341.0,0.0,1.0,0.0,0.0,2020-02-08T20:42:28Z,297.0,bug_fixing,3a300712146f57d116f66aa34e0dfc7d186d6c8c,2024-03-17T12:07:27Z,/home/gilberto-1/github/wrapper_code_smile/output_analysis/1735243578.6335516/serengildeepface_analysis/974f8bf27bfe5c297d0358e20b2d7e4d45c58dc6/input/modified/deepface/commons/functions.py,409,b898f97b3875140fe37823f535cabd18859ba52c,detector mechanism,2021-04-28 18:42:58+00:00,MODIFY,505.0,297.0,ca8a149732bc3564378da5eab622b843115a4875,2024-02-25T14:33:14Z,2020-02-08T20:42:28Z
deepface/commons/functions.py,allocateMemory,serengil/deepface,columns_and_datatype_not_explicitly_set,1,/home/gilberto-1/github/wrapper_code_smile/output_analysis/1735243578.6335516/serengildeepface_analysis/a0c06a37924825467541554c8c6e385974b26bfb/input/modified/deepface/commons/functions.py,524,a0c06a37924825467541554c8c6e385974b26bfb,modified,2020-09-08 06:07:08+00:00,stream bug fixed,functions.py|realtime.py,341.0,0.0,1.0,0.0,0.0,2020-02-08T20:42:28Z,297.0,bug_fixing,3a300712146f57d116f66aa34e0dfc7d186d6c8c,2024-03-17T12:07:27Z,/home/gilberto-1/github/wrapper_code_smile/output_analysis/1735243578.6335516/serengildeepface_analysis/b663ac641bf9f861668b8c19d6ade517a2e42171/input/modified/deepface/commons/functions.py,496,6e4cf067380fff747d4222ada2871997e18aeae4,check face_detector global variable initialized,2020-11-29 19:02:31+00:00,MODIFY,382.0,297.0,ca8a149732bc3564378da5eab622b843115a4875,2024-02-25T14:33:14Z,2020-02-08T20:42:28Z
deepface/commons/realtime.py,analysis,serengil/deepface,columns_and_datatype_not_explicitly_set,1,/home/gilberto-1/github/wrapper_code_smile/output_analysis/1735243578.6335516/serengildeepface_analysis/1af71925a23d6032c6fbeb4536ac6944e96422ad/input/added/deepface/commons/realtime.py,103,1af71925a23d6032c6fbeb4536ac6944e96422ad,added,2020-03-30 17:21:32+00:00,stream function,DeepFace.py|functions.py|realtime.py,116.0,0.0,0.0,0.0,0.0,2020-02-08T20:42:28Z,297.0,other,3a300712146f57d116f66aa34e0dfc7d186d6c8c,2024-03-17T12:07:27Z,/home/gilberto-1/github/wrapper_code_smile/output_analysis/1735243578.6335516/serengildeepface_analysis/125895398e0623b141463bbb48fad2a94444459f/input/modified/deepface/commons/realtime.py,192,7f719b87bdb98ccae03216919de3a41fe9ae1287,interface functions moved to modules,2024-01-13 22:21:41+00:00,RENAME,1157.0,297.0,ca8a149732bc3564378da5eab622b843115a4875,2024-02-25T14:33:14Z,2020-02-08T20:42:28Z
deepface/commons/realtime.py,analysis,serengil/deepface,columns_and_datatype_not_explicitly_set,2,/home/gilberto-1/github/wrapper_code_smile/output_analysis/1735243578.6335516/serengildeepface_analysis/e38c25105181e2ffded38e52d036735a8a85b3a1/input/modified/deepface/commons/realtime.py,219,e38c25105181e2ffded38e52d036735a8a85b3a1,modified,2020-03-31 17:17:25+00:00,emotion for stream,realtime.py,117.0,0.0,0.0,0.0,0.0,2020-02-08T20:42:28Z,297.0,other,3a300712146f57d116f66aa34e0dfc7d186d6c8c,2024-03-17T12:07:27Z,/home/gilberto-1/github/wrapper_code_smile/output_analysis/1735243578.6335516/serengildeepface_analysis/700867c7db0f9bdaf21f7d5e0b8e9e31257c09c6/input/modified/deepface/commons/realtime.py,219,7a978d29c53c47768ffccf08123240986ad5e8d8,linting,2023-01-29 00:45:25+00:00,MODIFY,925.0,297.0,ca8a149732bc3564378da5eab622b843115a4875,2024-02-25T14:33:14Z,2020-02-08T20:42:28Z
deepface/commons/functions.py,detectFace,serengil/deepface,columns_and_datatype_not_explicitly_set,1,/home/gilberto-1/github/wrapper_code_smile/output_analysis/1735243578.6335516/serengildeepface_analysis/6482e1b20ec1daf8da5db2875a15ba3981680c8d/input/modified/deepface/commons/functions.py,180,6482e1b20ec1daf8da5db2875a15ba3981680c8d,modified,2020-04-01 12:49:29+00:00,mood box shape,functions.py|realtime.py|setup.py,123.0,0.0,0.0,0.0,0.0,2020-02-08T20:42:28Z,297.0,other,3a300712146f57d116f66aa34e0dfc7d186d6c8c,2024-03-17T12:07:27Z,/home/gilberto-1/github/wrapper_code_smile/output_analysis/1735243578.6335516/serengildeepface_analysis/974f8bf27bfe5c297d0358e20b2d7e4d45c58dc6/input/modified/deepface/commons/functions.py,409,b898f97b3875140fe37823f535cabd18859ba52c,detector mechanism,2021-04-28 18:42:58+00:00,MODIFY,505.0,297.0,ca8a149732bc3564378da5eab622b843115a4875,2024-02-25T14:33:14Z,2020-02-08T20:42:28Z
deepface/commons/functions.py,detectFace,serengil/deepface,columns_and_datatype_not_explicitly_set,1,/home/gilberto-1/github/wrapper_code_smile/output_analysis/1735243578.6335516/serengildeepface_analysis/6482e1b20ec1daf8da5db2875a15ba3981680c8d/input/modified/deepface/commons/functions.py,180,6482e1b20ec1daf8da5db2875a15ba3981680c8d,modified,2020-04-01 12:49:29+00:00,mood box shape,functions.py|realtime.py|setup.py,123.0,0.0,0.0,0.0,0.0,2020-02-08T20:42:28Z,297.0,other,3a300712146f57d116f66aa34e0dfc7d186d6c8c,2024-03-17T12:07:27Z,/home/gilberto-1/github/wrapper_code_smile/output_analysis/1735243578.6335516/serengildeepface_analysis/b663ac641bf9f861668b8c19d6ade517a2e42171/input/modified/deepface/commons/functions.py,496,6e4cf067380fff747d4222ada2871997e18aeae4,check face_detector global variable initialized,2020-11-29 19:02:31+00:00,MODIFY,382.0,297.0,ca8a149732bc3564378da5eab622b843115a4875,2024-02-25T14:33:14Z,2020-02-08T20:42:28Z
deepface/commons/functions.py,detectFace,serengil/deepface,columns_and_datatype_not_explicitly_set,1,/home/gilberto-1/github/wrapper_code_smile/output_analysis/1735243578.6335516/serengildeepface_analysis/6482e1b20ec1daf8da5db2875a15ba3981680c8d/input/modified/deepface/commons/functions.py,180,6482e1b20ec1daf8da5db2875a15ba3981680c8d,modified,2020-04-01 12:49:29+00:00,mood box shape,functions.py|realtime.py|setup.py,123.0,0.0,0.0,0.0,0.0,2020-02-08T20:42:28Z,297.0,other,3a300712146f57d116f66aa34e0dfc7d186d6c8c,2024-03-17T12:07:27Z,/home/gilberto-1/github/wrapper_code_smile/output_analysis/1735243578.6335516/serengildeepface_analysis/3471874b8fdca2ee837d9410973457272117012d/input/modified/deepface/commons/functions.py,236,4f7c5273c986ca6f043eaba2c74ef6eb0370bd7f,issue 89 solved,2020-09-03 06:13:35+00:00,MODIFY,325.0,297.0,ca8a149732bc3564378da5eab622b843115a4875,2024-02-25T14:33:14Z,2020-02-08T20:42:28Z
deepface/commons/functions.py,detectFace,serengil/deepface,columns_and_datatype_not_explicitly_set,1,/home/gilberto-1/github/wrapper_code_smile/output_analysis/1735243578.6335516/serengildeepface_analysis/6482e1b20ec1daf8da5db2875a15ba3981680c8d/input/modified/deepface/commons/functions.py,180,6482e1b20ec1daf8da5db2875a15ba3981680c8d,modified,2020-04-01 12:49:29+00:00,mood box shape,functions.py|realtime.py|setup.py,123.0,0.0,0.0,0.0,0.0,2020-02-08T20:42:28Z,297.0,other,3a300712146f57d116f66aa34e0dfc7d186d6c8c,2024-03-17T12:07:27Z,/home/gilberto-1/github/wrapper_code_smile/output_analysis/1735243578.6335516/serengildeepface_analysis/4f7c5273c986ca6f043eaba2c74ef6eb0370bd7f/input/modified/deepface/commons/functions.py,236,b9abfb9c00020c2bb616e52a6b5d0447f66afd0d,new backends for detectors,2020-09-05 19:47:20+00:00,MODIFY,330.0,297.0,ca8a149732bc3564378da5eab622b843115a4875,2024-02-25T14:33:14Z,2020-02-08T20:42:28Z
deepface/commons/functions.py,detect_face,serengil/deepface,columns_and_datatype_not_explicitly_set,1,/home/gilberto-1/github/wrapper_code_smile/output_analysis/1735243578.6335516/serengildeepface_analysis/a0c06a37924825467541554c8c6e385974b26bfb/input/modified/deepface/commons/functions.py,217,a0c06a37924825467541554c8c6e385974b26bfb,modified,2020-09-08 06:07:08+00:00,stream bug fixed,functions.py|realtime.py,341.0,0.0,1.0,0.0,0.0,2020-02-08T20:42:28Z,297.0,bug_fixing,3a300712146f57d116f66aa34e0dfc7d186d6c8c,2024-03-17T12:07:27Z,/home/gilberto-1/github/wrapper_code_smile/output_analysis/1735243578.6335516/serengildeepface_analysis/974f8bf27bfe5c297d0358e20b2d7e4d45c58dc6/input/modified/deepface/commons/functions.py,409,b898f97b3875140fe37823f535cabd18859ba52c,detector mechanism,2021-04-28 18:42:58+00:00,MODIFY,505.0,297.0,ca8a149732bc3564378da5eab622b843115a4875,2024-02-25T14:33:14Z,2020-02-08T20:42:28Z
deepface/commons/functions.py,detect_face,serengil/deepface,columns_and_datatype_not_explicitly_set,1,/home/gilberto-1/github/wrapper_code_smile/output_analysis/1735243578.6335516/serengildeepface_analysis/a0c06a37924825467541554c8c6e385974b26bfb/input/modified/deepface/commons/functions.py,217,a0c06a37924825467541554c8c6e385974b26bfb,modified,2020-09-08 06:07:08+00:00,stream bug fixed,functions.py|realtime.py,341.0,0.0,1.0,0.0,0.0,2020-02-08T20:42:28Z,297.0,bug_fixing,3a300712146f57d116f66aa34e0dfc7d186d6c8c,2024-03-17T12:07:27Z,/home/gilberto-1/github/wrapper_code_smile/output_analysis/1735243578.6335516/serengildeepface_analysis/b663ac641bf9f861668b8c19d6ade517a2e42171/input/modified/deepface/commons/functions.py,496,6e4cf067380fff747d4222ada2871997e18aeae4,check face_detector global variable initialized,2020-11-29 19:02:31+00:00,MODIFY,382.0,297.0,ca8a149732bc3564378da5eab622b843115a4875,2024-02-25T14:33:14Z,2020-02-08T20:42:28Z
deepface/detectors/OpenCvWrapper.py,align_face,serengil/deepface,columns_and_datatype_not_explicitly_set,1,/home/gilberto-1/github/wrapper_code_smile/output_analysis/1735243578.6335516/serengildeepface_analysis/b898f97b3875140fe37823f535cabd18859ba52c/input/added/deepface/detectors/OpenCvWrapper.py,68,b898f97b3875140fe37823f535cabd18859ba52c,added,2021-04-28 18:42:58+00:00,detector mechanism,.gitignore|DeepFace.py|functions.py|DlibWrapper.py|FaceDetector.py|MtcnnWrapper.py|OpenCvWrapper.py|RetinaFaceWrapper.py|SsdWrapper.py|unit_tests.py,505.0,0.0,0.0,0.0,0.0,2020-02-08T20:42:28Z,297.0,other,3a300712146f57d116f66aa34e0dfc7d186d6c8c,2024-03-17T12:07:27Z,/home/gilberto-1/github/wrapper_code_smile/output_analysis/1735243578.6335516/serengildeepface_analysis/057f06c09c2385b1e5ee752cb0616926b1581678/input/modified/deepface/detectors/OpenCvWrapper.py,78,ea1497e35d9a9e7cf834377eb40e6038a9b07bc4,eye detection procedure,2021-06-24 13:09:34+00:00,MODIFY,559.0,297.0,ca8a149732bc3564378da5eab622b843115a4875,2024-02-25T14:33:14Z,2020-02-08T20:42:28Z
deepface/detectors/SsdWrapper.py,detect_face,serengil/deepface,columns_and_datatype_not_explicitly_set,1,/home/gilberto-1/github/wrapper_code_smile/output_analysis/1735243578.6335516/serengildeepface_analysis/b898f97b3875140fe37823f535cabd18859ba52c/input/added/deepface/detectors/SsdWrapper.py,65,b898f97b3875140fe37823f535cabd18859ba52c,added,2021-04-28 18:42:58+00:00,detector mechanism,.gitignore|DeepFace.py|functions.py|DlibWrapper.py|FaceDetector.py|MtcnnWrapper.py|OpenCvWrapper.py|RetinaFaceWrapper.py|SsdWrapper.py|unit_tests.py,505.0,0.0,0.0,0.0,0.0,2020-02-08T20:42:28Z,297.0,other,3a300712146f57d116f66aa34e0dfc7d186d6c8c,2024-03-17T12:07:27Z,/home/gilberto-1/github/wrapper_code_smile/output_analysis/1735243578.6335516/serengildeepface_analysis/27d15d2413653d6b86674eab3f2571415519d49a/input/modified/deepface/detectors/SsdWrapper.py,101,0fd77e1c99a903878ef0029ea851ab8e5aabb2a2,"facial recognition, detector and demography models are now using interface",2024-01-20 19:23:28+00:00,MODIFY,1162.0,297.0,ca8a149732bc3564378da5eab622b843115a4875,2024-02-25T14:33:14Z,2020-02-08T20:42:28Z
deepface/detectors/SsdWrapper.py,detect_face,serengil/deepface,columns_and_datatype_not_explicitly_set,1,/home/gilberto-1/github/wrapper_code_smile/output_analysis/1735243578.6335516/serengildeepface_analysis/b898f97b3875140fe37823f535cabd18859ba52c/input/added/deepface/detectors/SsdWrapper.py,65,b898f97b3875140fe37823f535cabd18859ba52c,added,2021-04-28 18:42:58+00:00,detector mechanism,.gitignore|DeepFace.py|functions.py|DlibWrapper.py|FaceDetector.py|MtcnnWrapper.py|OpenCvWrapper.py|RetinaFaceWrapper.py|SsdWrapper.py|unit_tests.py,505.0,0.0,0.0,0.0,0.0,2020-02-08T20:42:28Z,297.0,other,3a300712146f57d116f66aa34e0dfc7d186d6c8c,2024-03-17T12:07:27Z,/home/gilberto-1/github/wrapper_code_smile/output_analysis/1735243578.6335516/serengildeepface_analysis/0fd77e1c99a903878ef0029ea851ab8e5aabb2a2/input/modified/deepface/detectors/SsdWrapper.py,105,0d6aa10b825312e4ab6b04d2b242aa8a2cfe058e,cosmetic changes about interfaces,2024-01-21 13:52:31+00:00,RENAME,1169.0,297.0,ca8a149732bc3564378da5eab622b843115a4875,2024-02-25T14:33:14Z,2020-02-08T20:42:28Z
deepface/detectors/Ssd.py,detect_faces,serengil/deepface,columns_and_datatype_not_explicitly_set,1,/home/gilberto-1/github/wrapper_code_smile/output_analysis/1735243578.6335516/serengildeepface_analysis/359162aa5e9993e6b8bfe9008b0e8a079eea9271/input/modified/deepface/detectors/Ssd.py,121,359162aa5e9993e6b8bfe9008b0e8a079eea9271,modified,2024-01-21 18:10:21+00:00,details about return types,ArcFace.py|DeepID.py|Dlib.py|Facenet.py|FbDeepFace.py|OpenFace.py|SFace.py|VGGFace.py|functions.py|DetectorWrapper.py|Dlib.py|FastMtCnn.py|MediaPipe.py|MtCnn.py|OpenCv.py|RetinaFace.py|Ssd.py|Yolo.py|YuNet.py|Detector.py|FacialRecognition.py|detection.py,1171.0,0.0,0.0,0.0,0.0,2020-02-08T20:42:28Z,297.0,other,3a300712146f57d116f66aa34e0dfc7d186d6c8c,2024-03-17T12:07:27Z,/home/gilberto-1/github/wrapper_code_smile/output_analysis/1735243578.6335516/serengildeepface_analysis/59e8d52b63a942388d8d905c7312febc16ceab2d/input/modified/deepface/detectors/Ssd.py,106,b7c7a5580f892f15a155ccda266a418b4f693e1c,models refactored,2024-08-08 07:53:56+00:00,RENAME,1567.0,297.0,ca8a149732bc3564378da5eab622b843115a4875,2024-02-25T14:33:14Z,2020-02-08T20:42:28Z
deepface/commons/realtime.py,analysis,serengil/deepface,columns_and_datatype_not_explicitly_set,1,/home/gilberto-1/github/wrapper_code_smile/output_analysis/1735243578.6335516/serengildeepface_analysis/d96b4bdbc5393107a4f97e864579bb1e8d37cf15/input/modified/deepface/commons/realtime.py,106,d96b4bdbc5393107a4f97e864579bb1e8d37cf15,modified,2022-10-23 13:49:26+00:00,Added confidence to FaceDetector.detect_face and .detect_faces methods,functions.py|realtime.py|DlibWrapper.py|FaceDetector.py|MediapipeWrapper.py|MtcnnWrapper.py|OpenCvWrapper.py|RetinaFaceWrapper.py|SsdWrapper.py,848.0,1.0,0.0,0.0,0.0,2020-02-08T20:42:28Z,297.0,new_feature,3a300712146f57d116f66aa34e0dfc7d186d6c8c,2024-03-17T12:07:27Z,/home/gilberto-1/github/wrapper_code_smile/output_analysis/1735243578.6335516/serengildeepface_analysis/125895398e0623b141463bbb48fad2a94444459f/input/modified/deepface/commons/realtime.py,192,7f719b87bdb98ccae03216919de3a41fe9ae1287,interface functions moved to modules,2024-01-13 22:21:41+00:00,RENAME,1157.0,297.0,ca8a149732bc3564378da5eab622b843115a4875,2024-02-25T14:33:14Z,2020-02-08T20:42:28Z
deepface/commons/realtime.py,analysis,serengil/deepface,columns_and_datatype_not_explicitly_set,2,/home/gilberto-1/github/wrapper_code_smile/output_analysis/1735243578.6335516/serengildeepface_analysis/d96b4bdbc5393107a4f97e864579bb1e8d37cf15/input/modified/deepface/commons/realtime.py,221,d96b4bdbc5393107a4f97e864579bb1e8d37cf15,modified,2022-10-23 13:49:26+00:00,Added confidence to FaceDetector.detect_face and .detect_faces methods,functions.py|realtime.py|DlibWrapper.py|FaceDetector.py|MediapipeWrapper.py|MtcnnWrapper.py|OpenCvWrapper.py|RetinaFaceWrapper.py|SsdWrapper.py,848.0,1.0,0.0,0.0,0.0,2020-02-08T20:42:28Z,297.0,new_feature,3a300712146f57d116f66aa34e0dfc7d186d6c8c,2024-03-17T12:07:27Z,/home/gilberto-1/github/wrapper_code_smile/output_analysis/1735243578.6335516/serengildeepface_analysis/700867c7db0f9bdaf21f7d5e0b8e9e31257c09c6/input/modified/deepface/commons/realtime.py,219,7a978d29c53c47768ffccf08123240986ad5e8d8,linting,2023-01-29 00:45:25+00:00,MODIFY,925.0,297.0,ca8a149732bc3564378da5eab622b843115a4875,2024-02-25T14:33:14Z,2020-02-08T20:42:28Z
deepface/detectors/SsdWrapper.py,detect_face,serengil/deepface,columns_and_datatype_not_explicitly_set,1,/home/gilberto-1/github/wrapper_code_smile/output_analysis/1735243578.6335516/serengildeepface_analysis/5a61a20ecfd46c50d2a424fcae3097d7b0e2ea07/input/modified/deepface/detectors/SsdWrapper.py,75,5a61a20ecfd46c50d2a424fcae3097d7b0e2ea07,modified,2021-08-23 13:26:36+00:00,specify model directory via DEEPFACE_HOME env variable,ArcFace.py|Boosting.py|DeepID.py|DlibResNet.py|Facenet.py|Facenet512.py|FbDeepFace.py|OpenFace.py|VGGFace.py|functions.py|DlibWrapper.py|SsdWrapper.py|Age.py|Emotion.py|Gender.py|Race.py,620.0,0.0,0.0,0.0,0.0,2020-02-08T20:42:28Z,297.0,other,3a300712146f57d116f66aa34e0dfc7d186d6c8c,2024-03-17T12:07:27Z,/home/gilberto-1/github/wrapper_code_smile/output_analysis/1735243578.6335516/serengildeepface_analysis/27d15d2413653d6b86674eab3f2571415519d49a/input/modified/deepface/detectors/SsdWrapper.py,101,0fd77e1c99a903878ef0029ea851ab8e5aabb2a2,"facial recognition, detector and demography models are now using interface",2024-01-20 19:23:28+00:00,MODIFY,1162.0,297.0,ca8a149732bc3564378da5eab622b843115a4875,2024-02-25T14:33:14Z,2020-02-08T20:42:28Z
deepface/detectors/SsdWrapper.py,detect_face,serengil/deepface,columns_and_datatype_not_explicitly_set,1,/home/gilberto-1/github/wrapper_code_smile/output_analysis/1735243578.6335516/serengildeepface_analysis/5a61a20ecfd46c50d2a424fcae3097d7b0e2ea07/input/modified/deepface/detectors/SsdWrapper.py,75,5a61a20ecfd46c50d2a424fcae3097d7b0e2ea07,modified,2021-08-23 13:26:36+00:00,specify model directory via DEEPFACE_HOME env variable,ArcFace.py|Boosting.py|DeepID.py|DlibResNet.py|Facenet.py|Facenet512.py|FbDeepFace.py|OpenFace.py|VGGFace.py|functions.py|DlibWrapper.py|SsdWrapper.py|Age.py|Emotion.py|Gender.py|Race.py,620.0,0.0,0.0,0.0,0.0,2020-02-08T20:42:28Z,297.0,other,3a300712146f57d116f66aa34e0dfc7d186d6c8c,2024-03-17T12:07:27Z,/home/gilberto-1/github/wrapper_code_smile/output_analysis/1735243578.6335516/serengildeepface_analysis/0fd77e1c99a903878ef0029ea851ab8e5aabb2a2/input/modified/deepface/detectors/SsdWrapper.py,105,0d6aa10b825312e4ab6b04d2b242aa8a2cfe058e,cosmetic changes about interfaces,2024-01-21 13:52:31+00:00,RENAME,1169.0,297.0,ca8a149732bc3564378da5eab622b843115a4875,2024-02-25T14:33:14Z,2020-02-08T20:42:28Z
deepface/detectors/SsdWrapper.py,detect_faces,serengil/deepface,columns_and_datatype_not_explicitly_set,1,/home/gilberto-1/github/wrapper_code_smile/output_analysis/1735243578.6335516/serengildeepface_analysis/0fd77e1c99a903878ef0029ea851ab8e5aabb2a2/input/modified/deepface/detectors/SsdWrapper.py,105,0fd77e1c99a903878ef0029ea851ab8e5aabb2a2,modified,2024-01-20 19:23:28+00:00,"facial recognition, detector and demography models are now using interface",DeepFace.py|ArcFace.py|DeepID.py|DlibResNet.py|DlibWrapper.py|Facenet.py|Facenet512.py|FbDeepFace.py|OpenFace.py|SFace.py|VGGFace.py|functions.py|DetectorWrapper.py|DlibWrapper.py|FaceDetector.py|FastMtcnnWrapper.py|MediapipeWrapper.py|MtcnnWrapper.py|OpenCvWrapper.py|RetinaFaceWrapper.py|SsdWrapper.py|YoloWrapper.py|YunetWrapper.py|Age.py|Emotion.py|Gender.py|Race.py|Demography.py|Detector.py|FacialRecognition.py|demography.py|modeling.py|representation.py|requirements.txt|visual-test.py,1162.0,0.0,0.0,0.0,0.0,2020-02-08T20:42:28Z,297.0,other,3a300712146f57d116f66aa34e0dfc7d186d6c8c,2024-03-17T12:07:27Z,/home/gilberto-1/github/wrapper_code_smile/output_analysis/1735243578.6335516/serengildeepface_analysis/0fd77e1c99a903878ef0029ea851ab8e5aabb2a2/input/modified/deepface/detectors/SsdWrapper.py,105,0d6aa10b825312e4ab6b04d2b242aa8a2cfe058e,cosmetic changes about interfaces,2024-01-21 13:52:31+00:00,RENAME,1169.0,297.0,ca8a149732bc3564378da5eab622b843115a4875,2024-02-25T14:33:14Z,2020-02-08T20:42:28Z
deepface/modules/realtime.py,analysis,serengil/deepface,columns_and_datatype_not_explicitly_set,1,/home/gilberto-1/github/wrapper_code_smile/output_analysis/1735243578.6335516/serengildeepface_analysis/4800aa3e8c2c5b3220e0edfb5542e7dd4dda7835/input/modified/deepface/modules/realtime.py,193,4800aa3e8c2c5b3220e0edfb5542e7dd4dda7835,modified,2024-01-31 19:37:43+00:00,input shape is now retrieved from models,ArcFace.py|DeepID.py|Dlib.py|Facenet.py|FbDeepFace.py|OpenFace.py|SFace.py|VGGFace.py|functions.py|FacialRecognition.py|realtime.py|recognition.py|representation.py|verification.py|face-recognition-how.py,1192.0,0.0,0.0,0.0,0.0,2020-02-08T20:42:28Z,297.0,other,3a300712146f57d116f66aa34e0dfc7d186d6c8c,2024-03-17T12:07:27Z,/home/gilberto-1/github/wrapper_code_smile/output_analysis/1735243578.6335516/serengildeepface_analysis/c4b48ce46f2e508b36dbd6d78dd425a9a1cd5cb0/input/modified/deepface/modules/realtime.py,190,644c6b4013bef7d4a3708043e1b5b0291425b453,avoid duplicate detections and loadings,2024-02-24 16:24:15+00:00,RENAME,1254.0,297.0,ca8a149732bc3564378da5eab622b843115a4875,2024-02-25T14:33:14Z,2020-02-08T20:42:28Z
deepface/models/face_detection/Ssd.py,detect_faces,serengil/deepface,columns_and_datatype_not_explicitly_set,1,/home/gilberto-1/github/wrapper_code_smile/output_analysis/1735243578.6335516/serengildeepface_analysis/0bb94a1a112500e9e95e3ac4dcfad7ef77c9e1ef/input/modified/deepface/models/face_detection/Ssd.py,92,0bb94a1a112500e9e95e3ac4dcfad7ef77c9e1ef,modified,2024-08-12 00:10:20+00:00,Update path handling,Perform-Experiments.ipynb|file_utils.py|folder_utils.py|image_utils.py|Age.py|Emotion.py|Gender.py|Race.py|CenterFace.py|Dlib.py|OpenCv.py|Ssd.py|Yolo.py|YuNet.py|ArcFace.py|DeepID.py|Dlib.py|Facenet.py|FbDeepFace.py|GhostFaceNet.py|OpenFace.py|SFace.py|VGGFace.py|recognition.py|test_extract_faces.py,1574.0,0.0,0.0,1.0,0.0,2020-02-08T20:42:28Z,297.0,enhancement,3a300712146f57d116f66aa34e0dfc7d186d6c8c,2024-03-17T12:07:27Z,/home/gilberto-1/github/wrapper_code_smile/output_analysis/1735243578.6335516/serengildeepface_analysis/0bb94a1a112500e9e95e3ac4dcfad7ef77c9e1ef/input/modified/deepface/models/face_detection/Ssd.py,92,a65f87a65aca689da7c8f1fca4a260c915c96223,Optimize ssd detector,2024-08-27 03:06:39+00:00,MODIFY,1609.0,297.0,ca8a149732bc3564378da5eab622b843115a4875,2024-02-25T14:33:14Z,2020-02-08T20:42:28Z
detectvideo.py,main,hunglc007/tensorflow-yolov4-tflite,tensor_array_not_used,1,/home/gilberto-1/github/wrapper_code_smile/output_analysis/1735243578.6335516/hunglc007tensorflow-yolov4-tflite_analysis/8f7f8105d02a1f3c9e71fe2b5be1633507f5f473/input/modified/detectvideo.py,79,8f7f8105d02a1f3c9e71fe2b5be1633507f5f473,modified,2020-07-29 15:49:11+00:00,Add disable cv2 window,detectvideo.py,154.0,1.0,0.0,0.0,0.0,2020-04-24T10:22:52Z,121.0,new_feature,,,/home/gilberto-1/github/wrapper_code_smile/output_analysis/1735243578.6335516/hunglc007tensorflow-yolov4-tflite_analysis/0b0e543b375e151de01b5420501e6f20755578e4/input/modified/detectvideo.py,84,87ee36d719fbb109ec36cacc76ceb89e7d3da834,Fix the color space of the output video in 'detectvideo.py',2020-08-05 07:14:08+00:00,MODIFY,158.0,121.0,,,2020-04-24T10:22:52Z
dice_ml/explainer_interfaces/explainer_base.py,generate_counterfactuals,interpretml/DiCE,columns_and_datatype_not_explicitly_set,1,/home/gilberto-1/github/wrapper_code_smile/output_analysis/1735243578.6335516/interpretmlDiCE_analysis/d76cd209bb0d4fea79ed8afd23a626f64262eab4/input/modified/dice_ml/explainer_interfaces/explainer_base.py,122,d76cd209bb0d4fea79ed8afd23a626f64262eab4,modified,2021-02-18 03:52:19+00:00,"Added features to vary & permitted range in dice_genetic (#66)

* Added features to vary & permitted range in dice_genetic. Cleaned up permitted range code

Signed-off-by: Soundarya Krishnan <soundaryak4898@gmail.com>

* Fixed tests

Signed-off-by: Soundarya Krishnan <soundaryak4898@gmail.com>",private_data_interface.py|public_data_interface.py|dice_genetic.py|dice_pytorch.py|dice_tensorflow1.py|dice_tensorflow2.py|explainer_base.py|DiCE_with_advanced_options.ipynb|test_data.py,310.0,1.0,1.0,0.0,1.0,2019-05-02T09:51:02Z,157.0,new_feature,ee4b2f47385f1f851e9aee420458d3886f969006,2021-03-01T15:23:28Z,/home/gilberto-1/github/wrapper_code_smile/output_analysis/1735243578.6335516/interpretmlDiCE_analysis/797ed1e992e992dead455c69f3b79a8554d047b2/input/modified/dice_ml/explainer_interfaces/explainer_base.py,121,a25a079459e3acbe55735ff6f8f186c615530be2,"[Major-update] Flexible transformations for explainer and model, allowing df input to generate_counterfactuals (#65)

* added transformation support and dataframe input in original scale

* removed transformers as input

* updates flexible data transformations for DiCE and ML model

* update with T1 and T2 transformations

* update TF, PYT and random sampling explainers with data transformation functions

* fix posthoc sparsity correction and update pytests

Signed-off-by: Amit Sharma <amit_sharma@live.com>

Co-authored-by: raam93 <raam.arvind93@gmail.com>",2021-02-22 03:06:58+00:00,MODIFY,321.0,157.0,ee4b2f47385f1f851e9aee420458d3886f969006,2021-03-01T15:23:28Z,2019-05-02T09:51:02Z
dice_ml/explainer_interfaces/explainer_base.py,generate_counterfactuals,interpretml/DiCE,columns_and_datatype_not_explicitly_set,1,/home/gilberto-1/github/wrapper_code_smile/output_analysis/1735243578.6335516/interpretmlDiCE_analysis/d76cd209bb0d4fea79ed8afd23a626f64262eab4/input/modified/dice_ml/explainer_interfaces/explainer_base.py,122,d76cd209bb0d4fea79ed8afd23a626f64262eab4,modified,2021-02-18 03:52:19+00:00,"Added features to vary & permitted range in dice_genetic (#66)

* Added features to vary & permitted range in dice_genetic. Cleaned up permitted range code

Signed-off-by: Soundarya Krishnan <soundaryak4898@gmail.com>

* Fixed tests

Signed-off-by: Soundarya Krishnan <soundaryak4898@gmail.com>",private_data_interface.py|public_data_interface.py|dice_genetic.py|dice_pytorch.py|dice_tensorflow1.py|dice_tensorflow2.py|explainer_base.py|DiCE_with_advanced_options.ipynb|test_data.py,310.0,1.0,1.0,0.0,1.0,2019-05-02T09:51:02Z,157.0,new_feature,ee4b2f47385f1f851e9aee420458d3886f969006,2021-03-01T15:23:28Z,/home/gilberto-1/github/wrapper_code_smile/output_analysis/1735243578.6335516/interpretmlDiCE_analysis/3eca953b70024995bfc9d745ec2688acd6761ca9/input/modified/dice_ml/explainer_interfaces/explainer_base.py,228,24ba8e377462bc29059f4d8f96bcc9dd42b69360,"created a new class for dice random method (#79)

small fix for dice_genetic too, given the new random explainer.
Signed-off-by: Amit Sharma <amit_sharma@live.com>",2021-02-22 09:54:07+00:00,MODIFY,324.0,157.0,ee4b2f47385f1f851e9aee420458d3886f969006,2021-03-01T15:23:28Z,2019-05-02T09:51:02Z
dice_ml/data_interfaces/private_data_interface.py,get_all_dummy_colnames,interpretml/DiCE,columns_and_datatype_not_explicitly_set,1,/home/gilberto-1/github/wrapper_code_smile/output_analysis/1735243578.6335516/interpretmlDiCE_analysis/7a98a0ed1ee6f496bb86e57a1ddd2ff4bf07f3ef/input/modified/dice_ml/data_interfaces/private_data_interface.py,403,7a98a0ed1ee6f496bb86e57a1ddd2ff4bf07f3ef,modified,2022-10-07 12:56:46+00:00,"Fix to unify type comparison methods (#311)

* Use isinstance

Signed-off-by: Daiki Katsuragawa <50144563+daikikatsuragawa@users.noreply.github.com>

* Use isinstance for multiple types

Signed-off-by: Daiki Katsuragawa <50144563+daikikatsuragawa@users.noreply.github.com>

* Fix issues reported by flake8

Signed-off-by: Daiki Katsuragawa <50144563+daikikatsuragawa@users.noreply.github.com>

Signed-off-by: Daiki Katsuragawa <50144563+daikikatsuragawa@users.noreply.github.com>",base_data_interface.py|private_data_interface.py|public_data_interface.py,581.0,0.0,1.0,0.0,0.0,2019-05-02T09:51:02Z,157.0,bug_fixing,ee4b2f47385f1f851e9aee420458d3886f969006,2021-03-01T15:23:28Z,/home/gilberto-1/github/wrapper_code_smile/output_analysis/1735243578.6335516/interpretmlDiCE_analysis/154565da7eab00badca683a6163d54032b09699b/input/modified/dice_ml/data_interfaces/private_data_interface.py,358,b12abb4c3549c489680fa5f785e885b103267a4f,"Ensure same type for CF output as the input features (#412)

* same type for the input features

* added tests and fixed bug

Signed-off-by: Amit Sharma <amit_sharma@live.com>

* fixed lint error

* fixed lint

* fixed private data interface

* common functions in base_data

* fixed lint error

* fixed isort

* avoiding flaky test fail whenever final_cfs_df is none

---------

Signed-off-by: Amit Sharma <amit_sharma@live.com>",2023-10-26 05:37:26+00:00,MODIFY,760.0,157.0,ee4b2f47385f1f851e9aee420458d3886f969006,2021-03-01T15:23:28Z,2019-05-02T09:51:02Z
dice_ml/data_interfaces/private_data_interface.py,get_decoded_data,interpretml/DiCE,columns_and_datatype_not_explicitly_set,1,/home/gilberto-1/github/wrapper_code_smile/output_analysis/1735243578.6335516/interpretmlDiCE_analysis/72fe8862d913aa221e7c217572cc81bbb9b628c9/input/modified/dice_ml/data_interfaces/private_data_interface.py,165,72fe8862d913aa221e7c217572cc81bbb9b628c9,modified,2019-06-19 10:49:39+00:00,adding readme sphinx docs,.gitignore|data.py|private_data_interface.py|public_data_interface.py|dice.py|dice_pytorch.py|dice_tensorflow.py|model.py|keras_tensorflow_model.py|pytorch_model.py|.buildinfo|data.html|private_data_interface.html|public_data_interface.html|dice.html|dice_pytorch.html|dice_tensorflow.html|diverse_counterfactuals.html|model.html|keras_tensorflow_model.html|pytorch_model.html|helpers.html|index.html|includeme.rst.txt|index.rst.txt|alabaster.css|badge_only.css|theme.css|custom.css|Inconsolata-Bold.ttf|Inconsolata-Regular.ttf|Inconsolata.ttf|Lato-Bold.ttf|Lato-Regular.ttf|lato-bold.eot|lato-bold.ttf|lato-bold.woff|lato-bold.woff2|lato-bolditalic.eot|lato-bolditalic.ttf|lato-bolditalic.woff|lato-bolditalic.woff2|lato-italic.eot|lato-italic.ttf|lato-italic.woff|lato-italic.woff2|lato-regular.eot|lato-regular.ttf|lato-regular.woff|lato-regular.woff2|RobotoSlab-Bold.ttf|RobotoSlab-Regular.ttf|roboto-slab-v7-bold.eot|roboto-slab-v7-bold.ttf|roboto-slab-v7-bold.woff|roboto-slab-v7-bold.woff2|roboto-slab-v7-regular.eot|roboto-slab-v7-regular.ttf|roboto-slab-v7-regular.woff|roboto-slab-v7-regular.woff2|fontawesome-webfont.eot|fontawesome-webfont.svg|fontawesome-webfont.ttf|fontawesome-webfont.woff|fontawesome-webfont.woff2|modernizr.min.js|theme.js|pygments.css|dice_ml.data_interfaces.html|dice_ml.dice_interfaces.html|dice_ml.html|dice_ml.model_interfaces.html|dice_ml.utils.html|genindex.html|includeme.html|index.html|modules.html|objects.inv|py-modindex.html|search.html|searchindex.js|setup.html|conf.py|includeme.rst|index.rst,29.0,1.0,0.0,0.0,0.0,2019-05-02T09:51:02Z,157.0,new_feature,ee4b2f47385f1f851e9aee420458d3886f969006,2021-03-01T15:23:28Z,/home/gilberto-1/github/wrapper_code_smile/output_analysis/1735243578.6335516/interpretmlDiCE_analysis/d76cd209bb0d4fea79ed8afd23a626f64262eab4/input/modified/dice_ml/data_interfaces/private_data_interface.py,264,a25a079459e3acbe55735ff6f8f186c615530be2,"[Major-update] Flexible transformations for explainer and model, allowing df input to generate_counterfactuals (#65)

* added transformation support and dataframe input in original scale

* removed transformers as input

* updates flexible data transformations for DiCE and ML model

* update with T1 and T2 transformations

* update TF, PYT and random sampling explainers with data transformation functions

* fix posthoc sparsity correction and update pytests

Signed-off-by: Amit Sharma <amit_sharma@live.com>

Co-authored-by: raam93 <raam.arvind93@gmail.com>",2021-02-22 03:06:58+00:00,MODIFY,321.0,157.0,ee4b2f47385f1f851e9aee420458d3886f969006,2021-03-01T15:23:28Z,2019-05-02T09:51:02Z
dice_ml/data_interfaces/private_data_interface.py,get_decoded_data,interpretml/DiCE,columns_and_datatype_not_explicitly_set,1,/home/gilberto-1/github/wrapper_code_smile/output_analysis/1735243578.6335516/interpretmlDiCE_analysis/72fe8862d913aa221e7c217572cc81bbb9b628c9/input/modified/dice_ml/data_interfaces/private_data_interface.py,165,72fe8862d913aa221e7c217572cc81bbb9b628c9,modified,2019-06-19 10:49:39+00:00,adding readme sphinx docs,.gitignore|data.py|private_data_interface.py|public_data_interface.py|dice.py|dice_pytorch.py|dice_tensorflow.py|model.py|keras_tensorflow_model.py|pytorch_model.py|.buildinfo|data.html|private_data_interface.html|public_data_interface.html|dice.html|dice_pytorch.html|dice_tensorflow.html|diverse_counterfactuals.html|model.html|keras_tensorflow_model.html|pytorch_model.html|helpers.html|index.html|includeme.rst.txt|index.rst.txt|alabaster.css|badge_only.css|theme.css|custom.css|Inconsolata-Bold.ttf|Inconsolata-Regular.ttf|Inconsolata.ttf|Lato-Bold.ttf|Lato-Regular.ttf|lato-bold.eot|lato-bold.ttf|lato-bold.woff|lato-bold.woff2|lato-bolditalic.eot|lato-bolditalic.ttf|lato-bolditalic.woff|lato-bolditalic.woff2|lato-italic.eot|lato-italic.ttf|lato-italic.woff|lato-italic.woff2|lato-regular.eot|lato-regular.ttf|lato-regular.woff|lato-regular.woff2|RobotoSlab-Bold.ttf|RobotoSlab-Regular.ttf|roboto-slab-v7-bold.eot|roboto-slab-v7-bold.ttf|roboto-slab-v7-bold.woff|roboto-slab-v7-bold.woff2|roboto-slab-v7-regular.eot|roboto-slab-v7-regular.ttf|roboto-slab-v7-regular.woff|roboto-slab-v7-regular.woff2|fontawesome-webfont.eot|fontawesome-webfont.svg|fontawesome-webfont.ttf|fontawesome-webfont.woff|fontawesome-webfont.woff2|modernizr.min.js|theme.js|pygments.css|dice_ml.data_interfaces.html|dice_ml.dice_interfaces.html|dice_ml.html|dice_ml.model_interfaces.html|dice_ml.utils.html|genindex.html|includeme.html|index.html|modules.html|objects.inv|py-modindex.html|search.html|searchindex.js|setup.html|conf.py|includeme.rst|index.rst,29.0,1.0,0.0,0.0,0.0,2019-05-02T09:51:02Z,157.0,new_feature,ee4b2f47385f1f851e9aee420458d3886f969006,2021-03-01T15:23:28Z,/home/gilberto-1/github/wrapper_code_smile/output_analysis/1735243578.6335516/interpretmlDiCE_analysis/154565da7eab00badca683a6163d54032b09699b/input/modified/dice_ml/data_interfaces/private_data_interface.py,358,b12abb4c3549c489680fa5f785e885b103267a4f,"Ensure same type for CF output as the input features (#412)

* same type for the input features

* added tests and fixed bug

Signed-off-by: Amit Sharma <amit_sharma@live.com>

* fixed lint error

* fixed lint

* fixed private data interface

* common functions in base_data

* fixed lint error

* fixed isort

* avoiding flaky test fail whenever final_cfs_df is none

---------

Signed-off-by: Amit Sharma <amit_sharma@live.com>",2023-10-26 05:37:26+00:00,MODIFY,760.0,157.0,ee4b2f47385f1f851e9aee420458d3886f969006,2021-03-01T15:23:28Z,2019-05-02T09:51:02Z
dice_ml/explainer_interfaces/explainer_base.py,get_samples,interpretml/DiCE,columns_and_datatype_not_explicitly_set,1,/home/gilberto-1/github/wrapper_code_smile/output_analysis/1735243578.6335516/interpretmlDiCE_analysis/d76cd209bb0d4fea79ed8afd23a626f64262eab4/input/modified/dice_ml/explainer_interfaces/explainer_base.py,307,d76cd209bb0d4fea79ed8afd23a626f64262eab4,modified,2021-02-18 03:52:19+00:00,"Added features to vary & permitted range in dice_genetic (#66)

* Added features to vary & permitted range in dice_genetic. Cleaned up permitted range code

Signed-off-by: Soundarya Krishnan <soundaryak4898@gmail.com>

* Fixed tests

Signed-off-by: Soundarya Krishnan <soundaryak4898@gmail.com>",private_data_interface.py|public_data_interface.py|dice_genetic.py|dice_pytorch.py|dice_tensorflow1.py|dice_tensorflow2.py|explainer_base.py|DiCE_with_advanced_options.ipynb|test_data.py,310.0,1.0,1.0,0.0,1.0,2019-05-02T09:51:02Z,157.0,new_feature,ee4b2f47385f1f851e9aee420458d3886f969006,2021-03-01T15:23:28Z,/home/gilberto-1/github/wrapper_code_smile/output_analysis/1735243578.6335516/interpretmlDiCE_analysis/797ed1e992e992dead455c69f3b79a8554d047b2/input/modified/dice_ml/explainer_interfaces/explainer_base.py,121,a25a079459e3acbe55735ff6f8f186c615530be2,"[Major-update] Flexible transformations for explainer and model, allowing df input to generate_counterfactuals (#65)

* added transformation support and dataframe input in original scale

* removed transformers as input

* updates flexible data transformations for DiCE and ML model

* update with T1 and T2 transformations

* update TF, PYT and random sampling explainers with data transformation functions

* fix posthoc sparsity correction and update pytests

Signed-off-by: Amit Sharma <amit_sharma@live.com>

Co-authored-by: raam93 <raam.arvind93@gmail.com>",2021-02-22 03:06:58+00:00,MODIFY,321.0,157.0,ee4b2f47385f1f851e9aee420458d3886f969006,2021-03-01T15:23:28Z,2019-05-02T09:51:02Z
dice_ml/explainer_interfaces/explainer_base.py,get_samples,interpretml/DiCE,columns_and_datatype_not_explicitly_set,1,/home/gilberto-1/github/wrapper_code_smile/output_analysis/1735243578.6335516/interpretmlDiCE_analysis/d76cd209bb0d4fea79ed8afd23a626f64262eab4/input/modified/dice_ml/explainer_interfaces/explainer_base.py,307,d76cd209bb0d4fea79ed8afd23a626f64262eab4,modified,2021-02-18 03:52:19+00:00,"Added features to vary & permitted range in dice_genetic (#66)

* Added features to vary & permitted range in dice_genetic. Cleaned up permitted range code

Signed-off-by: Soundarya Krishnan <soundaryak4898@gmail.com>

* Fixed tests

Signed-off-by: Soundarya Krishnan <soundaryak4898@gmail.com>",private_data_interface.py|public_data_interface.py|dice_genetic.py|dice_pytorch.py|dice_tensorflow1.py|dice_tensorflow2.py|explainer_base.py|DiCE_with_advanced_options.ipynb|test_data.py,310.0,1.0,1.0,0.0,1.0,2019-05-02T09:51:02Z,157.0,new_feature,ee4b2f47385f1f851e9aee420458d3886f969006,2021-03-01T15:23:28Z,/home/gilberto-1/github/wrapper_code_smile/output_analysis/1735243578.6335516/interpretmlDiCE_analysis/3eca953b70024995bfc9d745ec2688acd6761ca9/input/modified/dice_ml/explainer_interfaces/explainer_base.py,228,24ba8e377462bc29059f4d8f96bcc9dd42b69360,"created a new class for dice random method (#79)

small fix for dice_genetic too, given the new random explainer.
Signed-off-by: Amit Sharma <amit_sharma@live.com>",2021-02-22 09:54:07+00:00,MODIFY,324.0,157.0,ee4b2f47385f1f851e9aee420458d3886f969006,2021-03-01T15:23:28Z,2019-05-02T09:51:02Z
dice_ml/data_interfaces/private_data_interface.py,prepare_df_for_encoding,interpretml/DiCE,columns_and_datatype_not_explicitly_set,1,/home/gilberto-1/github/wrapper_code_smile/output_analysis/1735243578.6335516/interpretmlDiCE_analysis/72fe8862d913aa221e7c217572cc81bbb9b628c9/input/modified/dice_ml/data_interfaces/private_data_interface.py,176,72fe8862d913aa221e7c217572cc81bbb9b628c9,modified,2019-06-19 10:49:39+00:00,adding readme sphinx docs,.gitignore|data.py|private_data_interface.py|public_data_interface.py|dice.py|dice_pytorch.py|dice_tensorflow.py|model.py|keras_tensorflow_model.py|pytorch_model.py|.buildinfo|data.html|private_data_interface.html|public_data_interface.html|dice.html|dice_pytorch.html|dice_tensorflow.html|diverse_counterfactuals.html|model.html|keras_tensorflow_model.html|pytorch_model.html|helpers.html|index.html|includeme.rst.txt|index.rst.txt|alabaster.css|badge_only.css|theme.css|custom.css|Inconsolata-Bold.ttf|Inconsolata-Regular.ttf|Inconsolata.ttf|Lato-Bold.ttf|Lato-Regular.ttf|lato-bold.eot|lato-bold.ttf|lato-bold.woff|lato-bold.woff2|lato-bolditalic.eot|lato-bolditalic.ttf|lato-bolditalic.woff|lato-bolditalic.woff2|lato-italic.eot|lato-italic.ttf|lato-italic.woff|lato-italic.woff2|lato-regular.eot|lato-regular.ttf|lato-regular.woff|lato-regular.woff2|RobotoSlab-Bold.ttf|RobotoSlab-Regular.ttf|roboto-slab-v7-bold.eot|roboto-slab-v7-bold.ttf|roboto-slab-v7-bold.woff|roboto-slab-v7-bold.woff2|roboto-slab-v7-regular.eot|roboto-slab-v7-regular.ttf|roboto-slab-v7-regular.woff|roboto-slab-v7-regular.woff2|fontawesome-webfont.eot|fontawesome-webfont.svg|fontawesome-webfont.ttf|fontawesome-webfont.woff|fontawesome-webfont.woff2|modernizr.min.js|theme.js|pygments.css|dice_ml.data_interfaces.html|dice_ml.dice_interfaces.html|dice_ml.html|dice_ml.model_interfaces.html|dice_ml.utils.html|genindex.html|includeme.html|index.html|modules.html|objects.inv|py-modindex.html|search.html|searchindex.js|setup.html|conf.py|includeme.rst|index.rst,29.0,1.0,0.0,0.0,0.0,2019-05-02T09:51:02Z,157.0,new_feature,ee4b2f47385f1f851e9aee420458d3886f969006,2021-03-01T15:23:28Z,/home/gilberto-1/github/wrapper_code_smile/output_analysis/1735243578.6335516/interpretmlDiCE_analysis/d76cd209bb0d4fea79ed8afd23a626f64262eab4/input/modified/dice_ml/data_interfaces/private_data_interface.py,264,a25a079459e3acbe55735ff6f8f186c615530be2,"[Major-update] Flexible transformations for explainer and model, allowing df input to generate_counterfactuals (#65)

* added transformation support and dataframe input in original scale

* removed transformers as input

* updates flexible data transformations for DiCE and ML model

* update with T1 and T2 transformations

* update TF, PYT and random sampling explainers with data transformation functions

* fix posthoc sparsity correction and update pytests

Signed-off-by: Amit Sharma <amit_sharma@live.com>

Co-authored-by: raam93 <raam.arvind93@gmail.com>",2021-02-22 03:06:58+00:00,MODIFY,321.0,157.0,ee4b2f47385f1f851e9aee420458d3886f969006,2021-03-01T15:23:28Z,2019-05-02T09:51:02Z
dice_ml/data_interfaces/private_data_interface.py,prepare_df_for_encoding,interpretml/DiCE,columns_and_datatype_not_explicitly_set,1,/home/gilberto-1/github/wrapper_code_smile/output_analysis/1735243578.6335516/interpretmlDiCE_analysis/72fe8862d913aa221e7c217572cc81bbb9b628c9/input/modified/dice_ml/data_interfaces/private_data_interface.py,176,72fe8862d913aa221e7c217572cc81bbb9b628c9,modified,2019-06-19 10:49:39+00:00,adding readme sphinx docs,.gitignore|data.py|private_data_interface.py|public_data_interface.py|dice.py|dice_pytorch.py|dice_tensorflow.py|model.py|keras_tensorflow_model.py|pytorch_model.py|.buildinfo|data.html|private_data_interface.html|public_data_interface.html|dice.html|dice_pytorch.html|dice_tensorflow.html|diverse_counterfactuals.html|model.html|keras_tensorflow_model.html|pytorch_model.html|helpers.html|index.html|includeme.rst.txt|index.rst.txt|alabaster.css|badge_only.css|theme.css|custom.css|Inconsolata-Bold.ttf|Inconsolata-Regular.ttf|Inconsolata.ttf|Lato-Bold.ttf|Lato-Regular.ttf|lato-bold.eot|lato-bold.ttf|lato-bold.woff|lato-bold.woff2|lato-bolditalic.eot|lato-bolditalic.ttf|lato-bolditalic.woff|lato-bolditalic.woff2|lato-italic.eot|lato-italic.ttf|lato-italic.woff|lato-italic.woff2|lato-regular.eot|lato-regular.ttf|lato-regular.woff|lato-regular.woff2|RobotoSlab-Bold.ttf|RobotoSlab-Regular.ttf|roboto-slab-v7-bold.eot|roboto-slab-v7-bold.ttf|roboto-slab-v7-bold.woff|roboto-slab-v7-bold.woff2|roboto-slab-v7-regular.eot|roboto-slab-v7-regular.ttf|roboto-slab-v7-regular.woff|roboto-slab-v7-regular.woff2|fontawesome-webfont.eot|fontawesome-webfont.svg|fontawesome-webfont.ttf|fontawesome-webfont.woff|fontawesome-webfont.woff2|modernizr.min.js|theme.js|pygments.css|dice_ml.data_interfaces.html|dice_ml.dice_interfaces.html|dice_ml.html|dice_ml.model_interfaces.html|dice_ml.utils.html|genindex.html|includeme.html|index.html|modules.html|objects.inv|py-modindex.html|search.html|searchindex.js|setup.html|conf.py|includeme.rst|index.rst,29.0,1.0,0.0,0.0,0.0,2019-05-02T09:51:02Z,157.0,new_feature,ee4b2f47385f1f851e9aee420458d3886f969006,2021-03-01T15:23:28Z,/home/gilberto-1/github/wrapper_code_smile/output_analysis/1735243578.6335516/interpretmlDiCE_analysis/154565da7eab00badca683a6163d54032b09699b/input/modified/dice_ml/data_interfaces/private_data_interface.py,358,b12abb4c3549c489680fa5f785e885b103267a4f,"Ensure same type for CF output as the input features (#412)

* same type for the input features

* added tests and fixed bug

Signed-off-by: Amit Sharma <amit_sharma@live.com>

* fixed lint error

* fixed lint

* fixed private data interface

* common functions in base_data

* fixed lint error

* fixed isort

* avoiding flaky test fail whenever final_cfs_df is none

---------

Signed-off-by: Amit Sharma <amit_sharma@live.com>",2023-10-26 05:37:26+00:00,MODIFY,760.0,157.0,ee4b2f47385f1f851e9aee420458d3886f969006,2021-03-01T15:23:28Z,2019-05-02T09:51:02Z
dice_ml/data_interfaces/private_data_interface.py,prepare_df_for_ohe_encoding,interpretml/DiCE,columns_and_datatype_not_explicitly_set,1,/home/gilberto-1/github/wrapper_code_smile/output_analysis/1735243578.6335516/interpretmlDiCE_analysis/74c54636877c82f22cb99bf21f7102c2b7f7969d/input/modified/dice_ml/data_interfaces/private_data_interface.py,310,74c54636877c82f22cb99bf21f7102c2b7f7969d,modified,2021-05-21 07:36:49+00:00,"Reduced cyclometric complexity of PublicData and PrivateData (#152)

* Reduced cyclometric complexity of PublicData and PrivateData

Signed-off-by: gaugup <gaugup@microsoft.com>

* Fix flake8 errors

Signed-off-by: gaugup <gaugup@microsoft.com>

* Fix tests

Signed-off-by: gaugup <gaugup@microsoft.com>",pythonpackage.yml|data.py|base_data_interface.py|private_data_interface.py|public_data_interface.py|test_base_data_interface.py|test_public_data_interface.py,385.0,0.0,1.0,0.0,0.0,2019-05-02T09:51:02Z,157.0,bug_fixing,ee4b2f47385f1f851e9aee420458d3886f969006,2021-03-01T15:23:28Z,/home/gilberto-1/github/wrapper_code_smile/output_analysis/1735243578.6335516/interpretmlDiCE_analysis/154565da7eab00badca683a6163d54032b09699b/input/modified/dice_ml/data_interfaces/private_data_interface.py,358,b12abb4c3549c489680fa5f785e885b103267a4f,"Ensure same type for CF output as the input features (#412)

* same type for the input features

* added tests and fixed bug

Signed-off-by: Amit Sharma <amit_sharma@live.com>

* fixed lint error

* fixed lint

* fixed private data interface

* common functions in base_data

* fixed lint error

* fixed isort

* avoiding flaky test fail whenever final_cfs_df is none

---------

Signed-off-by: Amit Sharma <amit_sharma@live.com>",2023-10-26 05:37:26+00:00,MODIFY,760.0,157.0,ee4b2f47385f1f851e9aee420458d3886f969006,2021-03-01T15:23:28Z,2019-05-02T09:51:02Z
dice_ml/data_interfaces/private_data_interface.py,prepare_query_instance,interpretml/DiCE,columns_and_datatype_not_explicitly_set,1,/home/gilberto-1/github/wrapper_code_smile/output_analysis/1735243578.6335516/interpretmlDiCE_analysis/5b05939a3a90cec1d525cdf130728752ea4a3d9e/input/modified/dice_ml/data_interfaces/private_data_interface.py,227,5b05939a3a90cec1d525cdf130728752ea4a3d9e,modified,2020-04-20 08:12:15+00:00,Update mad method in private data interface,private_data_interface.py|public_data_interface.py,125.0,0.0,0.0,1.0,0.0,2019-05-02T09:51:02Z,157.0,enhancement,ee4b2f47385f1f851e9aee420458d3886f969006,2021-03-01T15:23:28Z,/home/gilberto-1/github/wrapper_code_smile/output_analysis/1735243578.6335516/interpretmlDiCE_analysis/d76cd209bb0d4fea79ed8afd23a626f64262eab4/input/modified/dice_ml/data_interfaces/private_data_interface.py,264,a25a079459e3acbe55735ff6f8f186c615530be2,"[Major-update] Flexible transformations for explainer and model, allowing df input to generate_counterfactuals (#65)

* added transformation support and dataframe input in original scale

* removed transformers as input

* updates flexible data transformations for DiCE and ML model

* update with T1 and T2 transformations

* update TF, PYT and random sampling explainers with data transformation functions

* fix posthoc sparsity correction and update pytests

Signed-off-by: Amit Sharma <amit_sharma@live.com>

Co-authored-by: raam93 <raam.arvind93@gmail.com>",2021-02-22 03:06:58+00:00,MODIFY,321.0,157.0,ee4b2f47385f1f851e9aee420458d3886f969006,2021-03-01T15:23:28Z,2019-05-02T09:51:02Z
dice_ml/data_interfaces/private_data_interface.py,prepare_query_instance,interpretml/DiCE,columns_and_datatype_not_explicitly_set,1,/home/gilberto-1/github/wrapper_code_smile/output_analysis/1735243578.6335516/interpretmlDiCE_analysis/5b05939a3a90cec1d525cdf130728752ea4a3d9e/input/modified/dice_ml/data_interfaces/private_data_interface.py,227,5b05939a3a90cec1d525cdf130728752ea4a3d9e,modified,2020-04-20 08:12:15+00:00,Update mad method in private data interface,private_data_interface.py|public_data_interface.py,125.0,0.0,0.0,1.0,0.0,2019-05-02T09:51:02Z,157.0,enhancement,ee4b2f47385f1f851e9aee420458d3886f969006,2021-03-01T15:23:28Z,/home/gilberto-1/github/wrapper_code_smile/output_analysis/1735243578.6335516/interpretmlDiCE_analysis/154565da7eab00badca683a6163d54032b09699b/input/modified/dice_ml/data_interfaces/private_data_interface.py,358,b12abb4c3549c489680fa5f785e885b103267a4f,"Ensure same type for CF output as the input features (#412)

* same type for the input features

* added tests and fixed bug

Signed-off-by: Amit Sharma <amit_sharma@live.com>

* fixed lint error

* fixed lint

* fixed private data interface

* common functions in base_data

* fixed lint error

* fixed isort

* avoiding flaky test fail whenever final_cfs_df is none

---------

Signed-off-by: Amit Sharma <amit_sharma@live.com>",2023-10-26 05:37:26+00:00,MODIFY,760.0,157.0,ee4b2f47385f1f851e9aee420458d3886f969006,2021-03-01T15:23:28Z,2019-05-02T09:51:02Z
dice_ml/explainer_interfaces/explainer_base.py,generate_counterfactuals,interpretml/DiCE,columns_and_datatype_not_explicitly_set,1,/home/gilberto-1/github/wrapper_code_smile/output_analysis/1735243578.6335516/interpretmlDiCE_analysis/72d600069857e22d08f1e7e9614d59d10d26f225/input/modified/dice_ml/explainer_interfaces/explainer_base.py,102,72d600069857e22d08f1e7e9614d59d10d26f225,modified,2020-12-15 13:12:50+00:00,"Framework for generating CFs with non-differentiable models: Initial commit (#51)

* create method to generate CFs randomly

* Create DiCE_model_agnostic_CFs.ipynb

currently a framework has been laid to generate CFs with any ML model but using only random sampling method.

* Update base_model.py

* updating permitted range of continuous features

* resolving model_interface errors",public_data_interface.py|dice.py|explainer_base.py|model.py|base_model.py|DiCE_model_agnostic_CFs.ipynb,288.0,1.0,1.0,1.0,1.0,2019-05-02T09:51:02Z,157.0,enhancement,ee4b2f47385f1f851e9aee420458d3886f969006,2021-03-01T15:23:28Z,/home/gilberto-1/github/wrapper_code_smile/output_analysis/1735243578.6335516/interpretmlDiCE_analysis/797ed1e992e992dead455c69f3b79a8554d047b2/input/modified/dice_ml/explainer_interfaces/explainer_base.py,121,a25a079459e3acbe55735ff6f8f186c615530be2,"[Major-update] Flexible transformations for explainer and model, allowing df input to generate_counterfactuals (#65)

* added transformation support and dataframe input in original scale

* removed transformers as input

* updates flexible data transformations for DiCE and ML model

* update with T1 and T2 transformations

* update TF, PYT and random sampling explainers with data transformation functions

* fix posthoc sparsity correction and update pytests

Signed-off-by: Amit Sharma <amit_sharma@live.com>

Co-authored-by: raam93 <raam.arvind93@gmail.com>",2021-02-22 03:06:58+00:00,MODIFY,321.0,157.0,ee4b2f47385f1f851e9aee420458d3886f969006,2021-03-01T15:23:28Z,2019-05-02T09:51:02Z
dice_ml/explainer_interfaces/explainer_base.py,generate_counterfactuals,interpretml/DiCE,columns_and_datatype_not_explicitly_set,1,/home/gilberto-1/github/wrapper_code_smile/output_analysis/1735243578.6335516/interpretmlDiCE_analysis/72d600069857e22d08f1e7e9614d59d10d26f225/input/modified/dice_ml/explainer_interfaces/explainer_base.py,102,72d600069857e22d08f1e7e9614d59d10d26f225,modified,2020-12-15 13:12:50+00:00,"Framework for generating CFs with non-differentiable models: Initial commit (#51)

* create method to generate CFs randomly

* Create DiCE_model_agnostic_CFs.ipynb

currently a framework has been laid to generate CFs with any ML model but using only random sampling method.

* Update base_model.py

* updating permitted range of continuous features

* resolving model_interface errors",public_data_interface.py|dice.py|explainer_base.py|model.py|base_model.py|DiCE_model_agnostic_CFs.ipynb,288.0,1.0,1.0,1.0,1.0,2019-05-02T09:51:02Z,157.0,enhancement,ee4b2f47385f1f851e9aee420458d3886f969006,2021-03-01T15:23:28Z,/home/gilberto-1/github/wrapper_code_smile/output_analysis/1735243578.6335516/interpretmlDiCE_analysis/3eca953b70024995bfc9d745ec2688acd6761ca9/input/modified/dice_ml/explainer_interfaces/explainer_base.py,228,24ba8e377462bc29059f4d8f96bcc9dd42b69360,"created a new class for dice random method (#79)

small fix for dice_genetic too, given the new random explainer.
Signed-off-by: Amit Sharma <amit_sharma@live.com>",2021-02-22 09:54:07+00:00,MODIFY,324.0,157.0,ee4b2f47385f1f851e9aee420458d3886f969006,2021-03-01T15:23:28Z,2019-05-02T09:51:02Z
dice_ml/data_interfaces/public_data_interface.py,get_decoded_data,interpretml/DiCE,columns_and_datatype_not_explicitly_set,1,/home/gilberto-1/github/wrapper_code_smile/output_analysis/1735243578.6335516/interpretmlDiCE_analysis/bab6166530e846456bc913ce3529ab9aa909df5c/input/modified/dice_ml/data_interfaces/public_data_interface.py,243,bab6166530e846456bc913ce3529ab9aa909df5c,modified,2019-12-10 11:22:42+00:00,"updated public_data_interface.py

now works when only cat or only cont features are present",.gitignore|public_data_interface.py,90.0,1.0,0.0,1.0,0.0,2019-05-02T09:51:02Z,157.0,enhancement,ee4b2f47385f1f851e9aee420458d3886f969006,2021-03-01T15:23:28Z,/home/gilberto-1/github/wrapper_code_smile/output_analysis/1735243578.6335516/interpretmlDiCE_analysis/7b49b076c76df45ee03e9a635dc252573fd620ee/input/modified/dice_ml/data_interfaces/public_data_interface.py,383,a25a079459e3acbe55735ff6f8f186c615530be2,"[Major-update] Flexible transformations for explainer and model, allowing df input to generate_counterfactuals (#65)

* added transformation support and dataframe input in original scale

* removed transformers as input

* updates flexible data transformations for DiCE and ML model

* update with T1 and T2 transformations

* update TF, PYT and random sampling explainers with data transformation functions

* fix posthoc sparsity correction and update pytests

Signed-off-by: Amit Sharma <amit_sharma@live.com>

Co-authored-by: raam93 <raam.arvind93@gmail.com>",2021-02-22 03:06:58+00:00,MODIFY,321.0,157.0,ee4b2f47385f1f851e9aee420458d3886f969006,2021-03-01T15:23:28Z,2019-05-02T09:51:02Z
dice_ml/data_interfaces/public_data_interface.py,get_decoded_data,interpretml/DiCE,columns_and_datatype_not_explicitly_set,1,/home/gilberto-1/github/wrapper_code_smile/output_analysis/1735243578.6335516/interpretmlDiCE_analysis/bab6166530e846456bc913ce3529ab9aa909df5c/input/modified/dice_ml/data_interfaces/public_data_interface.py,243,bab6166530e846456bc913ce3529ab9aa909df5c,modified,2019-12-10 11:22:42+00:00,"updated public_data_interface.py

now works when only cat or only cont features are present",.gitignore|public_data_interface.py,90.0,1.0,0.0,1.0,0.0,2019-05-02T09:51:02Z,157.0,enhancement,ee4b2f47385f1f851e9aee420458d3886f969006,2021-03-01T15:23:28Z,/home/gilberto-1/github/wrapper_code_smile/output_analysis/1735243578.6335516/interpretmlDiCE_analysis/ead32f52206eff991c7a9d8428d85a1d1daf1524/input/modified/dice_ml/data_interfaces/public_data_interface.py,456,b12abb4c3549c489680fa5f785e885b103267a4f,"Ensure same type for CF output as the input features (#412)

* same type for the input features

* added tests and fixed bug

Signed-off-by: Amit Sharma <amit_sharma@live.com>

* fixed lint error

* fixed lint

* fixed private data interface

* common functions in base_data

* fixed lint error

* fixed isort

* avoiding flaky test fail whenever final_cfs_df is none

---------

Signed-off-by: Amit Sharma <amit_sharma@live.com>",2023-10-26 05:37:26+00:00,MODIFY,758.0,157.0,ee4b2f47385f1f851e9aee420458d3886f969006,2021-03-01T15:23:28Z,2019-05-02T09:51:02Z
dice_ml/explainer_interfaces/explainer_base.py,get_samples,interpretml/DiCE,columns_and_datatype_not_explicitly_set,1,/home/gilberto-1/github/wrapper_code_smile/output_analysis/1735243578.6335516/interpretmlDiCE_analysis/72d600069857e22d08f1e7e9614d59d10d26f225/input/modified/dice_ml/explainer_interfaces/explainer_base.py,211,72d600069857e22d08f1e7e9614d59d10d26f225,modified,2020-12-15 13:12:50+00:00,"Framework for generating CFs with non-differentiable models: Initial commit (#51)

* create method to generate CFs randomly

* Create DiCE_model_agnostic_CFs.ipynb

currently a framework has been laid to generate CFs with any ML model but using only random sampling method.

* Update base_model.py

* updating permitted range of continuous features

* resolving model_interface errors",public_data_interface.py|dice.py|explainer_base.py|model.py|base_model.py|DiCE_model_agnostic_CFs.ipynb,288.0,1.0,1.0,1.0,1.0,2019-05-02T09:51:02Z,157.0,enhancement,ee4b2f47385f1f851e9aee420458d3886f969006,2021-03-01T15:23:28Z,/home/gilberto-1/github/wrapper_code_smile/output_analysis/1735243578.6335516/interpretmlDiCE_analysis/797ed1e992e992dead455c69f3b79a8554d047b2/input/modified/dice_ml/explainer_interfaces/explainer_base.py,121,a25a079459e3acbe55735ff6f8f186c615530be2,"[Major-update] Flexible transformations for explainer and model, allowing df input to generate_counterfactuals (#65)

* added transformation support and dataframe input in original scale

* removed transformers as input

* updates flexible data transformations for DiCE and ML model

* update with T1 and T2 transformations

* update TF, PYT and random sampling explainers with data transformation functions

* fix posthoc sparsity correction and update pytests

Signed-off-by: Amit Sharma <amit_sharma@live.com>

Co-authored-by: raam93 <raam.arvind93@gmail.com>",2021-02-22 03:06:58+00:00,MODIFY,321.0,157.0,ee4b2f47385f1f851e9aee420458d3886f969006,2021-03-01T15:23:28Z,2019-05-02T09:51:02Z
dice_ml/explainer_interfaces/explainer_base.py,get_samples,interpretml/DiCE,columns_and_datatype_not_explicitly_set,1,/home/gilberto-1/github/wrapper_code_smile/output_analysis/1735243578.6335516/interpretmlDiCE_analysis/72d600069857e22d08f1e7e9614d59d10d26f225/input/modified/dice_ml/explainer_interfaces/explainer_base.py,211,72d600069857e22d08f1e7e9614d59d10d26f225,modified,2020-12-15 13:12:50+00:00,"Framework for generating CFs with non-differentiable models: Initial commit (#51)

* create method to generate CFs randomly

* Create DiCE_model_agnostic_CFs.ipynb

currently a framework has been laid to generate CFs with any ML model but using only random sampling method.

* Update base_model.py

* updating permitted range of continuous features

* resolving model_interface errors",public_data_interface.py|dice.py|explainer_base.py|model.py|base_model.py|DiCE_model_agnostic_CFs.ipynb,288.0,1.0,1.0,1.0,1.0,2019-05-02T09:51:02Z,157.0,enhancement,ee4b2f47385f1f851e9aee420458d3886f969006,2021-03-01T15:23:28Z,/home/gilberto-1/github/wrapper_code_smile/output_analysis/1735243578.6335516/interpretmlDiCE_analysis/3eca953b70024995bfc9d745ec2688acd6761ca9/input/modified/dice_ml/explainer_interfaces/explainer_base.py,228,24ba8e377462bc29059f4d8f96bcc9dd42b69360,"created a new class for dice random method (#79)

small fix for dice_genetic too, given the new random explainer.
Signed-off-by: Amit Sharma <amit_sharma@live.com>",2021-02-22 09:54:07+00:00,MODIFY,324.0,157.0,ee4b2f47385f1f851e9aee420458d3886f969006,2021-03-01T15:23:28Z,2019-05-02T09:51:02Z
dice_ml/data_interfaces/public_data_interface.py,prepare_df_for_encoding,interpretml/DiCE,columns_and_datatype_not_explicitly_set,1,/home/gilberto-1/github/wrapper_code_smile/output_analysis/1735243578.6335516/interpretmlDiCE_analysis/bab6166530e846456bc913ce3529ab9aa909df5c/input/modified/dice_ml/data_interfaces/public_data_interface.py,255,bab6166530e846456bc913ce3529ab9aa909df5c,modified,2019-12-10 11:22:42+00:00,"updated public_data_interface.py

now works when only cat or only cont features are present",.gitignore|public_data_interface.py,90.0,1.0,0.0,1.0,0.0,2019-05-02T09:51:02Z,157.0,enhancement,ee4b2f47385f1f851e9aee420458d3886f969006,2021-03-01T15:23:28Z,/home/gilberto-1/github/wrapper_code_smile/output_analysis/1735243578.6335516/interpretmlDiCE_analysis/7b49b076c76df45ee03e9a635dc252573fd620ee/input/modified/dice_ml/data_interfaces/public_data_interface.py,383,a25a079459e3acbe55735ff6f8f186c615530be2,"[Major-update] Flexible transformations for explainer and model, allowing df input to generate_counterfactuals (#65)

* added transformation support and dataframe input in original scale

* removed transformers as input

* updates flexible data transformations for DiCE and ML model

* update with T1 and T2 transformations

* update TF, PYT and random sampling explainers with data transformation functions

* fix posthoc sparsity correction and update pytests

Signed-off-by: Amit Sharma <amit_sharma@live.com>

Co-authored-by: raam93 <raam.arvind93@gmail.com>",2021-02-22 03:06:58+00:00,MODIFY,321.0,157.0,ee4b2f47385f1f851e9aee420458d3886f969006,2021-03-01T15:23:28Z,2019-05-02T09:51:02Z
dice_ml/data_interfaces/public_data_interface.py,prepare_df_for_encoding,interpretml/DiCE,columns_and_datatype_not_explicitly_set,1,/home/gilberto-1/github/wrapper_code_smile/output_analysis/1735243578.6335516/interpretmlDiCE_analysis/bab6166530e846456bc913ce3529ab9aa909df5c/input/modified/dice_ml/data_interfaces/public_data_interface.py,255,bab6166530e846456bc913ce3529ab9aa909df5c,modified,2019-12-10 11:22:42+00:00,"updated public_data_interface.py

now works when only cat or only cont features are present",.gitignore|public_data_interface.py,90.0,1.0,0.0,1.0,0.0,2019-05-02T09:51:02Z,157.0,enhancement,ee4b2f47385f1f851e9aee420458d3886f969006,2021-03-01T15:23:28Z,/home/gilberto-1/github/wrapper_code_smile/output_analysis/1735243578.6335516/interpretmlDiCE_analysis/ead32f52206eff991c7a9d8428d85a1d1daf1524/input/modified/dice_ml/data_interfaces/public_data_interface.py,456,b12abb4c3549c489680fa5f785e885b103267a4f,"Ensure same type for CF output as the input features (#412)

* same type for the input features

* added tests and fixed bug

Signed-off-by: Amit Sharma <amit_sharma@live.com>

* fixed lint error

* fixed lint

* fixed private data interface

* common functions in base_data

* fixed lint error

* fixed isort

* avoiding flaky test fail whenever final_cfs_df is none

---------

Signed-off-by: Amit Sharma <amit_sharma@live.com>",2023-10-26 05:37:26+00:00,MODIFY,758.0,157.0,ee4b2f47385f1f851e9aee420458d3886f969006,2021-03-01T15:23:28Z,2019-05-02T09:51:02Z
dice_ml/data_interfaces/public_data_interface.py,prepare_df_for_ohe_encoding,interpretml/DiCE,columns_and_datatype_not_explicitly_set,1,/home/gilberto-1/github/wrapper_code_smile/output_analysis/1735243578.6335516/interpretmlDiCE_analysis/0eb8e1611864d75ec9f3d72ca2f2a1010ada8c6b/input/modified/dice_ml/data_interfaces/public_data_interface.py,431,0eb8e1611864d75ec9f3d72ca2f2a1010ada8c6b,modified,2021-02-23 12:53:39+00:00,"Better support for different output types in dice_random, sparsity correction, and refactoring common methods inside explainer_base (#86)

* updated random method with refactoring and multiple kinds of output

Signed-off-by: Amit Sharma <amit_sharma@live.com>

* fixed posthoc sparsity for different output types

Signed-off-by: Amit Sharma <amit_sharma@live.com>

* updated based on comments and to support deep learning methods dimensions of output

Signed-off-by: Amit Sharma <amit_sharma@live.com>",public_data_interface.py|dice_genetic.py|dice_random.py|explainer_base.py|base_model.py|DiCE_feature_importances.ipynb|DiCE_multiclass_classification_and_regression.ipynb,331.0,0.0,1.0,1.0,1.0,2019-05-02T09:51:02Z,157.0,enhancement,ee4b2f47385f1f851e9aee420458d3886f969006,2021-03-01T15:23:28Z,/home/gilberto-1/github/wrapper_code_smile/output_analysis/1735243578.6335516/interpretmlDiCE_analysis/ead32f52206eff991c7a9d8428d85a1d1daf1524/input/modified/dice_ml/data_interfaces/public_data_interface.py,456,b12abb4c3549c489680fa5f785e885b103267a4f,"Ensure same type for CF output as the input features (#412)

* same type for the input features

* added tests and fixed bug

Signed-off-by: Amit Sharma <amit_sharma@live.com>

* fixed lint error

* fixed lint

* fixed private data interface

* common functions in base_data

* fixed lint error

* fixed isort

* avoiding flaky test fail whenever final_cfs_df is none

---------

Signed-off-by: Amit Sharma <amit_sharma@live.com>",2023-10-26 05:37:26+00:00,MODIFY,758.0,157.0,ee4b2f47385f1f851e9aee420458d3886f969006,2021-03-01T15:23:28Z,2019-05-02T09:51:02Z
dice_ml/data_interfaces/public_data_interface.py,prepare_query_instance,interpretml/DiCE,columns_and_datatype_not_explicitly_set,1,/home/gilberto-1/github/wrapper_code_smile/output_analysis/1735243578.6335516/interpretmlDiCE_analysis/bab6166530e846456bc913ce3529ab9aa909df5c/input/modified/dice_ml/data_interfaces/public_data_interface.py,280,bab6166530e846456bc913ce3529ab9aa909df5c,modified,2019-12-10 11:22:42+00:00,"updated public_data_interface.py

now works when only cat or only cont features are present",.gitignore|public_data_interface.py,90.0,1.0,0.0,1.0,0.0,2019-05-02T09:51:02Z,157.0,enhancement,ee4b2f47385f1f851e9aee420458d3886f969006,2021-03-01T15:23:28Z,/home/gilberto-1/github/wrapper_code_smile/output_analysis/1735243578.6335516/interpretmlDiCE_analysis/7b49b076c76df45ee03e9a635dc252573fd620ee/input/modified/dice_ml/data_interfaces/public_data_interface.py,383,a25a079459e3acbe55735ff6f8f186c615530be2,"[Major-update] Flexible transformations for explainer and model, allowing df input to generate_counterfactuals (#65)

* added transformation support and dataframe input in original scale

* removed transformers as input

* updates flexible data transformations for DiCE and ML model

* update with T1 and T2 transformations

* update TF, PYT and random sampling explainers with data transformation functions

* fix posthoc sparsity correction and update pytests

Signed-off-by: Amit Sharma <amit_sharma@live.com>

Co-authored-by: raam93 <raam.arvind93@gmail.com>",2021-02-22 03:06:58+00:00,MODIFY,321.0,157.0,ee4b2f47385f1f851e9aee420458d3886f969006,2021-03-01T15:23:28Z,2019-05-02T09:51:02Z
dice_ml/data_interfaces/public_data_interface.py,prepare_query_instance,interpretml/DiCE,columns_and_datatype_not_explicitly_set,1,/home/gilberto-1/github/wrapper_code_smile/output_analysis/1735243578.6335516/interpretmlDiCE_analysis/bab6166530e846456bc913ce3529ab9aa909df5c/input/modified/dice_ml/data_interfaces/public_data_interface.py,280,bab6166530e846456bc913ce3529ab9aa909df5c,modified,2019-12-10 11:22:42+00:00,"updated public_data_interface.py

now works when only cat or only cont features are present",.gitignore|public_data_interface.py,90.0,1.0,0.0,1.0,0.0,2019-05-02T09:51:02Z,157.0,enhancement,ee4b2f47385f1f851e9aee420458d3886f969006,2021-03-01T15:23:28Z,/home/gilberto-1/github/wrapper_code_smile/output_analysis/1735243578.6335516/interpretmlDiCE_analysis/ead32f52206eff991c7a9d8428d85a1d1daf1524/input/modified/dice_ml/data_interfaces/public_data_interface.py,456,b12abb4c3549c489680fa5f785e885b103267a4f,"Ensure same type for CF output as the input features (#412)

* same type for the input features

* added tests and fixed bug

Signed-off-by: Amit Sharma <amit_sharma@live.com>

* fixed lint error

* fixed lint

* fixed private data interface

* common functions in base_data

* fixed lint error

* fixed isort

* avoiding flaky test fail whenever final_cfs_df is none

---------

Signed-off-by: Amit Sharma <amit_sharma@live.com>",2023-10-26 05:37:26+00:00,MODIFY,758.0,157.0,ee4b2f47385f1f851e9aee420458d3886f969006,2021-03-01T15:23:28Z,2019-05-02T09:51:02Z
dice_ml/dice_interfaces/dice_tensorflow.py,get_evaluated_loss,interpretml/DiCE,in_place_apis_misused,1,/home/gilberto-1/github/wrapper_code_smile/output_analysis/1735243578.6335516/interpretmlDiCE_analysis/0a232552d1b7317263a0db9f1d28ffade7728bd9/input/added/dice_ml/dice_interfaces/dice_tensorflow.py,505,0a232552d1b7317263a0db9f1d28ffade7728bd9,added,2019-06-09 12:35:01+00:00,updated DiCE,__init__.py|data.py|__init__.py|private_data_interface.py|public_data_interface.py|dice.py|__init__.py|dice_pytorch.py|dice_tensorflow.py|diverse_counterfactuals.py|DiCE_getting_started.py|model.py|__init__.py|keras_tensorflow_model.py|pytorch_model.py|__init__.py|helpers.py|adult.csv|compas.csv|lending.csv|adult.h5|compas.h5|lending.h5|requirements.txt|setup.py,4.0,0.0,0.0,1.0,0.0,2019-05-02T09:51:02Z,157.0,enhancement,ee4b2f47385f1f851e9aee420458d3886f969006,2021-03-01T15:23:28Z,/home/gilberto-1/github/wrapper_code_smile/output_analysis/1735243578.6335516/interpretmlDiCE_analysis/4cd65c336ddd27857135168d0c2c97b121971d45/input/modified/dice_ml/dice_interfaces/dice_tensorflow.py,505,aebf385fa56d37f13cc1a770e926555b47f7230b,Linted code,2019-06-17 11:48:06+00:00,MODIFY,10.0,157.0,ee4b2f47385f1f851e9aee420458d3886f969006,2021-03-01T15:23:28Z,2019-05-02T09:51:02Z
dice_ml/dice_interfaces/dice_tensorflow2.py,do_loss_initializations,interpretml/DiCE,tensor_array_not_used,1,/home/gilberto-1/github/wrapper_code_smile/output_analysis/1735243578.6335516/interpretmlDiCE_analysis/e60739a0152c23bbaa8a057347cd7cd1c3becfaa/input/added/dice_ml/dice_interfaces/dice_tensorflow2.py,155,e60739a0152c23bbaa8a057347cd7cd1c3becfaa,added,2020-02-26 10:36:39+00:00,Updating DiCE to work with TF2 and PyTorch,README.rst|dice.py|dice_pytorch.py|dice_tensorflow1.py|dice_tensorflow2.py|model.py|keras_tensorflow_model.py|pytorch_model.py|helpers.py|adult.pth|DiCE_getting_started.ipynb|DiCE_with_advanced_options.ipynb|DiCE_with_private_data.ipynb|requirements.txt,112.0,0.0,0.0,1.0,0.0,2019-05-02T09:51:02Z,157.0,enhancement,ee4b2f47385f1f851e9aee420458d3886f969006,2021-03-01T15:23:28Z,/home/gilberto-1/github/wrapper_code_smile/output_analysis/1735243578.6335516/interpretmlDiCE_analysis/da238903d5da441cd4c541c8227758f536854210/input/modified/dice_ml/dice_interfaces/dice_tensorflow2.py,153,9ca767f0cba5157400a9a5171c3e637ac73af540,"updating DiCE file structure

Signed-off-by: divyat09 <divyatmahajan@gmail.com>",2020-07-03 17:06:06+00:00,RENAME,249.0,157.0,ee4b2f47385f1f851e9aee420458d3886f969006,2021-03-01T15:23:28Z,2019-05-02T09:51:02Z
dice_ml/diverse_counterfactuals.py,convert_to_dataframe,interpretml/DiCE,columns_and_datatype_not_explicitly_set,1,/home/gilberto-1/github/wrapper_code_smile/output_analysis/1735243578.6335516/interpretmlDiCE_analysis/0a232552d1b7317263a0db9f1d28ffade7728bd9/input/added/dice_ml/diverse_counterfactuals.py,18,0a232552d1b7317263a0db9f1d28ffade7728bd9,added,2019-06-09 12:35:01+00:00,updated DiCE,__init__.py|data.py|__init__.py|private_data_interface.py|public_data_interface.py|dice.py|__init__.py|dice_pytorch.py|dice_tensorflow.py|diverse_counterfactuals.py|DiCE_getting_started.py|model.py|__init__.py|keras_tensorflow_model.py|pytorch_model.py|__init__.py|helpers.py|adult.csv|compas.csv|lending.csv|adult.h5|compas.h5|lending.h5|requirements.txt|setup.py,4.0,0.0,0.0,1.0,0.0,2019-05-02T09:51:02Z,157.0,enhancement,ee4b2f47385f1f851e9aee420458d3886f969006,2021-03-01T15:23:28Z,/home/gilberto-1/github/wrapper_code_smile/output_analysis/1735243578.6335516/interpretmlDiCE_analysis/797ed1e992e992dead455c69f3b79a8554d047b2/input/modified/dice_ml/diverse_counterfactuals.py,38,a25a079459e3acbe55735ff6f8f186c615530be2,"[Major-update] Flexible transformations for explainer and model, allowing df input to generate_counterfactuals (#65)

* added transformation support and dataframe input in original scale

* removed transformers as input

* updates flexible data transformations for DiCE and ML model

* update with T1 and T2 transformations

* update TF, PYT and random sampling explainers with data transformation functions

* fix posthoc sparsity correction and update pytests

Signed-off-by: Amit Sharma <amit_sharma@live.com>

Co-authored-by: raam93 <raam.arvind93@gmail.com>",2021-02-22 03:06:58+00:00,MODIFY,321.0,157.0,ee4b2f47385f1f851e9aee420458d3886f969006,2021-03-01T15:23:28Z,2019-05-02T09:51:02Z
dice_ml/diverse_counterfactuals.py,convert_to_dataframe_sparse,interpretml/DiCE,columns_and_datatype_not_explicitly_set,1,/home/gilberto-1/github/wrapper_code_smile/output_analysis/1735243578.6335516/interpretmlDiCE_analysis/3637622193acd98849dccb692d08e0d44841970f/input/modified/dice_ml/diverse_counterfactuals.py,50,3637622193acd98849dccb692d08e0d44841970f,modified,2019-09-11 07:10:35+00:00,"updated DiCE 0.2

Improved DiCE impementations, added/modified some features and fixed bugs",README.rst|data.py|private_data_interface.py|public_data_interface.py|dice_tensorflow.py|diverse_counterfactuals.py|compas.csv|lending.csv|adult.h5|compas.h5|lending.h5|.buildinfo|.nojekyll|data.html|private_data_interface.html|public_data_interface.html|dice.html|dice_pytorch.html|dice_tensorflow.html|diverse_counterfactuals.html|model.html|keras_tensorflow_model.html|pytorch_model.html|helpers.html|index.html|index.rst.txt|modules.rst.txt|basic.css|documentation_options.js|gettin_started_ouput.png|jquery-3.4.1.js|jquery.js|dice_ml.data_interfaces.html|dice_ml.dice_interfaces.html|dice_ml.html|dice_ml.model_interfaces.html|dice_ml.utils.html|genindex.html|getting_started_output.png|includeme.html|index.html|modules.html|objects.inv|py-modindex.html|search.html|searchindex.js|setup.html|conf.py|index.rst|modules.rst|DiCE_getting_started.ipynb|DiCE_with_advanced_options.ipynb|DiCE_with_private_data.ipynb|requirements.txt|setup.py,65.0,1.0,1.0,1.0,0.0,2019-05-02T09:51:02Z,157.0,enhancement,ee4b2f47385f1f851e9aee420458d3886f969006,2021-03-01T15:23:28Z,/home/gilberto-1/github/wrapper_code_smile/output_analysis/1735243578.6335516/interpretmlDiCE_analysis/797ed1e992e992dead455c69f3b79a8554d047b2/input/modified/dice_ml/diverse_counterfactuals.py,38,a25a079459e3acbe55735ff6f8f186c615530be2,"[Major-update] Flexible transformations for explainer and model, allowing df input to generate_counterfactuals (#65)

* added transformation support and dataframe input in original scale

* removed transformers as input

* updates flexible data transformations for DiCE and ML model

* update with T1 and T2 transformations

* update TF, PYT and random sampling explainers with data transformation functions

* fix posthoc sparsity correction and update pytests

Signed-off-by: Amit Sharma <amit_sharma@live.com>

Co-authored-by: raam93 <raam.arvind93@gmail.com>",2021-02-22 03:06:58+00:00,MODIFY,321.0,157.0,ee4b2f47385f1f851e9aee420458d3886f969006,2021-03-01T15:23:28Z,2019-05-02T09:51:02Z
dice_ml/diverse_counterfactuals.py,display_df,interpretml/DiCE,columns_and_datatype_not_explicitly_set,1,/home/gilberto-1/github/wrapper_code_smile/output_analysis/1735243578.6335516/interpretmlDiCE_analysis/04da4b6f5f6f2db1d53785996afb754043e68b5a/input/modified/dice_ml/diverse_counterfactuals.py,115,04da4b6f5f6f2db1d53785996afb754043e68b5a,modified,2020-01-21 09:03:08+00:00,Update diverse_counterfactuals.py,diverse_counterfactuals.py,99.0,0.0,0.0,1.0,0.0,2019-05-02T09:51:02Z,157.0,enhancement,ee4b2f47385f1f851e9aee420458d3886f969006,2021-03-01T15:23:28Z,/home/gilberto-1/github/wrapper_code_smile/output_analysis/1735243578.6335516/interpretmlDiCE_analysis/797ed1e992e992dead455c69f3b79a8554d047b2/input/modified/dice_ml/diverse_counterfactuals.py,38,a25a079459e3acbe55735ff6f8f186c615530be2,"[Major-update] Flexible transformations for explainer and model, allowing df input to generate_counterfactuals (#65)

* added transformation support and dataframe input in original scale

* removed transformers as input

* updates flexible data transformations for DiCE and ML model

* update with T1 and T2 transformations

* update TF, PYT and random sampling explainers with data transformation functions

* fix posthoc sparsity correction and update pytests

Signed-off-by: Amit Sharma <amit_sharma@live.com>

Co-authored-by: raam93 <raam.arvind93@gmail.com>",2021-02-22 03:06:58+00:00,MODIFY,321.0,157.0,ee4b2f47385f1f851e9aee420458d3886f969006,2021-03-01T15:23:28Z,2019-05-02T09:51:02Z
dice_ml/explainer_interfaces/explainer_base.py,generate_counterfactuals,interpretml/DiCE,columns_and_datatype_not_explicitly_set,1,/home/gilberto-1/github/wrapper_code_smile/output_analysis/1735243578.6335516/interpretmlDiCE_analysis/e3e6ac9b15b3dfa9754ebb922f845cf854410da6/input/modified/dice_ml/explainer_interfaces/explainer_base.py,102,e3e6ac9b15b3dfa9754ebb922f845cf854410da6,modified,2021-02-08 11:11:54+00:00,"Dice genetic (#57)

* Added support for genetic algorithm in DiCE

* Fixed compatibility issues, fixed reviews, added documentation for genetic


* Fixed backward compatibility issues with dice_KD & fixed documentation


* Cited related work",private_data_interface.py|public_data_interface.py|diverse_counterfactuals.py|dice_KD.py|dice_genetic.py|dice_pytorch.py|dice_tensorflow1.py|dice_tensorflow2.py|explainer_base.py|feasible_base_vae.py|base_model.py|DiCE_model_agnostic_CFs.ipynb|test_data.py|test_dice_pytorch.py|test_dice_tensorflow.py,292.0,1.0,1.0,1.0,0.0,2019-05-02T09:51:02Z,157.0,new_feature,ee4b2f47385f1f851e9aee420458d3886f969006,2021-03-01T15:23:28Z,/home/gilberto-1/github/wrapper_code_smile/output_analysis/1735243578.6335516/interpretmlDiCE_analysis/797ed1e992e992dead455c69f3b79a8554d047b2/input/modified/dice_ml/explainer_interfaces/explainer_base.py,121,a25a079459e3acbe55735ff6f8f186c615530be2,"[Major-update] Flexible transformations for explainer and model, allowing df input to generate_counterfactuals (#65)

* added transformation support and dataframe input in original scale

* removed transformers as input

* updates flexible data transformations for DiCE and ML model

* update with T1 and T2 transformations

* update TF, PYT and random sampling explainers with data transformation functions

* fix posthoc sparsity correction and update pytests

Signed-off-by: Amit Sharma <amit_sharma@live.com>

Co-authored-by: raam93 <raam.arvind93@gmail.com>",2021-02-22 03:06:58+00:00,MODIFY,321.0,157.0,ee4b2f47385f1f851e9aee420458d3886f969006,2021-03-01T15:23:28Z,2019-05-02T09:51:02Z
dice_ml/explainer_interfaces/explainer_base.py,generate_counterfactuals,interpretml/DiCE,columns_and_datatype_not_explicitly_set,1,/home/gilberto-1/github/wrapper_code_smile/output_analysis/1735243578.6335516/interpretmlDiCE_analysis/e3e6ac9b15b3dfa9754ebb922f845cf854410da6/input/modified/dice_ml/explainer_interfaces/explainer_base.py,102,e3e6ac9b15b3dfa9754ebb922f845cf854410da6,modified,2021-02-08 11:11:54+00:00,"Dice genetic (#57)

* Added support for genetic algorithm in DiCE

* Fixed compatibility issues, fixed reviews, added documentation for genetic


* Fixed backward compatibility issues with dice_KD & fixed documentation


* Cited related work",private_data_interface.py|public_data_interface.py|diverse_counterfactuals.py|dice_KD.py|dice_genetic.py|dice_pytorch.py|dice_tensorflow1.py|dice_tensorflow2.py|explainer_base.py|feasible_base_vae.py|base_model.py|DiCE_model_agnostic_CFs.ipynb|test_data.py|test_dice_pytorch.py|test_dice_tensorflow.py,292.0,1.0,1.0,1.0,0.0,2019-05-02T09:51:02Z,157.0,new_feature,ee4b2f47385f1f851e9aee420458d3886f969006,2021-03-01T15:23:28Z,/home/gilberto-1/github/wrapper_code_smile/output_analysis/1735243578.6335516/interpretmlDiCE_analysis/3eca953b70024995bfc9d745ec2688acd6761ca9/input/modified/dice_ml/explainer_interfaces/explainer_base.py,228,24ba8e377462bc29059f4d8f96bcc9dd42b69360,"created a new class for dice random method (#79)

small fix for dice_genetic too, given the new random explainer.
Signed-off-by: Amit Sharma <amit_sharma@live.com>",2021-02-22 09:54:07+00:00,MODIFY,324.0,157.0,ee4b2f47385f1f851e9aee420458d3886f969006,2021-03-01T15:23:28Z,2019-05-02T09:51:02Z
dice_ml/data_interfaces/private_data_interface.py,get_decoded_data,interpretml/DiCE,columns_and_datatype_not_explicitly_set,1,/home/gilberto-1/github/wrapper_code_smile/output_analysis/1735243578.6335516/interpretmlDiCE_analysis/0a232552d1b7317263a0db9f1d28ffade7728bd9/input/added/dice_ml/data_interfaces/private_data_interface.py,146,0a232552d1b7317263a0db9f1d28ffade7728bd9,added,2019-06-09 12:35:01+00:00,updated DiCE,__init__.py|data.py|__init__.py|private_data_interface.py|public_data_interface.py|dice.py|__init__.py|dice_pytorch.py|dice_tensorflow.py|diverse_counterfactuals.py|DiCE_getting_started.py|model.py|__init__.py|keras_tensorflow_model.py|pytorch_model.py|__init__.py|helpers.py|adult.csv|compas.csv|lending.csv|adult.h5|compas.h5|lending.h5|requirements.txt|setup.py,4.0,0.0,0.0,1.0,0.0,2019-05-02T09:51:02Z,157.0,enhancement,ee4b2f47385f1f851e9aee420458d3886f969006,2021-03-01T15:23:28Z,/home/gilberto-1/github/wrapper_code_smile/output_analysis/1735243578.6335516/interpretmlDiCE_analysis/d76cd209bb0d4fea79ed8afd23a626f64262eab4/input/modified/dice_ml/data_interfaces/private_data_interface.py,264,a25a079459e3acbe55735ff6f8f186c615530be2,"[Major-update] Flexible transformations for explainer and model, allowing df input to generate_counterfactuals (#65)

* added transformation support and dataframe input in original scale

* removed transformers as input

* updates flexible data transformations for DiCE and ML model

* update with T1 and T2 transformations

* update TF, PYT and random sampling explainers with data transformation functions

* fix posthoc sparsity correction and update pytests

Signed-off-by: Amit Sharma <amit_sharma@live.com>

Co-authored-by: raam93 <raam.arvind93@gmail.com>",2021-02-22 03:06:58+00:00,MODIFY,321.0,157.0,ee4b2f47385f1f851e9aee420458d3886f969006,2021-03-01T15:23:28Z,2019-05-02T09:51:02Z
dice_ml/data_interfaces/private_data_interface.py,get_decoded_data,interpretml/DiCE,columns_and_datatype_not_explicitly_set,1,/home/gilberto-1/github/wrapper_code_smile/output_analysis/1735243578.6335516/interpretmlDiCE_analysis/0a232552d1b7317263a0db9f1d28ffade7728bd9/input/added/dice_ml/data_interfaces/private_data_interface.py,146,0a232552d1b7317263a0db9f1d28ffade7728bd9,added,2019-06-09 12:35:01+00:00,updated DiCE,__init__.py|data.py|__init__.py|private_data_interface.py|public_data_interface.py|dice.py|__init__.py|dice_pytorch.py|dice_tensorflow.py|diverse_counterfactuals.py|DiCE_getting_started.py|model.py|__init__.py|keras_tensorflow_model.py|pytorch_model.py|__init__.py|helpers.py|adult.csv|compas.csv|lending.csv|adult.h5|compas.h5|lending.h5|requirements.txt|setup.py,4.0,0.0,0.0,1.0,0.0,2019-05-02T09:51:02Z,157.0,enhancement,ee4b2f47385f1f851e9aee420458d3886f969006,2021-03-01T15:23:28Z,/home/gilberto-1/github/wrapper_code_smile/output_analysis/1735243578.6335516/interpretmlDiCE_analysis/154565da7eab00badca683a6163d54032b09699b/input/modified/dice_ml/data_interfaces/private_data_interface.py,358,b12abb4c3549c489680fa5f785e885b103267a4f,"Ensure same type for CF output as the input features (#412)

* same type for the input features

* added tests and fixed bug

Signed-off-by: Amit Sharma <amit_sharma@live.com>

* fixed lint error

* fixed lint

* fixed private data interface

* common functions in base_data

* fixed lint error

* fixed isort

* avoiding flaky test fail whenever final_cfs_df is none

---------

Signed-off-by: Amit Sharma <amit_sharma@live.com>",2023-10-26 05:37:26+00:00,MODIFY,760.0,157.0,ee4b2f47385f1f851e9aee420458d3886f969006,2021-03-01T15:23:28Z,2019-05-02T09:51:02Z
dice_ml/explainer_interfaces/explainer_base.py,get_samples,interpretml/DiCE,columns_and_datatype_not_explicitly_set,1,/home/gilberto-1/github/wrapper_code_smile/output_analysis/1735243578.6335516/interpretmlDiCE_analysis/e3e6ac9b15b3dfa9754ebb922f845cf854410da6/input/modified/dice_ml/explainer_interfaces/explainer_base.py,326,e3e6ac9b15b3dfa9754ebb922f845cf854410da6,modified,2021-02-08 11:11:54+00:00,"Dice genetic (#57)

* Added support for genetic algorithm in DiCE

* Fixed compatibility issues, fixed reviews, added documentation for genetic


* Fixed backward compatibility issues with dice_KD & fixed documentation


* Cited related work",private_data_interface.py|public_data_interface.py|diverse_counterfactuals.py|dice_KD.py|dice_genetic.py|dice_pytorch.py|dice_tensorflow1.py|dice_tensorflow2.py|explainer_base.py|feasible_base_vae.py|base_model.py|DiCE_model_agnostic_CFs.ipynb|test_data.py|test_dice_pytorch.py|test_dice_tensorflow.py,292.0,1.0,1.0,1.0,0.0,2019-05-02T09:51:02Z,157.0,new_feature,ee4b2f47385f1f851e9aee420458d3886f969006,2021-03-01T15:23:28Z,/home/gilberto-1/github/wrapper_code_smile/output_analysis/1735243578.6335516/interpretmlDiCE_analysis/797ed1e992e992dead455c69f3b79a8554d047b2/input/modified/dice_ml/explainer_interfaces/explainer_base.py,121,a25a079459e3acbe55735ff6f8f186c615530be2,"[Major-update] Flexible transformations for explainer and model, allowing df input to generate_counterfactuals (#65)

* added transformation support and dataframe input in original scale

* removed transformers as input

* updates flexible data transformations for DiCE and ML model

* update with T1 and T2 transformations

* update TF, PYT and random sampling explainers with data transformation functions

* fix posthoc sparsity correction and update pytests

Signed-off-by: Amit Sharma <amit_sharma@live.com>

Co-authored-by: raam93 <raam.arvind93@gmail.com>",2021-02-22 03:06:58+00:00,MODIFY,321.0,157.0,ee4b2f47385f1f851e9aee420458d3886f969006,2021-03-01T15:23:28Z,2019-05-02T09:51:02Z
dice_ml/explainer_interfaces/explainer_base.py,get_samples,interpretml/DiCE,columns_and_datatype_not_explicitly_set,1,/home/gilberto-1/github/wrapper_code_smile/output_analysis/1735243578.6335516/interpretmlDiCE_analysis/e3e6ac9b15b3dfa9754ebb922f845cf854410da6/input/modified/dice_ml/explainer_interfaces/explainer_base.py,326,e3e6ac9b15b3dfa9754ebb922f845cf854410da6,modified,2021-02-08 11:11:54+00:00,"Dice genetic (#57)

* Added support for genetic algorithm in DiCE

* Fixed compatibility issues, fixed reviews, added documentation for genetic


* Fixed backward compatibility issues with dice_KD & fixed documentation


* Cited related work",private_data_interface.py|public_data_interface.py|diverse_counterfactuals.py|dice_KD.py|dice_genetic.py|dice_pytorch.py|dice_tensorflow1.py|dice_tensorflow2.py|explainer_base.py|feasible_base_vae.py|base_model.py|DiCE_model_agnostic_CFs.ipynb|test_data.py|test_dice_pytorch.py|test_dice_tensorflow.py,292.0,1.0,1.0,1.0,0.0,2019-05-02T09:51:02Z,157.0,new_feature,ee4b2f47385f1f851e9aee420458d3886f969006,2021-03-01T15:23:28Z,/home/gilberto-1/github/wrapper_code_smile/output_analysis/1735243578.6335516/interpretmlDiCE_analysis/3eca953b70024995bfc9d745ec2688acd6761ca9/input/modified/dice_ml/explainer_interfaces/explainer_base.py,228,24ba8e377462bc29059f4d8f96bcc9dd42b69360,"created a new class for dice random method (#79)

small fix for dice_genetic too, given the new random explainer.
Signed-off-by: Amit Sharma <amit_sharma@live.com>",2021-02-22 09:54:07+00:00,MODIFY,324.0,157.0,ee4b2f47385f1f851e9aee420458d3886f969006,2021-03-01T15:23:28Z,2019-05-02T09:51:02Z
dice_ml/data_interfaces/private_data_interface.py,prepare_df_for_encoding,interpretml/DiCE,columns_and_datatype_not_explicitly_set,1,/home/gilberto-1/github/wrapper_code_smile/output_analysis/1735243578.6335516/interpretmlDiCE_analysis/0a232552d1b7317263a0db9f1d28ffade7728bd9/input/added/dice_ml/data_interfaces/private_data_interface.py,156,0a232552d1b7317263a0db9f1d28ffade7728bd9,added,2019-06-09 12:35:01+00:00,updated DiCE,__init__.py|data.py|__init__.py|private_data_interface.py|public_data_interface.py|dice.py|__init__.py|dice_pytorch.py|dice_tensorflow.py|diverse_counterfactuals.py|DiCE_getting_started.py|model.py|__init__.py|keras_tensorflow_model.py|pytorch_model.py|__init__.py|helpers.py|adult.csv|compas.csv|lending.csv|adult.h5|compas.h5|lending.h5|requirements.txt|setup.py,4.0,0.0,0.0,1.0,0.0,2019-05-02T09:51:02Z,157.0,enhancement,ee4b2f47385f1f851e9aee420458d3886f969006,2021-03-01T15:23:28Z,/home/gilberto-1/github/wrapper_code_smile/output_analysis/1735243578.6335516/interpretmlDiCE_analysis/d76cd209bb0d4fea79ed8afd23a626f64262eab4/input/modified/dice_ml/data_interfaces/private_data_interface.py,264,a25a079459e3acbe55735ff6f8f186c615530be2,"[Major-update] Flexible transformations for explainer and model, allowing df input to generate_counterfactuals (#65)

* added transformation support and dataframe input in original scale

* removed transformers as input

* updates flexible data transformations for DiCE and ML model

* update with T1 and T2 transformations

* update TF, PYT and random sampling explainers with data transformation functions

* fix posthoc sparsity correction and update pytests

Signed-off-by: Amit Sharma <amit_sharma@live.com>

Co-authored-by: raam93 <raam.arvind93@gmail.com>",2021-02-22 03:06:58+00:00,MODIFY,321.0,157.0,ee4b2f47385f1f851e9aee420458d3886f969006,2021-03-01T15:23:28Z,2019-05-02T09:51:02Z
dice_ml/data_interfaces/private_data_interface.py,prepare_df_for_encoding,interpretml/DiCE,columns_and_datatype_not_explicitly_set,1,/home/gilberto-1/github/wrapper_code_smile/output_analysis/1735243578.6335516/interpretmlDiCE_analysis/0a232552d1b7317263a0db9f1d28ffade7728bd9/input/added/dice_ml/data_interfaces/private_data_interface.py,156,0a232552d1b7317263a0db9f1d28ffade7728bd9,added,2019-06-09 12:35:01+00:00,updated DiCE,__init__.py|data.py|__init__.py|private_data_interface.py|public_data_interface.py|dice.py|__init__.py|dice_pytorch.py|dice_tensorflow.py|diverse_counterfactuals.py|DiCE_getting_started.py|model.py|__init__.py|keras_tensorflow_model.py|pytorch_model.py|__init__.py|helpers.py|adult.csv|compas.csv|lending.csv|adult.h5|compas.h5|lending.h5|requirements.txt|setup.py,4.0,0.0,0.0,1.0,0.0,2019-05-02T09:51:02Z,157.0,enhancement,ee4b2f47385f1f851e9aee420458d3886f969006,2021-03-01T15:23:28Z,/home/gilberto-1/github/wrapper_code_smile/output_analysis/1735243578.6335516/interpretmlDiCE_analysis/154565da7eab00badca683a6163d54032b09699b/input/modified/dice_ml/data_interfaces/private_data_interface.py,358,b12abb4c3549c489680fa5f785e885b103267a4f,"Ensure same type for CF output as the input features (#412)

* same type for the input features

* added tests and fixed bug

Signed-off-by: Amit Sharma <amit_sharma@live.com>

* fixed lint error

* fixed lint

* fixed private data interface

* common functions in base_data

* fixed lint error

* fixed isort

* avoiding flaky test fail whenever final_cfs_df is none

---------

Signed-off-by: Amit Sharma <amit_sharma@live.com>",2023-10-26 05:37:26+00:00,MODIFY,760.0,157.0,ee4b2f47385f1f851e9aee420458d3886f969006,2021-03-01T15:23:28Z,2019-05-02T09:51:02Z
dice_ml/data_interfaces/private_data_interface.py,prepare_df_for_ohe_encoding,interpretml/DiCE,columns_and_datatype_not_explicitly_set,1,/home/gilberto-1/github/wrapper_code_smile/output_analysis/1735243578.6335516/interpretmlDiCE_analysis/a25a079459e3acbe55735ff6f8f186c615530be2/input/modified/dice_ml/data_interfaces/private_data_interface.py,294,a25a079459e3acbe55735ff6f8f186c615530be2,modified,2021-02-22 03:06:58+00:00,"[Major-update] Flexible transformations for explainer and model, allowing df input to generate_counterfactuals (#65)

* added transformation support and dataframe input in original scale

* removed transformers as input

* updates flexible data transformations for DiCE and ML model

* update with T1 and T2 transformations

* update TF, PYT and random sampling explainers with data transformation functions

* fix posthoc sparsity correction and update pytests

Signed-off-by: Amit Sharma <amit_sharma@live.com>

Co-authored-by: raam93 <raam.arvind93@gmail.com>",private_data_interface.py|public_data_interface.py|dice.py|diverse_counterfactuals.py|dice_pytorch.py|dice_tensorflow1.py|dice_tensorflow2.py|explainer_base.py|model.py|base_model.py|keras_tensorflow_model.py|pytorch_model.py|helpers.py|test_data.py|test_dice_pytorch.py|test_dice_tensorflow.py|test_keras_tensorflow_model.py|test_pytorch_model.py,321.0,1.0,1.0,1.0,1.0,2019-05-02T09:51:02Z,157.0,enhancement,ee4b2f47385f1f851e9aee420458d3886f969006,2021-03-01T15:23:28Z,/home/gilberto-1/github/wrapper_code_smile/output_analysis/1735243578.6335516/interpretmlDiCE_analysis/154565da7eab00badca683a6163d54032b09699b/input/modified/dice_ml/data_interfaces/private_data_interface.py,358,b12abb4c3549c489680fa5f785e885b103267a4f,"Ensure same type for CF output as the input features (#412)

* same type for the input features

* added tests and fixed bug

Signed-off-by: Amit Sharma <amit_sharma@live.com>

* fixed lint error

* fixed lint

* fixed private data interface

* common functions in base_data

* fixed lint error

* fixed isort

* avoiding flaky test fail whenever final_cfs_df is none

---------

Signed-off-by: Amit Sharma <amit_sharma@live.com>",2023-10-26 05:37:26+00:00,MODIFY,760.0,157.0,ee4b2f47385f1f851e9aee420458d3886f969006,2021-03-01T15:23:28Z,2019-05-02T09:51:02Z
dice_ml/data_interfaces/private_data_interface.py,prepare_query_instance,interpretml/DiCE,columns_and_datatype_not_explicitly_set,1,/home/gilberto-1/github/wrapper_code_smile/output_analysis/1735243578.6335516/interpretmlDiCE_analysis/03dcb6e96c0200ca46d5683ac6fe6964700c0a73/input/modified/dice_ml/data_interfaces/private_data_interface.py,202,03dcb6e96c0200ca46d5683ac6fe6964700c0a73,modified,2019-06-20 07:11:41+00:00,added notebooks,private_data_interface.py|public_data_interface.py|dice_tensorflow.py|diverse_counterfactuals.py|helpers.py|DiCE_getting_started.py|DiCE_getting_started.ipynb|DiCE_with_advanced_options.ipynb|DiCE_with_private_data.ipynb,31.0,1.0,0.0,0.0,0.0,2019-05-02T09:51:02Z,157.0,new_feature,ee4b2f47385f1f851e9aee420458d3886f969006,2021-03-01T15:23:28Z,/home/gilberto-1/github/wrapper_code_smile/output_analysis/1735243578.6335516/interpretmlDiCE_analysis/d76cd209bb0d4fea79ed8afd23a626f64262eab4/input/modified/dice_ml/data_interfaces/private_data_interface.py,264,a25a079459e3acbe55735ff6f8f186c615530be2,"[Major-update] Flexible transformations for explainer and model, allowing df input to generate_counterfactuals (#65)

* added transformation support and dataframe input in original scale

* removed transformers as input

* updates flexible data transformations for DiCE and ML model

* update with T1 and T2 transformations

* update TF, PYT and random sampling explainers with data transformation functions

* fix posthoc sparsity correction and update pytests

Signed-off-by: Amit Sharma <amit_sharma@live.com>

Co-authored-by: raam93 <raam.arvind93@gmail.com>",2021-02-22 03:06:58+00:00,MODIFY,321.0,157.0,ee4b2f47385f1f851e9aee420458d3886f969006,2021-03-01T15:23:28Z,2019-05-02T09:51:02Z
dice_ml/data_interfaces/private_data_interface.py,prepare_query_instance,interpretml/DiCE,columns_and_datatype_not_explicitly_set,1,/home/gilberto-1/github/wrapper_code_smile/output_analysis/1735243578.6335516/interpretmlDiCE_analysis/03dcb6e96c0200ca46d5683ac6fe6964700c0a73/input/modified/dice_ml/data_interfaces/private_data_interface.py,202,03dcb6e96c0200ca46d5683ac6fe6964700c0a73,modified,2019-06-20 07:11:41+00:00,added notebooks,private_data_interface.py|public_data_interface.py|dice_tensorflow.py|diverse_counterfactuals.py|helpers.py|DiCE_getting_started.py|DiCE_getting_started.ipynb|DiCE_with_advanced_options.ipynb|DiCE_with_private_data.ipynb,31.0,1.0,0.0,0.0,0.0,2019-05-02T09:51:02Z,157.0,new_feature,ee4b2f47385f1f851e9aee420458d3886f969006,2021-03-01T15:23:28Z,/home/gilberto-1/github/wrapper_code_smile/output_analysis/1735243578.6335516/interpretmlDiCE_analysis/154565da7eab00badca683a6163d54032b09699b/input/modified/dice_ml/data_interfaces/private_data_interface.py,358,b12abb4c3549c489680fa5f785e885b103267a4f,"Ensure same type for CF output as the input features (#412)

* same type for the input features

* added tests and fixed bug

Signed-off-by: Amit Sharma <amit_sharma@live.com>

* fixed lint error

* fixed lint

* fixed private data interface

* common functions in base_data

* fixed lint error

* fixed isort

* avoiding flaky test fail whenever final_cfs_df is none

---------

Signed-off-by: Amit Sharma <amit_sharma@live.com>",2023-10-26 05:37:26+00:00,MODIFY,760.0,157.0,ee4b2f47385f1f851e9aee420458d3886f969006,2021-03-01T15:23:28Z,2019-05-02T09:51:02Z
dice_ml/explainer_interfaces/explainer_base.py,generate_counterfactuals,interpretml/DiCE,columns_and_datatype_not_explicitly_set,1,/home/gilberto-1/github/wrapper_code_smile/output_analysis/1735243578.6335516/interpretmlDiCE_analysis/739f1bbed7faf2e689e21551bbdfd6ca6b37d220/input/modified/dice_ml/explainer_interfaces/explainer_base.py,102,739f1bbed7faf2e689e21551bbdfd6ca6b37d220,modified,2021-02-05 09:00:36+00:00,changes to make RandomInitCF work for multiple CFs,dice_pytorch.py|dice_tensorflow1.py|dice_tensorflow2.py|explainer_base.py,290.0,0.0,0.0,1.0,0.0,2019-05-02T09:51:02Z,157.0,enhancement,ee4b2f47385f1f851e9aee420458d3886f969006,2021-03-01T15:23:28Z,/home/gilberto-1/github/wrapper_code_smile/output_analysis/1735243578.6335516/interpretmlDiCE_analysis/797ed1e992e992dead455c69f3b79a8554d047b2/input/modified/dice_ml/explainer_interfaces/explainer_base.py,121,a25a079459e3acbe55735ff6f8f186c615530be2,"[Major-update] Flexible transformations for explainer and model, allowing df input to generate_counterfactuals (#65)

* added transformation support and dataframe input in original scale

* removed transformers as input

* updates flexible data transformations for DiCE and ML model

* update with T1 and T2 transformations

* update TF, PYT and random sampling explainers with data transformation functions

* fix posthoc sparsity correction and update pytests

Signed-off-by: Amit Sharma <amit_sharma@live.com>

Co-authored-by: raam93 <raam.arvind93@gmail.com>",2021-02-22 03:06:58+00:00,MODIFY,321.0,157.0,ee4b2f47385f1f851e9aee420458d3886f969006,2021-03-01T15:23:28Z,2019-05-02T09:51:02Z
dice_ml/explainer_interfaces/explainer_base.py,generate_counterfactuals,interpretml/DiCE,columns_and_datatype_not_explicitly_set,1,/home/gilberto-1/github/wrapper_code_smile/output_analysis/1735243578.6335516/interpretmlDiCE_analysis/739f1bbed7faf2e689e21551bbdfd6ca6b37d220/input/modified/dice_ml/explainer_interfaces/explainer_base.py,102,739f1bbed7faf2e689e21551bbdfd6ca6b37d220,modified,2021-02-05 09:00:36+00:00,changes to make RandomInitCF work for multiple CFs,dice_pytorch.py|dice_tensorflow1.py|dice_tensorflow2.py|explainer_base.py,290.0,0.0,0.0,1.0,0.0,2019-05-02T09:51:02Z,157.0,enhancement,ee4b2f47385f1f851e9aee420458d3886f969006,2021-03-01T15:23:28Z,/home/gilberto-1/github/wrapper_code_smile/output_analysis/1735243578.6335516/interpretmlDiCE_analysis/3eca953b70024995bfc9d745ec2688acd6761ca9/input/modified/dice_ml/explainer_interfaces/explainer_base.py,228,24ba8e377462bc29059f4d8f96bcc9dd42b69360,"created a new class for dice random method (#79)

small fix for dice_genetic too, given the new random explainer.
Signed-off-by: Amit Sharma <amit_sharma@live.com>",2021-02-22 09:54:07+00:00,MODIFY,324.0,157.0,ee4b2f47385f1f851e9aee420458d3886f969006,2021-03-01T15:23:28Z,2019-05-02T09:51:02Z
dice_ml/explainer_interfaces/explainer_base.py,get_samples,interpretml/DiCE,columns_and_datatype_not_explicitly_set,1,/home/gilberto-1/github/wrapper_code_smile/output_analysis/1735243578.6335516/interpretmlDiCE_analysis/739f1bbed7faf2e689e21551bbdfd6ca6b37d220/input/modified/dice_ml/explainer_interfaces/explainer_base.py,219,739f1bbed7faf2e689e21551bbdfd6ca6b37d220,modified,2021-02-05 09:00:36+00:00,changes to make RandomInitCF work for multiple CFs,dice_pytorch.py|dice_tensorflow1.py|dice_tensorflow2.py|explainer_base.py,290.0,0.0,0.0,1.0,0.0,2019-05-02T09:51:02Z,157.0,enhancement,ee4b2f47385f1f851e9aee420458d3886f969006,2021-03-01T15:23:28Z,/home/gilberto-1/github/wrapper_code_smile/output_analysis/1735243578.6335516/interpretmlDiCE_analysis/797ed1e992e992dead455c69f3b79a8554d047b2/input/modified/dice_ml/explainer_interfaces/explainer_base.py,121,a25a079459e3acbe55735ff6f8f186c615530be2,"[Major-update] Flexible transformations for explainer and model, allowing df input to generate_counterfactuals (#65)

* added transformation support and dataframe input in original scale

* removed transformers as input

* updates flexible data transformations for DiCE and ML model

* update with T1 and T2 transformations

* update TF, PYT and random sampling explainers with data transformation functions

* fix posthoc sparsity correction and update pytests

Signed-off-by: Amit Sharma <amit_sharma@live.com>

Co-authored-by: raam93 <raam.arvind93@gmail.com>",2021-02-22 03:06:58+00:00,MODIFY,321.0,157.0,ee4b2f47385f1f851e9aee420458d3886f969006,2021-03-01T15:23:28Z,2019-05-02T09:51:02Z
dice_ml/explainer_interfaces/explainer_base.py,get_samples,interpretml/DiCE,columns_and_datatype_not_explicitly_set,1,/home/gilberto-1/github/wrapper_code_smile/output_analysis/1735243578.6335516/interpretmlDiCE_analysis/739f1bbed7faf2e689e21551bbdfd6ca6b37d220/input/modified/dice_ml/explainer_interfaces/explainer_base.py,219,739f1bbed7faf2e689e21551bbdfd6ca6b37d220,modified,2021-02-05 09:00:36+00:00,changes to make RandomInitCF work for multiple CFs,dice_pytorch.py|dice_tensorflow1.py|dice_tensorflow2.py|explainer_base.py,290.0,0.0,0.0,1.0,0.0,2019-05-02T09:51:02Z,157.0,enhancement,ee4b2f47385f1f851e9aee420458d3886f969006,2021-03-01T15:23:28Z,/home/gilberto-1/github/wrapper_code_smile/output_analysis/1735243578.6335516/interpretmlDiCE_analysis/3eca953b70024995bfc9d745ec2688acd6761ca9/input/modified/dice_ml/explainer_interfaces/explainer_base.py,228,24ba8e377462bc29059f4d8f96bcc9dd42b69360,"created a new class for dice random method (#79)

small fix for dice_genetic too, given the new random explainer.
Signed-off-by: Amit Sharma <amit_sharma@live.com>",2021-02-22 09:54:07+00:00,MODIFY,324.0,157.0,ee4b2f47385f1f851e9aee420458d3886f969006,2021-03-01T15:23:28Z,2019-05-02T09:51:02Z
dice_ml/data_interfaces/private_data_interface.py,get_all_dummy_colnames,interpretml/DiCE,columns_and_datatype_not_explicitly_set,1,/home/gilberto-1/github/wrapper_code_smile/output_analysis/1735243578.6335516/interpretmlDiCE_analysis/548dedea3d705dcdd8c9372ceeaf562723e31350/input/modified/dice_ml/data_interfaces/private_data_interface.py,403,548dedea3d705dcdd8c9372ceeaf562723e31350,modified,2022-10-06 13:36:02+00:00,"Fix #182: Supporting private data for sklearn models  (#312)

* refactoring pytorch model to work with any other method

* setting up dice-genetic for private data

* updated pytorch explainer and model to work with all methods

Signed-off-by: Amit Sharma <amit_sharma@live.com>

* updated tf methods to work with transformers

Signed-off-by: Amit Sharma <amit_sharma@live.com>

* fixed some bugs with private data

* added private data support for random and genetic

Signed-off-by: Amit Sharma <amit_sharma@live.com>

* added tests for private data

Signed-off-by: Amit Sharma <amit_sharma@live.com>

* updated lint error

Signed-off-by: Amit Sharma <amit_sharma@live.com>

Signed-off-by: Amit Sharma <amit_sharma@live.com>",private_data_interface.py|public_data_interface.py|dice.py|dice_genetic.py|dice_random.py|helpers.py|adult.pkl|serialize.py|DiCE_with_private_data.ipynb|test_dice.py|test_dice_random.py,578.0,1.0,1.0,1.0,1.0,2019-05-02T09:51:02Z,157.0,bug_fixing,ee4b2f47385f1f851e9aee420458d3886f969006,2021-03-01T15:23:28Z,/home/gilberto-1/github/wrapper_code_smile/output_analysis/1735243578.6335516/interpretmlDiCE_analysis/154565da7eab00badca683a6163d54032b09699b/input/modified/dice_ml/data_interfaces/private_data_interface.py,358,b12abb4c3549c489680fa5f785e885b103267a4f,"Ensure same type for CF output as the input features (#412)

* same type for the input features

* added tests and fixed bug

Signed-off-by: Amit Sharma <amit_sharma@live.com>

* fixed lint error

* fixed lint

* fixed private data interface

* common functions in base_data

* fixed lint error

* fixed isort

* avoiding flaky test fail whenever final_cfs_df is none

---------

Signed-off-by: Amit Sharma <amit_sharma@live.com>",2023-10-26 05:37:26+00:00,MODIFY,760.0,157.0,ee4b2f47385f1f851e9aee420458d3886f969006,2021-03-01T15:23:28Z,2019-05-02T09:51:02Z
dice_ml/data_interfaces/private_data_interface.py,get_decoded_data,interpretml/DiCE,columns_and_datatype_not_explicitly_set,1,/home/gilberto-1/github/wrapper_code_smile/output_analysis/1735243578.6335516/interpretmlDiCE_analysis/b42304163f640b33727787bc92d16226d872e1f4/input/modified/dice_ml/data_interfaces/private_data_interface.py,282,b42304163f640b33727787bc92d16226d872e1f4,modified,2021-03-01 07:56:36+00:00,"updated private interface and feasible-cf notebooks to work with dataframe input (#96)

* updated private interface to work with refactor

* fixed feasible cf and advanced notebooks

Signed-off-by: Amit Sharma <amit_sharma@live.com>",private_data_interface.py|dice_tensorflow2.py|explainer_base.py|feasible_base_vae.py|feasible_model_approx.py|helpers.py|vae_model.py|DiCE_getting_started_feasible.ipynb|DiCE_with_advanced_options.ipynb|DiCE_with_private_data.ipynb|test_notebooks.py,340.0,0.0,1.0,1.0,1.0,2019-05-02T09:51:02Z,157.0,enhancement,ee4b2f47385f1f851e9aee420458d3886f969006,2021-03-01T15:23:28Z,/home/gilberto-1/github/wrapper_code_smile/output_analysis/1735243578.6335516/interpretmlDiCE_analysis/154565da7eab00badca683a6163d54032b09699b/input/modified/dice_ml/data_interfaces/private_data_interface.py,358,b12abb4c3549c489680fa5f785e885b103267a4f,"Ensure same type for CF output as the input features (#412)

* same type for the input features

* added tests and fixed bug

Signed-off-by: Amit Sharma <amit_sharma@live.com>

* fixed lint error

* fixed lint

* fixed private data interface

* common functions in base_data

* fixed lint error

* fixed isort

* avoiding flaky test fail whenever final_cfs_df is none

---------

Signed-off-by: Amit Sharma <amit_sharma@live.com>",2023-10-26 05:37:26+00:00,MODIFY,760.0,157.0,ee4b2f47385f1f851e9aee420458d3886f969006,2021-03-01T15:23:28Z,2019-05-02T09:51:02Z
dice_ml/data_interfaces/private_data_interface.py,prepare_df_for_ohe_encoding,interpretml/DiCE,columns_and_datatype_not_explicitly_set,1,/home/gilberto-1/github/wrapper_code_smile/output_analysis/1735243578.6335516/interpretmlDiCE_analysis/b42304163f640b33727787bc92d16226d872e1f4/input/modified/dice_ml/data_interfaces/private_data_interface.py,294,b42304163f640b33727787bc92d16226d872e1f4,modified,2021-03-01 07:56:36+00:00,"updated private interface and feasible-cf notebooks to work with dataframe input (#96)

* updated private interface to work with refactor

* fixed feasible cf and advanced notebooks

Signed-off-by: Amit Sharma <amit_sharma@live.com>",private_data_interface.py|dice_tensorflow2.py|explainer_base.py|feasible_base_vae.py|feasible_model_approx.py|helpers.py|vae_model.py|DiCE_getting_started_feasible.ipynb|DiCE_with_advanced_options.ipynb|DiCE_with_private_data.ipynb|test_notebooks.py,340.0,0.0,1.0,1.0,1.0,2019-05-02T09:51:02Z,157.0,enhancement,ee4b2f47385f1f851e9aee420458d3886f969006,2021-03-01T15:23:28Z,/home/gilberto-1/github/wrapper_code_smile/output_analysis/1735243578.6335516/interpretmlDiCE_analysis/154565da7eab00badca683a6163d54032b09699b/input/modified/dice_ml/data_interfaces/private_data_interface.py,358,b12abb4c3549c489680fa5f785e885b103267a4f,"Ensure same type for CF output as the input features (#412)

* same type for the input features

* added tests and fixed bug

Signed-off-by: Amit Sharma <amit_sharma@live.com>

* fixed lint error

* fixed lint

* fixed private data interface

* common functions in base_data

* fixed lint error

* fixed isort

* avoiding flaky test fail whenever final_cfs_df is none

---------

Signed-off-by: Amit Sharma <amit_sharma@live.com>",2023-10-26 05:37:26+00:00,MODIFY,760.0,157.0,ee4b2f47385f1f851e9aee420458d3886f969006,2021-03-01T15:23:28Z,2019-05-02T09:51:02Z
dice_ml/data_interfaces/private_data_interface.py,prepare_query_instance,interpretml/DiCE,columns_and_datatype_not_explicitly_set,1,/home/gilberto-1/github/wrapper_code_smile/output_analysis/1735243578.6335516/interpretmlDiCE_analysis/b42304163f640b33727787bc92d16226d872e1f4/input/modified/dice_ml/data_interfaces/private_data_interface.py,313,b42304163f640b33727787bc92d16226d872e1f4,modified,2021-03-01 07:56:36+00:00,"updated private interface and feasible-cf notebooks to work with dataframe input (#96)

* updated private interface to work with refactor

* fixed feasible cf and advanced notebooks

Signed-off-by: Amit Sharma <amit_sharma@live.com>",private_data_interface.py|dice_tensorflow2.py|explainer_base.py|feasible_base_vae.py|feasible_model_approx.py|helpers.py|vae_model.py|DiCE_getting_started_feasible.ipynb|DiCE_with_advanced_options.ipynb|DiCE_with_private_data.ipynb|test_notebooks.py,340.0,0.0,1.0,1.0,1.0,2019-05-02T09:51:02Z,157.0,enhancement,ee4b2f47385f1f851e9aee420458d3886f969006,2021-03-01T15:23:28Z,/home/gilberto-1/github/wrapper_code_smile/output_analysis/1735243578.6335516/interpretmlDiCE_analysis/154565da7eab00badca683a6163d54032b09699b/input/modified/dice_ml/data_interfaces/private_data_interface.py,358,b12abb4c3549c489680fa5f785e885b103267a4f,"Ensure same type for CF output as the input features (#412)

* same type for the input features

* added tests and fixed bug

Signed-off-by: Amit Sharma <amit_sharma@live.com>

* fixed lint error

* fixed lint

* fixed private data interface

* common functions in base_data

* fixed lint error

* fixed isort

* avoiding flaky test fail whenever final_cfs_df is none

---------

Signed-off-by: Amit Sharma <amit_sharma@live.com>",2023-10-26 05:37:26+00:00,MODIFY,760.0,157.0,ee4b2f47385f1f851e9aee420458d3886f969006,2021-03-01T15:23:28Z,2019-05-02T09:51:02Z
distributed/tensor_parallelism/example.py,demo_tp,pytorch/examples,gradients_not_cleared_before_backward_propagation,1,/home/gilberto-1/github/wrapper_code_smile/output_analysis/1735158796.965824/pytorchexamples_analysis/50f5570983d130c15f914a1f145f769a34a4471b/input/added/distributed/tensor_parallelism/example.py,103,50f5570983d130c15f914a1f145f769a34a4471b,added,2022-12-02 05:13:43+00:00,"[PT-D][Tensor Parallel] Update the example for TP to use the new TP API and deprecate the old one (#1099)

* [PT-D][Tensor Parallel] Update the example for TP to use DTensor and new TP API",README.md|requirements.txt|tensor_parallel.py|README.md|example.py|requirements.txt|run_python_examples.sh,690.0,1.0,0.0,1.0,0.0,2016-08-24T03:12:48Z,459.0,enhancement,,,/home/gilberto-1/github/wrapper_code_smile/output_analysis/1735158796.965824/pytorchexamples_analysis/50f5570983d130c15f914a1f145f769a34a4471b/input/added/distributed/tensor_parallelism/example.py,103,6a64939872f9384db0502210bf68482f03100139,"Add Sequence parallel and 2D parallel examples (#1149)

* Add Sequence parallel and 2D parallel examples",2023-05-10 21:38:43+00:00,RENAME,706.0,459.0,,,2016-08-24T03:12:48Z
distributed/tensor_parallelism/sequence_parallel_example.py,demo_sp,pytorch/examples,gradients_not_cleared_before_backward_propagation,1,/home/gilberto-1/github/wrapper_code_smile/output_analysis/1735158796.965824/pytorchexamples_analysis/6a64939872f9384db0502210bf68482f03100139/input/added/distributed/tensor_parallelism/sequence_parallel_example.py,61,6a64939872f9384db0502210bf68482f03100139,added,2023-05-10 21:38:43+00:00,"Add Sequence parallel and 2D parallel examples (#1149)

* Add Sequence parallel and 2D parallel examples",sequence_parallel_example.py|tensor_parallel_example.py|two_d_parallel_example.py|utils.py|run_python_examples.sh,706.0,1.0,0.0,0.0,0.0,2016-08-24T03:12:48Z,459.0,new_feature,,,/home/gilberto-1/github/wrapper_code_smile/output_analysis/1735158796.965824/pytorchexamples_analysis/6a64939872f9384db0502210bf68482f03100139/input/added/distributed/tensor_parallelism/sequence_parallel_example.py,61,c4dc481e686b5cc7d1aad9e3977b91d8ba83bddd,"[T170073014] Rewrite distributed examples for Tensor Parallel, Sequence Parallel, 2D (FSDP + TP) (#1201)

* update requirements.txt

* add torchrun support, move to init_device_mesh

* update twod fully working

* ensure proper dp group seeding for synth data

* swiglu model added

* sequential running of custom, auto, seq parallel models

* streamline to 2D TP only for two_d_parallel example

* sequence parallel working...needs init_device_mesh update

* seq parallel now using init_device_mesh

* tp and sp examples all working and updated

* updates from code review

* remove utils.py. Sample models created in example files

* remove originals.py, leftover imports, various updates from code review feedback.

* code linting via ruff

* code formatting via ruff

* move rank_log to utils.py, update example files

* move logging imports and config to log_utils, update examples with new import

* add gpu verification, update run_python_examples.sh

* update min gpu = 4 for fsdp+tp

* move gpu check to top of examples, but before import init_device_mesh to clear CI",2023-11-22 23:29:22+00:00,MODIFY,725.0,459.0,,,2016-08-24T03:12:48Z
examples/benchmark/py/perf_run.py,printStats,NVIDIA/TRTorch,in_place_apis_misused,1,/home/gilberto-1/github/wrapper_code_smile/output_analysis/1735243578.6335516/NVIDIATRTorch_analysis/f2d165591e66f7836cb561bc00cd7b652a7a8429/input/added/examples/benchmark/py/perf_run.py,218,f2d165591e66f7836cb561bc00cd7b652a7a8429,added,2021-12-09 12:43:20+00:00,"feat: Perf benchmark initial draft

Signed-off-by: Anurag Dixit <anuragd@nvidia.com>",vgg16.yml|perf_run.py,1765.0,1.0,0.0,0.0,0.0,2020-03-11T17:17:43Z,266.0,new_feature,07ff2441dcc82d474208a0b0619101736143370f,2022-09-14T03:30:08Z,/home/gilberto-1/github/wrapper_code_smile/output_analysis/1735243578.6335516/NVIDIATRTorch_analysis/c4413e150901fdfbdfa4971bc79d4202d1748e07/input/modified/examples/benchmark/py/perf_run.py,247,36fa84d6f052ca592da6927a64f0c80dfefda42f,"refactor: Restructure of benchmark files to tools

Signed-off-by: Anurag Dixit <a.dixit91@gmail.com>",2022-02-17 23:44:38+00:00,RENAME,1846.0,266.0,07ff2441dcc82d474208a0b0619101736143370f,2022-09-14T03:30:08Z,2020-03-11T17:17:43Z
examples/physionet_setup.py,main,drscotthawley/panotti,columns_and_datatype_not_explicitly_set,1,/home/gilberto-1/github/wrapper_code_smile/output_analysis/1735243578.6335516/drscotthawleypanotti_analysis/6c7e90040f7245a32157f59abdd49c1b705b34ac/input/modified/examples/physionet_setup.py,107,6c7e90040f7245a32157f59abdd49c1b705b34ac,modified,2017-03-06 23:20:44+00:00,clarified a few things,README.md|physionet_setup.py,24.0,0.0,0.0,0.0,0.0,2017-03-19T17:43:58Z,307.0,other,78919fbae1e64713ddc40bccb16cb7df896e922e,2018-04-24T18:27:35Z,/home/gilberto-1/github/wrapper_code_smile/output_analysis/1735243578.6335516/drscotthawleypanotti_analysis/6c7e90040f7245a32157f59abdd49c1b705b34ac/input/modified/examples/physionet_setup.py,107,ed9ddcf8536a9fbfa2e5dc63c3f256302c93ff15,"added predict_class, re-organized",2017-03-07 06:45:37+00:00,RENAME,25.0,307.0,78919fbae1e64713ddc40bccb16cb7df896e922e,2018-04-24T18:27:35Z,2017-03-19T17:43:58Z
experiments/cbow.py,__init__,feedly/transfer-nlp,columns_and_datatype_not_explicitly_set,1,/home/gilberto-1/github/wrapper_code_smile/output_analysis/1735243578.6335516/feedlytransfer-nlp_analysis/d3a4014f01122908fa069f03ef328c71008f618c/input/modified/experiments/cbow.py,29,d3a4014f01122908fa069f03ef328c71008f618c,modified,2019-04-23 17:12:13+00:00,resolve logger comment,cbow.py|news.py|surnames.py|training.py|tokenizers.py|embeddings.py|config.py|metrics.py|predictors.py|trainers.py,176.0,0.0,0.0,0.0,0.0,2019-03-12T20:00:31Z,465.0,other,b6a86e31d7c1f5cb6b7e2900d4371a862ead5d8d,2019-06-17T19:51:29Z,/home/gilberto-1/github/wrapper_code_smile/output_analysis/1735243578.6335516/feedlytransfer-nlp_analysis/e6b32c2df5454e9c768c6dcb72920ac9a755e83f/input/modified/experiments/cbow.py,28,a9d94b80eed0a8847ac8554ab1d994537149fb83,cleanup,2019-05-14 00:53:40+00:00,RENAME,271.0,465.0,85515b73165c299b7a9b96d3608bd4e8ee567154,2020-05-28T17:31:53Z,2019-03-12T20:00:31Z
experiments/news.py,__init__,feedly/transfer-nlp,columns_and_datatype_not_explicitly_set,1,/home/gilberto-1/github/wrapper_code_smile/output_analysis/1735243578.6335516/feedlytransfer-nlp_analysis/232811f4793fba3af960b2c40de337f0eaa3ec8b/input/added/experiments/news.py,33,232811f4793fba3af960b2c40de337f0eaa3ec8b,added,2019-04-22 22:11:02+00:00,clean project,cbow.json|cbow.py|mlp.json|news.py|newsClassifier.json|surnameClassifier.json|surnames.py|surnamesGeneration.json|surnamesRNN.json|training.py|models_test.py|__init__.py|embeddings.py|pre_trained.py|utils.py|cbow.json|customCNN.json|feedlyGeneration.json|mlp2.json|multitask.json|news.py|newsClassifier.json|nmt.json|perceptron.json|surnameClassifier.json|surnamesGeneration.json|surnamesRNN.json|loaders.py|vectorizers.py|vocabulary.py|cbow.py|cnn.py|generation.py|nmt.py|perceptrons.py|perceptrons2.py|rnn.py|activation_functions.py|config.py|generators.py|helpers.py|losses.py|metrics.py|optimizers.py|predictors.py|registry.py|regularizers.py|schedulers.py|trainers.py|nmt_runner.py|runner.py|runnersABC.py|single_task.py|utils.py,165.0,0.0,0.0,0.0,1.0,2019-03-12T20:00:31Z,465.0,refactoring,b6a86e31d7c1f5cb6b7e2900d4371a862ead5d8d,2019-06-17T19:51:29Z,/home/gilberto-1/github/wrapper_code_smile/output_analysis/1735243578.6335516/feedlytransfer-nlp_analysis/e6b32c2df5454e9c768c6dcb72920ac9a755e83f/input/modified/experiments/news.py,30,a9d94b80eed0a8847ac8554ab1d994537149fb83,cleanup,2019-05-14 00:53:40+00:00,RENAME,271.0,465.0,85515b73165c299b7a9b96d3608bd4e8ee567154,2020-05-28T17:31:53Z,2019-03-12T20:00:31Z
transfer_nlp/loaders/vectorizers.py,_get_source_indices,feedly/transfer-nlp,in_place_apis_misused,1,/home/gilberto-1/github/wrapper_code_smile/output_analysis/1735243578.6335516/feedlytransfer-nlp_analysis/a70b49d45446a49aa1b6496360bbf58470f93df3/input/modified/transfer_nlp/loaders/vectorizers.py,120,a70b49d45446a49aa1b6496360bbf58470f93df3,modified,2019-04-23 17:15:14+00:00,resolve VectorizerNew comment,cbow.py|news.py|surnames.py|loaders.py|vectorizers.py|predictors.py,177.0,1.0,0.0,0.0,0.0,2019-03-12T20:00:31Z,465.0,new_feature,b6a86e31d7c1f5cb6b7e2900d4371a862ead5d8d,2019-06-17T19:51:29Z,/home/gilberto-1/github/wrapper_code_smile/output_analysis/1735243578.6335516/feedlytransfer-nlp_analysis/9066f7b88d0e5e45dd2d6a9da85ec1e208a7b0a9/input/modified/transfer_nlp/loaders/vectorizers.py,121,a9d94b80eed0a8847ac8554ab1d994537149fb83,cleanup,2019-05-14 00:53:40+00:00,MODIFY,271.0,465.0,85515b73165c299b7a9b96d3608bd4e8ee567154,2020-05-28T17:31:53Z,2019-03-12T20:00:31Z
explainer/explain.py,log_representer,RexYing/gnn-model-explainer,columns_and_datatype_not_explicitly_set,1,/home/gilberto-1/github/wrapper_code_smile/output_analysis/1735158796.965824/RexYinggnn-model-explainer_analysis/4dfb360cbc0baf7cf23a2e157a263279fdfedc57/input/modified/explainer/explain.py,168,4dfb360cbc0baf7cf23a2e157a263279fdfedc57,modified,2019-01-25 23:27:19+00:00,representer,explain.py|explainer_main.py|gengraph.py|train.py|train_utils.py,16.0,0.0,0.0,0.0,0.0,2018-12-22T12:46:05Z,172.0,other,,,/home/gilberto-1/github/wrapper_code_smile/output_analysis/1735158796.965824/RexYinggnn-model-explainer_analysis/cb0afff9f31e904deb966bb9008bd6e89ef7965f/input/modified/explainer/explain.py,267,b79f883aeb7ff2954ab8cf5833b3488d7a39072b,plot,2019-01-30 06:34:55+00:00,MODIFY,39.0,172.0,,,2018-12-22T12:46:05Z
utils/benchmarks.py,run,ultralytics/yolov5,columns_and_datatype_not_explicitly_set,1,/home/gilberto-1/github/wrapper_code_smile/output_analysis/1735158796.965824/ultralyticsyolov5_analysis/932dc78496ca532a41780335468589ad7f0147f7/input/modified/utils/benchmarks.py,79,932dc78496ca532a41780335468589ad7f0147f7,modified,2022-03-14 14:07:13+00:00,"YOLOv5 Export Benchmarks for GPU (#6963)

* Add benchmarks.py GPU support

* Updates

* Updates

* Updates

* Updates

* Add --half

* Add TRT requirements

* Cleanup

* Add TF to warmup types

* Update export.py

* Update export.py

* Update benchmarks.py",export.py|common.py|benchmarks.py,1849.0,1.0,0.0,1.0,1.0,2020-05-18T03:45:11Z,200.0,enhancement,956be8e642b5c10af4a1533e09084ca32ff4f21f,2021-10-12T06:47:18Z,/home/gilberto-1/github/wrapper_code_smile/output_analysis/1735158796.965824/ultralyticsyolov5_analysis/e3e5122f82b0d1f24c11a90b2377fbb5a1673274/input/modified/utils/benchmarks.py,96,f9869f7ffdbce757f260d28a6b799c5fa50263ee,"YOLOv5 segmentation model support (#9052)

* [pre-commit.ci] auto fixes from pre-commit.com hooks

for more information, see https://pre-commit.ci

* Fix duplicate plots.py

* Fix check_font()

* # torch.use_deterministic_algorithms(True)

* update doc detect->predict

* Resolve precommit for segment/train and segment/val

* [pre-commit.ci] auto fixes from pre-commit.com hooks

for more information, see https://pre-commit.ci

* Resolve precommit for utils/segment

* [pre-commit.ci] auto fixes from pre-commit.com hooks

for more information, see https://pre-commit.ci

* Resolve precommit min_wh

* Resolve precommit utils/segment/plots

* [pre-commit.ci] auto fixes from pre-commit.com hooks

for more information, see https://pre-commit.ci

* Resolve precommit utils/segment/general

* Align NMS-seg closer to NMS

* restore deterministic init_seeds code

* remove easydict dependency

* update

* [pre-commit.ci] auto fixes from pre-commit.com hooks

for more information, see https://pre-commit.ci

* restore output_to_target mask

* [pre-commit.ci] auto fixes from pre-commit.com hooks

for more information, see https://pre-commit.ci

* update

* cleanup

* Remove unused ImageFont import

* Unified NMS

* [pre-commit.ci] auto fixes from pre-commit.com hooks

for more information, see https://pre-commit.ci

* DetectMultiBackend compatibility

* segment/predict.py update

* update plot colors

* fix bbox shifted

* sort bbox by confidence

* enable overlap by default

* Merge detect/segment output_to_target() function

* Start segmentation CI

* fix plots

* Update ci-testing.yml

* fix training whitespace

* optimize process mask functions (can we merge both?)

* Update predict/detect

* Update plot_images

* Update plot_images_and_masks

* [pre-commit.ci] auto fixes from pre-commit.com hooks

for more information, see https://pre-commit.ci

* fix

* Add train to CI

* fix precommit

* fix precommit CI

* fix precommit pycocotools

* fix val float issues

* [pre-commit.ci] auto fixes from pre-commit.com hooks

for more information, see https://pre-commit.ci

* fix masks float float issues

* suppress errors

* [pre-commit.ci] auto fixes from pre-commit.com hooks

for more information, see https://pre-commit.ci

* fix no-predictions plotting bug

* [pre-commit.ci] auto fixes from pre-commit.com hooks

for more information, see https://pre-commit.ci

* Add CSV Logger

* fix val len(plot_masks)

* speed up evaluation

* fix process_mask

* fix plots

* update segment/utils build_targets

* [pre-commit.ci] auto fixes from pre-commit.com hooks

for more information, see https://pre-commit.ci

* optimize utils/segment/general crop()

* optimize utils/segment/general crop() 2

* minor updates

* [pre-commit.ci] auto fixes from pre-commit.com hooks

for more information, see https://pre-commit.ci

* torch.where revert

* downsample only if different shape

* [pre-commit.ci] auto fixes from pre-commit.com hooks

for more information, see https://pre-commit.ci

* loss cleanup

* loss cleanup 2

* [pre-commit.ci] auto fixes from pre-commit.com hooks

for more information, see https://pre-commit.ci

* loss cleanup 3

* update project names

* Rename -seg yamls from _underscore to -dash

* prepare for yolov5n-seg.pt

* precommit space fix

* add coco128-seg.yaml

* update coco128-seg comments

* cleanup val.py

* Major val.py cleanup

* [pre-commit.ci] auto fixes from pre-commit.com hooks

for more information, see https://pre-commit.ci

* precommit fix

* precommit fix

* [pre-commit.ci] auto fixes from pre-commit.com hooks

for more information, see https://pre-commit.ci

* optional pycocotools

* remove CI pip install pycocotools (auto-installed now)

* seg yaml fix

* optimize mask_iou() and masks_iou()

* threaded fix

* Major train.py update

* [pre-commit.ci] auto fixes from pre-commit.com hooks

for more information, see https://pre-commit.ci

* Major segments/val/process_batch() update

* yolov5/val updates from segment

* process_batch numpy/tensor fix

* opt-in to pycocotools with --save-json

* threaded pycocotools ops for 2x speed increase

* Avoid permute contiguous if possible

* Add max_det=300 argument to both val.py and segment/val.py

* fix onnx_dynamic

* speed up pycocotools ops

* faster process_mask(upsample=True) for predict

* [pre-commit.ci] auto fixes from pre-commit.com hooks

for more information, see https://pre-commit.ci

* eliminate permutations for process_mask(upsample=True)

* eliminate permute-contiguous in crop(), use native dimension order

* cleanup comment

* Add Proto() module

* fix class count

* fix anchor order

* broadcast mask_gti in loss for speed

* Cleanup seg loss

* faster indexing

* faster indexing fix

* faster indexing fix2

* revert faster indexing

* fix validation plotting

* Loss cleanup and mxyxy simplification

* Loss cleanup and mxyxy simplification 2

* revert validation plotting

* replace missing tanh

* Eliminate last permutation

* delete unneeded .float()

* Remove MaskIOULoss and crop(if HWC)

* Final v6.3 SegmentationModel architecture updates

* [pre-commit.ci] auto fixes from pre-commit.com hooks

for more information, see https://pre-commit.ci

* Add support for TF export

* remove debugger trace

* add call

* update

* update

* Merge master

* Merge master

* [pre-commit.ci] auto fixes from pre-commit.com hooks

for more information, see https://pre-commit.ci

* Update dataloaders.py

* Restore CI

* Update dataloaders.py

* Fix TF/TFLite export for segmentation model

* Merge master

* Cleanup predict.py mask plotting

* cleanup scale_masks()

* rename scale_masks to scale_image

* cleanup/optimize plot_masks

* [pre-commit.ci] auto fixes from pre-commit.com hooks

for more information, see https://pre-commit.ci

* Add Annotator.masks()

* Annotator.masks() fix

* Update plots.py

* Annotator mask optimization

* Rename crop() to crop_mask()

* Do not crop in predict.py

* crop always

* [pre-commit.ci] auto fixes from pre-commit.com hooks

for more information, see https://pre-commit.ci

* Merge master

* Add vid-stride from master PR

* Update seg model outputs

* Update seg model outputs

* Add segmentation benchmarks

* [pre-commit.ci] auto fixes from pre-commit.com hooks

for more information, see https://pre-commit.ci

* Add segmentation benchmarks

* Add segmentation benchmarks

* Add segmentation benchmarks

* Fix DetectMultiBackend for OpenVINO

* update Annotator.masks

* fix val plot

* revert val plot

* clean up

* revert pil

* [pre-commit.ci] auto fixes from pre-commit.com hooks

for more information, see https://pre-commit.ci

* Fix CI error

* fix predict log

* remove upsample

* update interpolate

* fix validation plot logging

* Annotator.masks() cleanup

* [pre-commit.ci] auto fixes from pre-commit.com hooks

for more information, see https://pre-commit.ci

* Remove segmentation_model definition

* Restore 0.99999 decimals

Co-authored-by: pre-commit-ci[bot] <66853113+pre-commit-ci[bot]@users.noreply.github.com>
Co-authored-by: Glenn Jocher <glenn.jocher@ultralytics.com>
Co-authored-by: Laughing-q <1185102784@qq.com>
Co-authored-by: Jiacong Fang <zldrobit@126.com>",2022-09-15 22:12:46+00:00,RENAME,2331.0,200.0,69be8e738f45e7908c1270eedd350f98c0c7bfa4,2021-01-05T03:54:09Z,2020-05-18T03:45:11Z
utils/benchmarks.py,test,ultralytics/yolov5,columns_and_datatype_not_explicitly_set,1,/home/gilberto-1/github/wrapper_code_smile/output_analysis/1735158796.965824/ultralyticsyolov5_analysis/945579699afe96e336ad6e715e13dca38946a9a0/input/modified/utils/benchmarks.py,120,945579699afe96e336ad6e715e13dca38946a9a0,modified,2022-05-26 14:07:58+00:00,"Remove `formats` variable to avoid `pd` conflict (#7993)

* Remove `formats` variable to avoid `pd` conflict

* Update export.py",export.py|benchmarks.py,2038.0,0.0,0.0,1.0,1.0,2020-05-18T03:45:11Z,200.0,enhancement,956be8e642b5c10af4a1533e09084ca32ff4f21f,2021-10-12T06:47:18Z,/home/gilberto-1/github/wrapper_code_smile/output_analysis/1735158796.965824/ultralyticsyolov5_analysis/e3e5122f82b0d1f24c11a90b2377fbb5a1673274/input/modified/utils/benchmarks.py,96,f9869f7ffdbce757f260d28a6b799c5fa50263ee,"YOLOv5 segmentation model support (#9052)

* [pre-commit.ci] auto fixes from pre-commit.com hooks

for more information, see https://pre-commit.ci

* Fix duplicate plots.py

* Fix check_font()

* # torch.use_deterministic_algorithms(True)

* update doc detect->predict

* Resolve precommit for segment/train and segment/val

* [pre-commit.ci] auto fixes from pre-commit.com hooks

for more information, see https://pre-commit.ci

* Resolve precommit for utils/segment

* [pre-commit.ci] auto fixes from pre-commit.com hooks

for more information, see https://pre-commit.ci

* Resolve precommit min_wh

* Resolve precommit utils/segment/plots

* [pre-commit.ci] auto fixes from pre-commit.com hooks

for more information, see https://pre-commit.ci

* Resolve precommit utils/segment/general

* Align NMS-seg closer to NMS

* restore deterministic init_seeds code

* remove easydict dependency

* update

* [pre-commit.ci] auto fixes from pre-commit.com hooks

for more information, see https://pre-commit.ci

* restore output_to_target mask

* [pre-commit.ci] auto fixes from pre-commit.com hooks

for more information, see https://pre-commit.ci

* update

* cleanup

* Remove unused ImageFont import

* Unified NMS

* [pre-commit.ci] auto fixes from pre-commit.com hooks

for more information, see https://pre-commit.ci

* DetectMultiBackend compatibility

* segment/predict.py update

* update plot colors

* fix bbox shifted

* sort bbox by confidence

* enable overlap by default

* Merge detect/segment output_to_target() function

* Start segmentation CI

* fix plots

* Update ci-testing.yml

* fix training whitespace

* optimize process mask functions (can we merge both?)

* Update predict/detect

* Update plot_images

* Update plot_images_and_masks

* [pre-commit.ci] auto fixes from pre-commit.com hooks

for more information, see https://pre-commit.ci

* fix

* Add train to CI

* fix precommit

* fix precommit CI

* fix precommit pycocotools

* fix val float issues

* [pre-commit.ci] auto fixes from pre-commit.com hooks

for more information, see https://pre-commit.ci

* fix masks float float issues

* suppress errors

* [pre-commit.ci] auto fixes from pre-commit.com hooks

for more information, see https://pre-commit.ci

* fix no-predictions plotting bug

* [pre-commit.ci] auto fixes from pre-commit.com hooks

for more information, see https://pre-commit.ci

* Add CSV Logger

* fix val len(plot_masks)

* speed up evaluation

* fix process_mask

* fix plots

* update segment/utils build_targets

* [pre-commit.ci] auto fixes from pre-commit.com hooks

for more information, see https://pre-commit.ci

* optimize utils/segment/general crop()

* optimize utils/segment/general crop() 2

* minor updates

* [pre-commit.ci] auto fixes from pre-commit.com hooks

for more information, see https://pre-commit.ci

* torch.where revert

* downsample only if different shape

* [pre-commit.ci] auto fixes from pre-commit.com hooks

for more information, see https://pre-commit.ci

* loss cleanup

* loss cleanup 2

* [pre-commit.ci] auto fixes from pre-commit.com hooks

for more information, see https://pre-commit.ci

* loss cleanup 3

* update project names

* Rename -seg yamls from _underscore to -dash

* prepare for yolov5n-seg.pt

* precommit space fix

* add coco128-seg.yaml

* update coco128-seg comments

* cleanup val.py

* Major val.py cleanup

* [pre-commit.ci] auto fixes from pre-commit.com hooks

for more information, see https://pre-commit.ci

* precommit fix

* precommit fix

* [pre-commit.ci] auto fixes from pre-commit.com hooks

for more information, see https://pre-commit.ci

* optional pycocotools

* remove CI pip install pycocotools (auto-installed now)

* seg yaml fix

* optimize mask_iou() and masks_iou()

* threaded fix

* Major train.py update

* [pre-commit.ci] auto fixes from pre-commit.com hooks

for more information, see https://pre-commit.ci

* Major segments/val/process_batch() update

* yolov5/val updates from segment

* process_batch numpy/tensor fix

* opt-in to pycocotools with --save-json

* threaded pycocotools ops for 2x speed increase

* Avoid permute contiguous if possible

* Add max_det=300 argument to both val.py and segment/val.py

* fix onnx_dynamic

* speed up pycocotools ops

* faster process_mask(upsample=True) for predict

* [pre-commit.ci] auto fixes from pre-commit.com hooks

for more information, see https://pre-commit.ci

* eliminate permutations for process_mask(upsample=True)

* eliminate permute-contiguous in crop(), use native dimension order

* cleanup comment

* Add Proto() module

* fix class count

* fix anchor order

* broadcast mask_gti in loss for speed

* Cleanup seg loss

* faster indexing

* faster indexing fix

* faster indexing fix2

* revert faster indexing

* fix validation plotting

* Loss cleanup and mxyxy simplification

* Loss cleanup and mxyxy simplification 2

* revert validation plotting

* replace missing tanh

* Eliminate last permutation

* delete unneeded .float()

* Remove MaskIOULoss and crop(if HWC)

* Final v6.3 SegmentationModel architecture updates

* [pre-commit.ci] auto fixes from pre-commit.com hooks

for more information, see https://pre-commit.ci

* Add support for TF export

* remove debugger trace

* add call

* update

* update

* Merge master

* Merge master

* [pre-commit.ci] auto fixes from pre-commit.com hooks

for more information, see https://pre-commit.ci

* Update dataloaders.py

* Restore CI

* Update dataloaders.py

* Fix TF/TFLite export for segmentation model

* Merge master

* Cleanup predict.py mask plotting

* cleanup scale_masks()

* rename scale_masks to scale_image

* cleanup/optimize plot_masks

* [pre-commit.ci] auto fixes from pre-commit.com hooks

for more information, see https://pre-commit.ci

* Add Annotator.masks()

* Annotator.masks() fix

* Update plots.py

* Annotator mask optimization

* Rename crop() to crop_mask()

* Do not crop in predict.py

* crop always

* [pre-commit.ci] auto fixes from pre-commit.com hooks

for more information, see https://pre-commit.ci

* Merge master

* Add vid-stride from master PR

* Update seg model outputs

* Update seg model outputs

* Add segmentation benchmarks

* [pre-commit.ci] auto fixes from pre-commit.com hooks

for more information, see https://pre-commit.ci

* Add segmentation benchmarks

* Add segmentation benchmarks

* Add segmentation benchmarks

* Fix DetectMultiBackend for OpenVINO

* update Annotator.masks

* fix val plot

* revert val plot

* clean up

* revert pil

* [pre-commit.ci] auto fixes from pre-commit.com hooks

for more information, see https://pre-commit.ci

* Fix CI error

* fix predict log

* remove upsample

* update interpolate

* fix validation plot logging

* Annotator.masks() cleanup

* [pre-commit.ci] auto fixes from pre-commit.com hooks

for more information, see https://pre-commit.ci

* Remove segmentation_model definition

* Restore 0.99999 decimals

Co-authored-by: pre-commit-ci[bot] <66853113+pre-commit-ci[bot]@users.noreply.github.com>
Co-authored-by: Glenn Jocher <glenn.jocher@ultralytics.com>
Co-authored-by: Laughing-q <1185102784@qq.com>
Co-authored-by: Jiacong Fang <zldrobit@126.com>",2022-09-15 22:12:46+00:00,RENAME,2331.0,200.0,69be8e738f45e7908c1270eedd350f98c0c7bfa4,2021-01-05T03:54:09Z,2020-05-18T03:45:11Z
fastai/widgets/class_confusion.py,_tab_losses,jantic/DeOldify,columns_and_datatype_not_explicitly_set,1,/home/gilberto-1/github/wrapper_code_smile/output_analysis/1735158796.965824/janticDeOldify_analysis/4fc3616712edb19179b17dd270ad6cf63abf99c2/input/added/fastai/widgets/class_confusion.py,160,4fc3616712edb19179b17dd270ad6cf63abf99c2,added,2022-06-21 01:39:22+00:00,Upgrading to support latest Pytorch version,.gitignore|colab_requirements.txt|environment.yml|LICENSE|__init__.py|basic_data.py|basic_train.py|basics.py|callback.py|__init__.py|csv_logger.py|fp16.py|general_sched.py|hooks.py|loss_metrics.py|lr_finder.py|mem.py|misc.py|mixup.py|mlflow.py|one_cycle.py|oversampling.py|rnn.py|tensorboard.py|tracker.py|collab.py|core.py|data_block.py|datasets.py|distributed.py|__init__.py|autogen.tpl|convert2html.py|core.py|docstrings.py|doctest.py|gen_notebooks.py|hide.tpl|jekyll.tpl|nbdoc.py|nbtest.py|general_optimizer.py|__init__.py|core.py|torch.py|launch.py|layers.py|metrics.py|script.py|sixel.py|__init__.py|data.py|models.py|transform.py|test_registry.json|__init__.py|data.py|interpret.py|learner.py|__init__.py|awd_lstm.py|bwd_forget_mult_cuda.cpp|bwd_forget_mult_cuda_kernel.cu|forget_mult_cuda.cpp|forget_mult_cuda_kernel.cu|qrnn.py|transformer.py|transform.py|torch_core.py|train.py|__init__.py|check_perf.py|collect_env.py|ipython.py|mem.py|mod_display.py|pynvml_gate.py|show_install.py|version.py|__init__.py|cyclegan.py|data.py|gan.py|image.py|interpret.py|learner.py|__init__.py|cadene_models.py|darknet.py|presnet.py|unet.py|wrn.py|xception.py|xresnet.py|xresnet2.py|transform.py|tta.py|__init__.py|class_confusion.py|image_cleaner.py|image_downloader.py|requirements.txt,482.0,0.0,0.0,1.0,0.0,2018-10-31T23:32:34Z,389.0,enhancement,,,/home/gilberto-1/github/wrapper_code_smile/output_analysis/1735158796.965824/janticDeOldify_analysis/4fc3616712edb19179b17dd270ad6cf63abf99c2/input/added/fastai/widgets/class_confusion.py,160,dff82b6d2e80c3ca1abac7dca035cef4d4bdd08c,"Remove execution bit

All the files marked as executable were bugging me, so I ran this:

find . -executable -type f -print0 | xargs -0 grep -L '#!' | xargs chmod -x",2022-09-19 07:50:00+00:00,UNKNOWN,493.0,389.0,,,2018-10-31T23:32:34Z
glue/run_glue.py,train,lucidrains/reformer-pytorch,gradients_not_cleared_before_backward_propagation,1,/home/gilberto-1/github/wrapper_code_smile/output_analysis/1735243578.6335516/lucidrainsreformer-pytorch_analysis/eb4150b23a6b729aac0024cc9b3b0174d4bd0124/input/added/glue/run_glue.py,189,eb4150b23a6b729aac0024cc9b3b0174d4bd0124,added,2020-02-02 13:06:05+00:00,Adding GLUE training/evaluation script,README.md|run_glue.py,83.0,1.0,0.0,0.0,0.0,2020-01-09T20:42:37Z,209.0,new_feature,c90f2abea7e69d1846eb8d861f34047d0b3515c5,2020-06-29T21:23:54Z,/home/gilberto-1/github/wrapper_code_smile/output_analysis/1735243578.6335516/lucidrainsreformer-pytorch_analysis/f39ce259b1519bcc6c243201a47372c44996d417/input/modified/glue/run_glue.py,188,5bc02e6ade1ba493d2a43a32328d4a1b49507780,reorganize folders,2020-02-02 22:30:50+00:00,RENAME,87.0,209.0,c90f2abea7e69d1846eb8d861f34047d0b3515c5,2020-06-29T21:23:54Z,2020-01-09T20:42:37Z
hep_ml/experiments/speedup.py,transform,arogozhnikov/hep_ml,columns_and_datatype_not_explicitly_set,1,/home/gilberto-1/github/wrapper_code_smile/output_analysis/1735243578.6335516/arogozhnikovhep_ml_analysis/d4c672a12351c8668701ebc0db86b3d5a81d2343/input/added/hep_ml/experiments/speedup.py,151,d4c672a12351c8668701ebc0db86b3d5a81d2343,added,2015-09-04 11:35:20+00:00,initial version of speedup module,speedup.py,179.0,0.0,0.0,0.0,0.0,2015-05-05T14:17:36Z,331.0,other,d564031f7a0e326de93dfb70c84e93f0d43e9871,2016-03-01T17:06:39Z,/home/gilberto-1/github/wrapper_code_smile/output_analysis/1735243578.6335516/arogozhnikovhep_ml_analysis/212c83ee6316eb74bf450345872f1ecbfe7c261b/input/modified/hep_ml/experiments/speedup.py,161,7fab97e217159dcecbc8cf72a9b962ab631e087d,python 3 fixes in tests.,2015-09-05 14:09:05+00:00,MODIFY,198.0,331.0,281e08912f52dd2fe96080ee96bd7ff56c30e330,2017-08-28T19:50:07Z,2015-05-05T14:17:36Z
hep_ml/preprocessing.py,transform,arogozhnikov/hep_ml,columns_and_datatype_not_explicitly_set,2,/home/gilberto-1/github/wrapper_code_smile/output_analysis/1735243578.6335516/arogozhnikovhep_ml_analysis/9b15d197e2b1164378f641e1b5ab6dab66f22cc3/input/added/hep_ml/preprocessing.py,116,9b15d197e2b1164378f641e1b5ab6dab66f22cc3,added,2015-09-03 17:37:06+00:00,added preprocessing,preprocessing.py,171.0,1.0,0.0,0.0,0.0,2015-05-05T14:17:36Z,331.0,new_feature,d564031f7a0e326de93dfb70c84e93f0d43e9871,2016-03-01T17:06:39Z,/home/gilberto-1/github/wrapper_code_smile/output_analysis/1735243578.6335516/arogozhnikovhep_ml_analysis/0c39df17c72fd8adbaa3bf4db30abdbbfbcf5da7/input/modified/hep_ml/preprocessing.py,145,57e0a66354c2c1b8210693da902b5182ce84e777,"many updates to preprocessing, extended tests",2016-01-10 21:21:48+00:00,MODIFY,236.0,331.0,281e08912f52dd2fe96080ee96bd7ff56c30e330,2017-08-28T19:50:07Z,2015-05-05T14:17:36Z
joeynmt/model.py,get_loss_for_batch,joeynmt/joeynmt,pytorch_call_method_misused,1,/home/gilberto-1/github/wrapper_code_smile/output_analysis/1735158796.965824/joeynmtjoeynmt_analysis/6a2043adace1013b3ec63de6d4f98ef506f18178/input/added/joeynmt/model.py,241,6a2043adace1013b3ec63de6d4f98ef506f18178,added,2018-10-15 15:10:25+00:00,initial commit,LICENSE|README.md|default.yaml|iwslt_deen_bahdanau.yaml|iwslt_envi_luong.yaml|iwslt_envi_xnmt.yaml|reverse.yaml|__init__.py|__main__.py|attention.py|batch.py|constants.py|decoders.py|embeddings.py|encoders.py|helpers.py|loss.py|model.py|plotting.py|prediction.py|search.py|training.py|vocabulary.py|requirements.txt|generate_reverse_task.py|get_iwslt14_bpe.sh|get_iwslt15_envi.sh|dev.de|dev.en|test.de|test.en|train.de|train.en|dev.src|dev.trg|test.src|test.trg|train.src|train.trg,1.0,0.0,0.0,0.0,0.0,2018-10-15T15:00:57Z,530.0,other,e55b61560ef2a30ec4ca46a0d2077a409e3459ad,2019-07-28T10:57:08Z,/home/gilberto-1/github/wrapper_code_smile/output_analysis/1735158796.965824/joeynmtjoeynmt_analysis/8feabf500576324406675dcdf7d7f18b7214930d/input/modified/joeynmt/model.py,130,c1feb199dc7fd3d188591985e437cf7405a0cbd1,fix pylint error,2020-10-08 21:16:15+00:00,MODIFY,563.0,530.0,7da62dc4b646c03610b030a804ea8c4881926b43,2020-10-31T12:44:14Z,2018-10-15T15:00:57Z
kaggler/preprocessing/data.py,_get_target_encoder,jeongyoonlee/Kaggler,columns_and_datatype_not_explicitly_set,1,/home/gilberto-1/github/wrapper_code_smile/output_analysis/1735158796.965824/jeongyoonleeKaggler_analysis/ef127650fb450e6cc9e8531e7fcefb43c0c652ec/input/modified/kaggler/preprocessing/data.py,308,ef127650fb450e6cc9e8531e7fcefb43c0c652ec,modified,2019-01-02 03:26:48+00:00,add TargetEncoder to kaggler.preprocessing,README.md|conf.py|__init__.py|__init__.py|data.py|setup.py,133.0,1.0,0.0,0.0,0.0,2015-01-28T20:51:13Z,198.0,new_feature,,,/home/gilberto-1/github/wrapper_code_smile/output_analysis/1735158796.965824/jeongyoonleeKaggler_analysis/7a8ffe6268d9113ad935f430e6fc41045ef06175/input/modified/kaggler/preprocessing/data.py,416,87f974ad8e3fcd41d8f7c7ca3f97f89f001706ab,add EmbeddingEncoder to kaggler.preprocess,2019-09-25 01:57:43+00:00,RENAME,182.0,198.0,,,2015-01-28T20:51:13Z
kaggler/preprocessing/data.py,_get_target_encoder,jeongyoonlee/Kaggler,columns_and_datatype_not_explicitly_set,1,/home/gilberto-1/github/wrapper_code_smile/output_analysis/1735158796.965824/jeongyoonleeKaggler_analysis/e571616d9a96b0fe2082c5d9622575408dd79543/input/modified/kaggler/preprocessing/data.py,311,e571616d9a96b0fe2082c5d9622575408dd79543,modified,2019-04-09 07:15:48+00:00,"update to 0.6.5
* add setup_requires=[setuptools, cython] to setup.py
* add from __future__ import print_function, absolute_import, division
* change the logger name to Kaggler",conf.py|__init__.py|data_io.py|linear.py|feature_selection.py|classification.py|regression.py|nn.py|fm.c|fm.pyx|ftrl.c|ftrl.pyx|nn.c|nn.pyx|nn_h2.c|nn_h2.pyx|data.py|test_ftrl.py|test_lbe.py|test_ohe.py|test_sgd.py|util.c|util.pyx|requirements.txt|setup.py,136.0,1.0,0.0,1.0,0.0,2015-01-28T20:51:13Z,198.0,enhancement,,,/home/gilberto-1/github/wrapper_code_smile/output_analysis/1735158796.965824/jeongyoonleeKaggler_analysis/7a8ffe6268d9113ad935f430e6fc41045ef06175/input/modified/kaggler/preprocessing/data.py,416,87f974ad8e3fcd41d8f7c7ca3f97f89f001706ab,add EmbeddingEncoder to kaggler.preprocess,2019-09-25 01:57:43+00:00,RENAME,182.0,198.0,,,2015-01-28T20:51:13Z
kaggler/test/test_lbe.py,test,jeongyoonlee/Kaggler,columns_and_datatype_not_explicitly_set,1,/home/gilberto-1/github/wrapper_code_smile/output_analysis/1735158796.965824/jeongyoonleeKaggler_analysis/897636a15789e621da899879972f0ae2a70446e4/input/added/kaggler/test/test_lbe.py,11,897636a15789e621da899879972f0ae2a70446e4,added,2018-07-14 00:49:27+00:00,speed up OneHotEncoder and LabelEncoder with Pandas,README.md|data.py|test_lbe.py|test_ohe.py,129.0,0.0,0.0,0.0,0.0,2015-01-28T20:51:13Z,198.0,other,,,/home/gilberto-1/github/wrapper_code_smile/output_analysis/1735158796.965824/jeongyoonleeKaggler_analysis/e571616d9a96b0fe2082c5d9622575408dd79543/input/modified/kaggler/test/test_lbe.py,14,dfd0109d12452e2351ac7be2c0019d238460e67a,"update version to 0.8.0. add AutoLGB, travis, flake8, pytest, and many more",2019-08-03 08:48:30+00:00,RENAME,155.0,198.0,,,2015-01-28T20:51:13Z
kashgari/data/corpus.py,get_classification_data,BrikerMan/Kashgari,columns_and_datatype_not_explicitly_set,1,/home/gilberto-1/github/wrapper_code_smile/output_analysis/1735158796.965824/BrikerManKashgari_analysis/ff5bfbf1ad6cd36e4ef990295756ed7ba14302d6/input/modified/kashgari/data/corpus.py,188,ff5bfbf1ad6cd36e4ef990295756ed7ba14302d6,modified,2019-01-21 08:51:28+00:00,"add tencent dingdang corpus, add eval report",demo.py|corpus.py|base_model.py|downloader.py,14.0,1.0,0.0,0.0,0.0,2019-01-19T01:53:28Z,838.0,new_feature,4bf4cca22b904e9f19a69bba8cbcf26438d127c3,2020-09-10T10:19:08Z,/home/gilberto-1/github/wrapper_code_smile/output_analysis/1735158796.965824/BrikerManKashgari_analysis/680c46eead4d66bbaae14721eacf5e1ef0bd4207/input/modified/kashgari/data/corpus.py,75,c52930c6f8a31b42d90eacbedda48e35a6c45844,"clean up code, update readme",2019-01-21 10:19:41+00:00,RENAME,17.0,838.0,150da306258844c7cb407bc7afc8cc757e5c894e,2019-01-31T08:10:57Z,2019-01-19T01:53:28Z
kashgari/data/corpus.py,get_classification_data,BrikerMan/Kashgari,columns_and_datatype_not_explicitly_set,1,/home/gilberto-1/github/wrapper_code_smile/output_analysis/1735158796.965824/BrikerManKashgari_analysis/ff5bfbf1ad6cd36e4ef990295756ed7ba14302d6/input/modified/kashgari/data/corpus.py,188,ff5bfbf1ad6cd36e4ef990295756ed7ba14302d6,modified,2019-01-21 08:51:28+00:00,"add tencent dingdang corpus, add eval report",demo.py|corpus.py|base_model.py|downloader.py,14.0,1.0,0.0,0.0,0.0,2019-01-19T01:53:28Z,838.0,new_feature,4bf4cca22b904e9f19a69bba8cbcf26438d127c3,2020-09-10T10:19:08Z,/home/gilberto-1/github/wrapper_code_smile/output_analysis/1735158796.965824/BrikerManKashgari_analysis/ff5bfbf1ad6cd36e4ef990295756ed7ba14302d6/input/modified/kashgari/data/corpus.py,97,a6b44056ff4974f11da68f329591fc966583b701,"removed weibo corpus, clean up code and add eval report",2019-01-21 09:31:15+00:00,MODIFY,15.0,838.0,150da306258844c7cb407bc7afc8cc757e5c894e,2019-01-31T08:10:57Z,2019-01-19T01:53:28Z
kashgari/data/corpus.py,read_original_data,BrikerMan/Kashgari,columns_and_datatype_not_explicitly_set,1,/home/gilberto-1/github/wrapper_code_smile/output_analysis/1735158796.965824/BrikerManKashgari_analysis/f7fb43d2f3651fbba92eb6e5cee8bfd279b0317a/input/added/kashgari/data/corpus.py,72,f7fb43d2f3651fbba92eb6e5cee8bfd279b0317a,added,2019-01-20 11:17:17+00:00,refactor tokenizer and corpus,corpus.py|data_reader.py|dataset.py|pre_process.py|word2vec.py|macros.py|cnn_lstm_model.py|tokenizer.py|downloader.py|helper.py|logger.py,6.0,0.0,0.0,0.0,1.0,2019-01-19T01:53:28Z,838.0,refactoring,4bf4cca22b904e9f19a69bba8cbcf26438d127c3,2020-09-10T10:19:08Z,/home/gilberto-1/github/wrapper_code_smile/output_analysis/1735158796.965824/BrikerManKashgari_analysis/680c46eead4d66bbaae14721eacf5e1ef0bd4207/input/modified/kashgari/data/corpus.py,75,c52930c6f8a31b42d90eacbedda48e35a6c45844,"clean up code, update readme",2019-01-21 10:19:41+00:00,RENAME,17.0,838.0,150da306258844c7cb407bc7afc8cc757e5c894e,2019-01-31T08:10:57Z,2019-01-19T01:53:28Z
kashgari/data/corpus.py,read_original_data,BrikerMan/Kashgari,columns_and_datatype_not_explicitly_set,1,/home/gilberto-1/github/wrapper_code_smile/output_analysis/1735158796.965824/BrikerManKashgari_analysis/f7fb43d2f3651fbba92eb6e5cee8bfd279b0317a/input/added/kashgari/data/corpus.py,72,f7fb43d2f3651fbba92eb6e5cee8bfd279b0317a,added,2019-01-20 11:17:17+00:00,refactor tokenizer and corpus,corpus.py|data_reader.py|dataset.py|pre_process.py|word2vec.py|macros.py|cnn_lstm_model.py|tokenizer.py|downloader.py|helper.py|logger.py,6.0,0.0,0.0,0.0,1.0,2019-01-19T01:53:28Z,838.0,refactoring,4bf4cca22b904e9f19a69bba8cbcf26438d127c3,2020-09-10T10:19:08Z,/home/gilberto-1/github/wrapper_code_smile/output_analysis/1735158796.965824/BrikerManKashgari_analysis/ff5bfbf1ad6cd36e4ef990295756ed7ba14302d6/input/modified/kashgari/data/corpus.py,97,a6b44056ff4974f11da68f329591fc966583b701,"removed weibo corpus, clean up code and add eval report",2019-01-21 09:31:15+00:00,MODIFY,15.0,838.0,150da306258844c7cb407bc7afc8cc757e5c894e,2019-01-31T08:10:57Z,2019-01-19T01:53:28Z
kashgari/data/data_reader.py,load_data_from_csv,BrikerMan/Kashgari,columns_and_datatype_not_explicitly_set,1,/home/gilberto-1/github/wrapper_code_smile/output_analysis/1735158796.965824/BrikerManKashgari_analysis/318f03092f96ac3da0f4aea3d6df65d1f376e80b/input/added/kashgari/data/data_reader.py,18,318f03092f96ac3da0f4aea3d6df65d1f376e80b,added,2019-01-19 05:46:08+00:00,prepare_base_struct,__init__.py|__init__.py|data_reader.py|pre_process.py|__init__.py|word2vec.py|__init__.py|__init__.py|base_model.py|cnn_lstm_model.py|tokenizer.py|__init__.py|downloader.py|logger.py|macros.py,2.0,0.0,0.0,0.0,0.0,2019-01-19T01:53:28Z,838.0,other,4bf4cca22b904e9f19a69bba8cbcf26438d127c3,2020-09-10T10:19:08Z,/home/gilberto-1/github/wrapper_code_smile/output_analysis/1735158796.965824/BrikerManKashgari_analysis/0ccba67e34bc2ef83574c4658a3ac5e51673e95d/input/modified/kashgari/data/data_reader.py,18,671d7c502378971f12dc1c4e4b4cadae8c940fad,add dataset and model,2019-01-19 10:35:35+00:00,MODIFY,5.0,838.0,150da306258844c7cb407bc7afc8cc757e5c894e,2019-01-31T08:10:57Z,2019-01-19T01:53:28Z
kashgari/data/pre_process.py,pre_process_df,BrikerMan/Kashgari,columns_and_datatype_not_explicitly_set,1,/home/gilberto-1/github/wrapper_code_smile/output_analysis/1735158796.965824/BrikerManKashgari_analysis/318f03092f96ac3da0f4aea3d6df65d1f376e80b/input/added/kashgari/data/pre_process.py,20,318f03092f96ac3da0f4aea3d6df65d1f376e80b,added,2019-01-19 05:46:08+00:00,prepare_base_struct,__init__.py|__init__.py|data_reader.py|pre_process.py|__init__.py|word2vec.py|__init__.py|__init__.py|base_model.py|cnn_lstm_model.py|tokenizer.py|__init__.py|downloader.py|logger.py|macros.py,2.0,0.0,0.0,0.0,0.0,2019-01-19T01:53:28Z,838.0,other,4bf4cca22b904e9f19a69bba8cbcf26438d127c3,2020-09-10T10:19:08Z,/home/gilberto-1/github/wrapper_code_smile/output_analysis/1735158796.965824/BrikerManKashgari_analysis/318f03092f96ac3da0f4aea3d6df65d1f376e80b/input/added/kashgari/data/pre_process.py,20,0ccba67e34bc2ef83574c4658a3ac5e51673e95d,run first model finished,2019-01-19 06:54:47+00:00,MODIFY,4.0,838.0,150da306258844c7cb407bc7afc8cc757e5c894e,2019-01-31T08:10:57Z,2019-01-19T01:53:28Z
kashgari/tasks/classification/cnn_lstm_model.py,build_model,BrikerMan/Kashgari,in_place_apis_misused,1,/home/gilberto-1/github/wrapper_code_smile/output_analysis/1735158796.965824/BrikerManKashgari_analysis/9f1a87e0cb1acad8af5342369798d79b5aef1abc/input/modified/kashgari/tasks/classification/cnn_lstm_model.py,30,9f1a87e0cb1acad8af5342369798d79b5aef1abc,modified,2019-01-20 13:14:41+00:00,cnn_lstm_classifier finished,demo.py|__init__.py|__init__.py|corpus.py|data_reader.py|dataset.py|pre_process.py|__init__.py|base_model.py|cnn_lstm_model.py|tokenizer.py,7.0,0.0,0.0,0.0,0.0,2019-01-19T01:53:28Z,838.0,other,4bf4cca22b904e9f19a69bba8cbcf26438d127c3,2020-09-10T10:19:08Z,/home/gilberto-1/github/wrapper_code_smile/output_analysis/1735158796.965824/BrikerManKashgari_analysis/9f1a87e0cb1acad8af5342369798d79b5aef1abc/input/modified/kashgari/tasks/classification/cnn_lstm_model.py,30,8a8dc3d9abca75256760df4bbaee5a644ff517c8,refactor embedding layer to enable custom embedding from scratch,2019-01-20 15:30:46+00:00,MODIFY,8.0,838.0,150da306258844c7cb407bc7afc8cc757e5c894e,2019-01-31T08:10:57Z,2019-01-19T01:53:28Z
kglib/utils/grakn/synthetic/statistics/pmf.py,to_dataframe,graknlabs/kglib,columns_and_datatype_not_explicitly_set,1,/home/gilberto-1/github/wrapper_code_smile/output_analysis/1735158796.965824/graknlabskglib_analysis/88690ec7bb66691e4d0b1e8b7c97e7e3f0277472/input/added/kglib/utils/grakn/synthetic/statistics/pmf.py,85,88690ec7bb66691e4d0b1e8b7c97e7e3f0277472,added,2019-09-18 14:02:19+00:00,"KGCN II - Relation prediction using DeepMind's Graph Nets (#85)

## What is the goal of this PR?

Create a more versatile approach to KGCNs, one that can be customised to perform:
- Relation prediction
- Attribute value prediction
- Subgraph prediction
- Graph optimisation
- Generation of Concept embeddings

## What are the changes implemented in this PR?

Overwrites the entirety of the KGCN project with a more advanced version. This new approach uses a learned message-passing algorithm, implemented in TensorFlow. The algorithm can predict node, edge and global properties for any input graph.

Implemented is a method to predict new Relations in extracted subgraphs, picking from a provided set of candidate relations.

Solves #51, #78, #42",config.yml|BUILD|README.md|VERSION|README.md|main.py|prediction_schema.gql|schema.gql|end_to_end_test.py|BUILD|queried_subgraph.png|BUILD|README.md|encode.py|encode_test.py|schema.py|schema_test.py|tf_hub.py|tf_hub_test.py|persistence.py|preprocess.py|array.py|array_IT.py|array_test.py|builder.py|builder_IT.py|builder_mocks.py|builder_test.py|neighbour.py|neighbour_test.py|ordered.py|ordered_test.py|random_sampling.py|random_sampling_test.py|sample.py|traversal.py|traversal_test.py|model.py|model_test.py|aggregate.py|combine.py|embed.py|BUILD|diagnosis.py|diagnosis_IT.py|diagnosis_end_to_end_test.py|diagnosis_test.py|BUILD|label_extraction.py|label_extraction_test.py|classify.py|feed.py|learn.py|learn_IT.py|loss.py|metrics.py|report.py|report_test.py|metrics_test.py|thing.py|persistence.py|BUILD|attribute.py|attribute_IT.py|attribute_test.py|core.py|core_IT.py|embedding.py|embedding_test.py|typewise.py|typewise_IT.py|typewise_test.py|BUILD|encode.py|encode_test.py|pipeline.py|utils.py|utils_test.py|BUILD|draw.py|plotting.py|plotting_test.py|KGCN_process.png|aggregate_and_combine.png|aggregation.png|chaining.png|combination.png|methodology.png|supervised_learner.png|schema.gql|BUILD|BUILD|BUILD|comparable.py|thing.py|BUILD|BUILD|generate.py|schema.gql|BUILD|pmf.py|pmf_test.py|BUILD|base.py|answer.py|concept.py|BUILD|iterate.py|BUILD|query_graph.py|query_graph_test.py|BUILD|case.py|BUILD|concept_dict_to_graph.py|concept_dict_to_graph_test.py|queries_to_graph.py|queries_to_graph_it.py|queries_to_graph_test.py|BUILD|utils.py|requirements.txt|requirements.txt,337.0,1.0,0.0,1.0,1.0,2018-09-16T16:46:48Z,480.0,new_feature,2c8c0cd5a91fc9c262aa7db16481f4212edc76a7,2022-07-29T09:14:00Z,/home/gilberto-1/github/wrapper_code_smile/output_analysis/1735158796.965824/graknlabskglib_analysis/88690ec7bb66691e4d0b1e8b7c97e7e3f0277472/input/added/kglib/utils/grakn/synthetic/statistics/pmf.py,85,ae3ee07106739efd10f0627058210038ab5956d3,"Typedb 2.1.1 upgrade (#158)

## What is the goal of this PR?

Upgrade KGLIB to be compatible with TypeDB 2.1.1 and introduce [PyTorch Geometric](https://github.com/pyg-team/pytorch_geometric) compatibility (thanks to @hkuich and @jorenretel).

## What are the changes implemented in this PR?

Incorporates all changes from https://github.com/vaticle/kglib/pull/154, which needed to be rolled in to the build system upgrades so that CI could run, hence this PR is an agglomeration of various things.",2022-06-08 16:02:28+00:00,RENAME,489.0,480.0,2c8c0cd5a91fc9c262aa7db16481f4212edc76a7,2022-07-29T09:14:00Z,2018-09-16T16:46:48Z
kglib/utils/typedb/synthetic/statistics/pmf.py,to_dataframe,graknlabs/kglib,columns_and_datatype_not_explicitly_set,1,/home/gilberto-1/github/wrapper_code_smile/output_analysis/1735158796.965824/graknlabskglib_analysis/fd5cfe3f4d27e5d0022a99a5b81ffdc5e9755678/input/modified/kglib/utils/typedb/synthetic/statistics/pmf.py,87,fd5cfe3f4d27e5d0022a99a5b81ffdc5e9755678,modified,2022-06-28 11:46:27+00:00,"Bump copyright year to 2022 (#159)

## What is the goal of this PR?

We update the copyright header year to 2022.

## What are the changes implemented in this PR?

Bump the vaticle-dependencies commit & replace the year 2021 with 2022 in each copyright header.",.bazelrc|.gitignore|automation.yml|BUILD|LICENSE|WORKSPACE|BUILD|artifacts.bzl|repositories.bzl|deployment.bzl|BUILD|__init__.py|BUILD|typedb_networkx_dataset.py|standard_encode.py|standard_encode_test.py|standard_kgcn_transform.py|utils.py|utils_test.py|BUILD|BUILD|BUILD|BUILD|diagnosis.py|diagnosis_test.py|BUILD|feed.py|learn.py|learn_IT.py|loss.py|metrics.py|metrics_test.py|BUILD|attribute.py|attribute_IT.py|attribute_test.py|core.py|core_IT.py|embedding.py|embedding_IT.py|embedding_test.py|typewise.py|typewise_IT.py|typewise_test.py|BUILD|pipeline.py|BUILD|draw.py|plotting.py|plotting_test.py|BUILD|diagnosis.py|requirements.txt|BUILD|diagnosis.py|diagnosis_debug.py|BUILD|__init__.py|BUILD|iterate.py|BUILD|query_graph.py|query_graph_test.py|BUILD|case.py|BUILD|concept_dict_to_graph_test.py|concept_dict_to_networkx_graph.py|queries_to_networkx_graph.py|queries_to_networkx_graph_it.py|queries_to_networkx_graph_test.py|BUILD|utils.py|BUILD|BUILD|thing.py|BUILD|BUILD|generate.py|schema.tql|seed_data.tql|BUILD|pmf.py|pmf_test.py|BUILD|base.py|answer.py|concept.py|BUILD|type.py|requirements-dev.txt|requirements.txt|setup.py|BUILD,490.0,1.0,0.0,1.0,0.0,2018-09-16T16:46:48Z,480.0,enhancement,2c8c0cd5a91fc9c262aa7db16481f4212edc76a7,2022-07-29T09:14:00Z,/home/gilberto-1/github/wrapper_code_smile/output_analysis/1735158796.965824/graknlabskglib_analysis/fd5cfe3f4d27e5d0022a99a5b81ffdc5e9755678/input/modified/kglib/utils/typedb/synthetic/statistics/pmf.py,87,57ccda7e63f6aeb3a91eaba2ec86e361a2b5ce05,"Pytorch Geometric support (deprecates KGCN) (#161)

## What is the goal of this PR?

Migrate the ethos of TypeDB-ML to be a library to support machine learning using existing graph learning frameworks, starting with support for [PyTorch Geometric](https://github.com/pyg-team/pytorch_geometric) and [NetworkX](https://networkx.org) to support in-memory graphs and general-purpose graph algorithms.

## What are the changes implemented in this PR?

- Encoding of a TypeDB graph (already exported into NetworkX) into a PyTorch Geometric HeteroData object
- Updating the Diagnosis example to demonstrate how to create a GNN using TypeDB, KGLIB and PyTorch Geometric

Solves #44",2022-07-28 10:06:43+00:00,RENAME,493.0,480.0,2c8c0cd5a91fc9c262aa7db16481f4212edc76a7,2022-07-29T09:14:00Z,2018-09-16T16:46:48Z
next_batch.py,__init__,philipperemy/deep-speaker,columns_and_datatype_not_explicitly_set,1,/home/gilberto-1/github/wrapper_code_smile/output_analysis/1735158796.965824/philipperemydeep-speaker_analysis/484a85e8f26bd5c693cbfc245617b3db5a3d0b03/input/modified/next_batch.py,87,484a85e8f26bd5c693cbfc245617b3db5a3d0b03,modified,2017-12-02 18:22:26+00:00,using logging for output to have timestamps,librispeech_wav_reader.py|models.py|models_train.py|next_batch.py|pre_process.py|triplet_visualization.py|utils.py,66.0,0.0,0.0,0.0,0.0,2017-05-19T05:06:32Z,302.0,other,,,/home/gilberto-1/github/wrapper_code_smile/output_analysis/1735158796.965824/philipperemydeep-speaker_analysis/296d20c0b6b8583bba3ce0d46a8493319c23b8c7/input/modified/next_batch.py,87,06a2c1e76a4ed785a96bd3f725b4b52adb31fc6d,"v2 -> main impl
old impl -> v3",2018-09-17 04:31:50+00:00,RENAME,127.0,302.0,,,2017-05-19T05:06:32Z
librispeech_wav_reader.py,read_librispeech_structure,philipperemy/deep-speaker,columns_and_datatype_not_explicitly_set,1,/home/gilberto-1/github/wrapper_code_smile/output_analysis/1735158796.965824/philipperemydeep-speaker_analysis/be67da94dc4c509a9f32d049efbbd25c1e248a8f/input/added/librispeech_wav_reader.py,210,be67da94dc4c509a9f32d049efbbd25c1e248a8f,added,2017-07-03 02:18:23+00:00,work in progress,librispeech_wav_reader.py,23.0,0.0,0.0,0.0,0.0,2017-05-19T05:06:32Z,302.0,other,,,/home/gilberto-1/github/wrapper_code_smile/output_analysis/1735158796.965824/philipperemydeep-speaker_analysis/296d20c0b6b8583bba3ce0d46a8493319c23b8c7/input/modified/librispeech_wav_reader.py,210,06a2c1e76a4ed785a96bd3f725b4b52adb31fc6d,"v2 -> main impl
old impl -> v3",2018-09-17 04:31:50+00:00,RENAME,127.0,302.0,,,2017-05-19T05:06:32Z
next_batch.py,stochastic_mini_batch,philipperemy/deep-speaker,columns_and_datatype_not_explicitly_set,1,/home/gilberto-1/github/wrapper_code_smile/output_analysis/1735158796.965824/philipperemydeep-speaker_analysis/3f5383f9740a66096cee7fec99c1390f21b500e6/input/modified/next_batch.py,57,3f5383f9740a66096cee7fec99c1390f21b500e6,modified,2017-07-03 06:45:23+00:00,work in progress,constants.py|librispeech_wav_reader.py|next_batch.py,27.0,0.0,0.0,0.0,0.0,2017-05-19T05:06:32Z,302.0,other,,,/home/gilberto-1/github/wrapper_code_smile/output_analysis/1735158796.965824/philipperemydeep-speaker_analysis/296d20c0b6b8583bba3ce0d46a8493319c23b8c7/input/modified/next_batch.py,87,06a2c1e76a4ed785a96bd3f725b4b52adb31fc6d,"v2 -> main impl
old impl -> v3",2018-09-17 04:31:50+00:00,RENAME,127.0,302.0,,,2017-05-19T05:06:32Z
next_batch.py,stochastic_mini_batch,philipperemy/deep-speaker,columns_and_datatype_not_explicitly_set,1,/home/gilberto-1/github/wrapper_code_smile/output_analysis/1735158796.965824/philipperemydeep-speaker_analysis/3f5383f9740a66096cee7fec99c1390f21b500e6/input/modified/next_batch.py,57,3f5383f9740a66096cee7fec99c1390f21b500e6,modified,2017-07-03 06:45:23+00:00,work in progress,constants.py|librispeech_wav_reader.py|next_batch.py,27.0,0.0,0.0,0.0,0.0,2017-05-19T05:06:32Z,302.0,other,,,/home/gilberto-1/github/wrapper_code_smile/output_analysis/1735158796.965824/philipperemydeep-speaker_analysis/3f5383f9740a66096cee7fec99c1390f21b500e6/input/modified/next_batch.py,57,e66704f998764422a05e4a6dffd05af0072c3902,work in progress,2017-07-03 06:49:25+00:00,MODIFY,28.0,302.0,,,2017-05-19T05:06:32Z
mcfly/tutorial_pamap2.py,fetch_and_preprocess,NLeSC/mcfly,columns_and_datatype_not_explicitly_set,1,/home/gilberto-1/github/wrapper_code_smile/output_analysis/1735243578.6335516/NLeSCmcfly_analysis/a2fd74270ad44ec9ead4b0f5861bebf24b2bed72/input/added/mcfly/tutorial_pamap2.py,67,a2fd74270ad44ec9ead4b0f5861bebf24b2bed72,added,2016-09-01 14:17:37+00:00,"tutorial progress, fetching and loading data moved to function",tutorial_pamap2.py|Tutorial mcfly on PAMAP2.ipynb,163.0,0.0,0.0,0.0,1.0,2016-05-19T13:09:26Z,591.0,refactoring,902c00fccc03160a8fcd15b268571f0e273114cb,2017-02-08T15:40:26Z,/home/gilberto-1/github/wrapper_code_smile/output_analysis/1735243578.6335516/NLeSCmcfly_analysis/8bbed5f5cebd7cf46615a4c0fbda248ccbba85b2/input/modified/mcfly/tutorial_pamap2.py,193,9e4b6405c2166db6ef399b7e5fa3b262b1968593,fixed bug in tests and created seperate preprocess fucntion,2016-09-07 13:47:40+00:00,MODIFY,196.0,591.0,902c00fccc03160a8fcd15b268571f0e273114cb,2017-02-08T15:40:26Z,2016-05-19T13:09:26Z
mcfly/tutorial_pamap2.py,fetch_and_preprocess,NLeSC/mcfly,columns_and_datatype_not_explicitly_set,1,/home/gilberto-1/github/wrapper_code_smile/output_analysis/1735243578.6335516/NLeSCmcfly_analysis/a2fd74270ad44ec9ead4b0f5861bebf24b2bed72/input/added/mcfly/tutorial_pamap2.py,67,a2fd74270ad44ec9ead4b0f5861bebf24b2bed72,added,2016-09-01 14:17:37+00:00,"tutorial progress, fetching and loading data moved to function",tutorial_pamap2.py|Tutorial mcfly on PAMAP2.ipynb,163.0,0.0,0.0,0.0,1.0,2016-05-19T13:09:26Z,591.0,refactoring,902c00fccc03160a8fcd15b268571f0e273114cb,2017-02-08T15:40:26Z,/home/gilberto-1/github/wrapper_code_smile/output_analysis/1735243578.6335516/NLeSCmcfly_analysis/de247606cdd784f5f1801eb4f2f74008e9ddfd85/input/modified/mcfly/tutorial_pamap2.py,302,36fdba332d2ee149cca537a71cfa1562c6787e99,Moved tutorial code to its own package,2017-02-08 12:38:47+00:00,RENAME,325.0,591.0,902c00fccc03160a8fcd15b268571f0e273114cb,2017-02-08T15:40:26Z,2016-05-19T13:09:26Z
mcfly/tutorial_pamap2.py,preprocess,NLeSC/mcfly,columns_and_datatype_not_explicitly_set,1,/home/gilberto-1/github/wrapper_code_smile/output_analysis/1735243578.6335516/NLeSCmcfly_analysis/9e4b6405c2166db6ef399b7e5fa3b262b1968593/input/modified/mcfly/tutorial_pamap2.py,176,9e4b6405c2166db6ef399b7e5fa3b262b1968593,modified,2016-09-07 13:47:40+00:00,fixed bug in tests and created seperate preprocess fucntion,tutorial_pamap2.py|test_tutorial_pamap2.py,196.0,1.0,1.0,0.0,0.0,2016-05-19T13:09:26Z,591.0,bug_fixing,902c00fccc03160a8fcd15b268571f0e273114cb,2017-02-08T15:40:26Z,/home/gilberto-1/github/wrapper_code_smile/output_analysis/1735243578.6335516/NLeSCmcfly_analysis/de247606cdd784f5f1801eb4f2f74008e9ddfd85/input/modified/mcfly/tutorial_pamap2.py,302,36fdba332d2ee149cca537a71cfa1562c6787e99,Moved tutorial code to its own package,2017-02-08 12:38:47+00:00,RENAME,325.0,591.0,902c00fccc03160a8fcd15b268571f0e273114cb,2017-02-08T15:40:26Z,2016-05-19T13:09:26Z
melusine/config/config.py,load_name_file,MAIF/melusine,columns_and_datatype_not_explicitly_set,1,/home/gilberto-1/github/wrapper_code_smile/output_analysis/1735243578.6335516/MAIFmelusine_analysis/9bdaccc8d9129e34d53322953a6d1562230a19f0/input/modified/melusine/config/config.py,148,9bdaccc8d9129e34d53322953a6d1562230a19f0,modified,2019-04-15 13:37:25+00:00,Handle name list with a file. Possibility to have custom name file,usage.rst|config.py|names.csv|names.csv|tutorial11_name_file.ipynb,74.0,0.0,0.0,0.0,0.0,2019-02-18T14:11:41Z,320.0,other,ce7cf39adc0e51128307d5f1d1758d45dc70f34f,2022-06-29T08:06:19Z,/home/gilberto-1/github/wrapper_code_smile/output_analysis/1735243578.6335516/MAIFmelusine_analysis/95d3e34523128001ff2939a77669edd58a29465e/input/modified/melusine/config/config.py,150,328623255a9dc6e97d9d18a2cf958be9a297337d,Update config loading,2021-09-07 12:07:19+00:00,MODIFY,470.0,320.0,ce7cf39adc0e51128307d5f1d1758d45dc70f34f,2022-06-29T08:06:19Z,2019-02-18T14:11:41Z
melusine/data/dashboard_app.py,discrimination,MAIF/melusine,columns_and_datatype_not_explicitly_set,2,/home/gilberto-1/github/wrapper_code_smile/output_analysis/1735243578.6335516/MAIFmelusine_analysis/0723dae57ea09254033da410393f54bb67b558d8/input/added/melusine/data/dashboard_app.py,151,0723dae57ea09254033da410393f54bb67b558d8,added,2020-04-16 16:38:46+00:00,Generate new nn_model files to work with previous modification of NeuralModel class and add dashboard part,dashboard_app.py|nn_model.json|nn_model.pickle|nn_model_model_weights.h5|tutorial07_models.ipynb,253.0,1.0,0.0,1.0,0.0,2019-02-18T14:11:41Z,320.0,enhancement,ce7cf39adc0e51128307d5f1d1758d45dc70f34f,2022-06-29T08:06:19Z,/home/gilberto-1/github/wrapper_code_smile/output_analysis/1735243578.6335516/MAIFmelusine_analysis/40bf1dfc206110b5cd819add245af37701384cab/input/modified/melusine/data/dashboard_app.py,83,11b02e6c62211c6e039a0df59180b9994160097d,Add pickle data files,2021-12-24 15:16:08+00:00,MODIFY,554.0,320.0,ce7cf39adc0e51128307d5f1d1758d45dc70f34f,2022-06-29T08:06:19Z,2019-02-18T14:11:41Z
melusine/data/dashboard_app.py,exploration,MAIF/melusine,columns_and_datatype_not_explicitly_set,2,/home/gilberto-1/github/wrapper_code_smile/output_analysis/1735243578.6335516/MAIFmelusine_analysis/0723dae57ea09254033da410393f54bb67b558d8/input/added/melusine/data/dashboard_app.py,73,0723dae57ea09254033da410393f54bb67b558d8,added,2020-04-16 16:38:46+00:00,Generate new nn_model files to work with previous modification of NeuralModel class and add dashboard part,dashboard_app.py|nn_model.json|nn_model.pickle|nn_model_model_weights.h5|tutorial07_models.ipynb,253.0,1.0,0.0,1.0,0.0,2019-02-18T14:11:41Z,320.0,enhancement,ce7cf39adc0e51128307d5f1d1758d45dc70f34f,2022-06-29T08:06:19Z,/home/gilberto-1/github/wrapper_code_smile/output_analysis/1735243578.6335516/MAIFmelusine_analysis/40bf1dfc206110b5cd819add245af37701384cab/input/modified/melusine/data/dashboard_app.py,83,11b02e6c62211c6e039a0df59180b9994160097d,Add pickle data files,2021-12-24 15:16:08+00:00,MODIFY,554.0,320.0,ce7cf39adc0e51128307d5f1d1758d45dc70f34f,2022-06-29T08:06:19Z,2019-02-18T14:11:41Z
melusine/config/config.py,load_name_file,MAIF/melusine,columns_and_datatype_not_explicitly_set,1,/home/gilberto-1/github/wrapper_code_smile/output_analysis/1735243578.6335516/MAIFmelusine_analysis/54cce674026faf2daae6742bbcf6710e388a0590/input/modified/melusine/config/config.py,150,54cce674026faf2daae6742bbcf6710e388a0590,modified,2020-06-19 14:40:38+00:00,:art: PEP8 for Melusine,AUTHORS.rst|LICENSE|__init__.py|config.py|dashboard_app.py|modeler_semantic.py|embedding.py|tokenizer.py|build_historic.py|cleaning.py|compute_complexity.py|mail_segmenting.py|manage_transfer_reply.py|metadata_engineering.py|keywords_generator.py|multiprocessing.py|printer.py|streamer.py|transformer_scheduler.py|tox.ini,310.0,0.0,0.0,0.0,0.0,2019-02-18T14:11:41Z,320.0,other,ce7cf39adc0e51128307d5f1d1758d45dc70f34f,2022-06-29T08:06:19Z,/home/gilberto-1/github/wrapper_code_smile/output_analysis/1735243578.6335516/MAIFmelusine_analysis/95d3e34523128001ff2939a77669edd58a29465e/input/modified/melusine/config/config.py,150,328623255a9dc6e97d9d18a2cf958be9a297337d,Update config loading,2021-09-07 12:07:19+00:00,MODIFY,470.0,320.0,ce7cf39adc0e51128307d5f1d1758d45dc70f34f,2022-06-29T08:06:19Z,2019-02-18T14:11:41Z
melusine/data/dashboard_app.py,discrimination,MAIF/melusine,columns_and_datatype_not_explicitly_set,2,/home/gilberto-1/github/wrapper_code_smile/output_analysis/1735243578.6335516/MAIFmelusine_analysis/4cc3a9e85174f8dd17200c76eeada12705735828/input/modified/melusine/data/dashboard_app.py,153,4cc3a9e85174f8dd17200c76eeada12705735828,modified,2020-07-13 08:45:39+00:00,PEP8,conf.py|__init__.py|config.py|dashboard_app.py|data_loader.py|attention_model.py|modeler_semantic.py|neural_architectures.py|train.py|embedding.py|phraser.py|tokenizer.py|body_header_extraction.py|build_historic.py|cleaning.py|compute_complexity.py|mail_segmenting.py|manage_transfer_reply.py|metadata_engineering.py|keywords_generator.py|multiprocessing.py|printer.py|streamer.py|transformer_scheduler.py|setup.py|test_classification.py|test_tokenizer.py|test_body_header_extraction.py|test_build_historic.py|test_cleaning.py|test_mail_segmenting.py|test_manage_transfer_reply.py|tox.ini|tutorial02_transformerscheduler.ipynb|tutorial03_prepare_email.ipynb|tutorial04_nlp_tools.ipynb|tutorial09_full_pipeline_quick.ipynb|tutorial10_conf_file.ipynb|tutorial11_name_file.ipynb|tutorial12_semantic_analysis.ipynb|tutorial13_attention_models.ipynb,325.0,0.0,0.0,0.0,0.0,2019-02-18T14:11:41Z,320.0,other,ce7cf39adc0e51128307d5f1d1758d45dc70f34f,2022-06-29T08:06:19Z,/home/gilberto-1/github/wrapper_code_smile/output_analysis/1735243578.6335516/MAIFmelusine_analysis/40bf1dfc206110b5cd819add245af37701384cab/input/modified/melusine/data/dashboard_app.py,83,11b02e6c62211c6e039a0df59180b9994160097d,Add pickle data files,2021-12-24 15:16:08+00:00,MODIFY,554.0,320.0,ce7cf39adc0e51128307d5f1d1758d45dc70f34f,2022-06-29T08:06:19Z,2019-02-18T14:11:41Z
melusine/data/dashboard_app.py,exploration,MAIF/melusine,columns_and_datatype_not_explicitly_set,2,/home/gilberto-1/github/wrapper_code_smile/output_analysis/1735243578.6335516/MAIFmelusine_analysis/4cc3a9e85174f8dd17200c76eeada12705735828/input/modified/melusine/data/dashboard_app.py,67,4cc3a9e85174f8dd17200c76eeada12705735828,modified,2020-07-13 08:45:39+00:00,PEP8,conf.py|__init__.py|config.py|dashboard_app.py|data_loader.py|attention_model.py|modeler_semantic.py|neural_architectures.py|train.py|embedding.py|phraser.py|tokenizer.py|body_header_extraction.py|build_historic.py|cleaning.py|compute_complexity.py|mail_segmenting.py|manage_transfer_reply.py|metadata_engineering.py|keywords_generator.py|multiprocessing.py|printer.py|streamer.py|transformer_scheduler.py|setup.py|test_classification.py|test_tokenizer.py|test_body_header_extraction.py|test_build_historic.py|test_cleaning.py|test_mail_segmenting.py|test_manage_transfer_reply.py|tox.ini|tutorial02_transformerscheduler.ipynb|tutorial03_prepare_email.ipynb|tutorial04_nlp_tools.ipynb|tutorial09_full_pipeline_quick.ipynb|tutorial10_conf_file.ipynb|tutorial11_name_file.ipynb|tutorial12_semantic_analysis.ipynb|tutorial13_attention_models.ipynb,325.0,0.0,0.0,0.0,0.0,2019-02-18T14:11:41Z,320.0,other,ce7cf39adc0e51128307d5f1d1758d45dc70f34f,2022-06-29T08:06:19Z,/home/gilberto-1/github/wrapper_code_smile/output_analysis/1735243578.6335516/MAIFmelusine_analysis/40bf1dfc206110b5cd819add245af37701384cab/input/modified/melusine/data/dashboard_app.py,83,11b02e6c62211c6e039a0df59180b9994160097d,Add pickle data files,2021-12-24 15:16:08+00:00,MODIFY,554.0,320.0,ce7cf39adc0e51128307d5f1d1758d45dc70f34f,2022-06-29T08:06:19Z,2019-02-18T14:11:41Z
melusine/config/config.py,load_name_file,MAIF/melusine,columns_and_datatype_not_explicitly_set,1,/home/gilberto-1/github/wrapper_code_smile/output_analysis/1735243578.6335516/MAIFmelusine_analysis/4cc3a9e85174f8dd17200c76eeada12705735828/input/modified/melusine/config/config.py,152,4cc3a9e85174f8dd17200c76eeada12705735828,modified,2020-07-13 08:45:39+00:00,PEP8,conf.py|__init__.py|config.py|dashboard_app.py|data_loader.py|attention_model.py|modeler_semantic.py|neural_architectures.py|train.py|embedding.py|phraser.py|tokenizer.py|body_header_extraction.py|build_historic.py|cleaning.py|compute_complexity.py|mail_segmenting.py|manage_transfer_reply.py|metadata_engineering.py|keywords_generator.py|multiprocessing.py|printer.py|streamer.py|transformer_scheduler.py|setup.py|test_classification.py|test_tokenizer.py|test_body_header_extraction.py|test_build_historic.py|test_cleaning.py|test_mail_segmenting.py|test_manage_transfer_reply.py|tox.ini|tutorial02_transformerscheduler.ipynb|tutorial03_prepare_email.ipynb|tutorial04_nlp_tools.ipynb|tutorial09_full_pipeline_quick.ipynb|tutorial10_conf_file.ipynb|tutorial11_name_file.ipynb|tutorial12_semantic_analysis.ipynb|tutorial13_attention_models.ipynb,325.0,0.0,0.0,0.0,0.0,2019-02-18T14:11:41Z,320.0,other,ce7cf39adc0e51128307d5f1d1758d45dc70f34f,2022-06-29T08:06:19Z,/home/gilberto-1/github/wrapper_code_smile/output_analysis/1735243578.6335516/MAIFmelusine_analysis/95d3e34523128001ff2939a77669edd58a29465e/input/modified/melusine/config/config.py,150,328623255a9dc6e97d9d18a2cf958be9a297337d,Update config loading,2021-09-07 12:07:19+00:00,MODIFY,470.0,320.0,ce7cf39adc0e51128307d5f1d1758d45dc70f34f,2022-06-29T08:06:19Z,2019-02-18T14:11:41Z
melusine/prepare_email/metadata_engineering.py,fit,MAIF/melusine,in_place_apis_misused,1,/home/gilberto-1/github/wrapper_code_smile/output_analysis/1735243578.6335516/MAIFmelusine_analysis/c4bc2b4e94253211cd44f55d4695cffdf112c6c1/input/modified/melusine/prepare_email/metadata_engineering.py,40,c4bc2b4e94253211cd44f55d4695cffdf112c6c1,modified,2021-07-22 07:44:59+00:00,Update MetaDate for custom date parsing,metadata_engineering.py,459.0,0.0,0.0,1.0,0.0,2019-02-18T14:11:41Z,320.0,enhancement,ce7cf39adc0e51128307d5f1d1758d45dc70f34f,2022-06-29T08:06:19Z,/home/gilberto-1/github/wrapper_code_smile/output_analysis/1735243578.6335516/MAIFmelusine_analysis/c4bc2b4e94253211cd44f55d4695cffdf112c6c1/input/modified/melusine/prepare_email/metadata_engineering.py,40,204c50902a8760854b63bc0dfe0227d8dc758664,Revert metadata engineering modifications,2021-09-02 07:16:26+00:00,MODIFY,462.0,320.0,ce7cf39adc0e51128307d5f1d1758d45dc70f34f,2022-06-29T08:06:19Z,2019-02-18T14:11:41Z
model.py,get_df_from_metric_json,AICoE/prometheus-anomaly-detector,columns_and_datatype_not_explicitly_set,1,/home/gilberto-1/github/wrapper_code_smile/output_analysis/1735158796.965824/AICoEprometheus-anomaly-detector_analysis/5dac82f0d43a83b1745b2fe6368f2d1629f4d455/input/added/model.py,60,5dac82f0d43a83b1745b2fe6368f2d1629f4d455,added,2019-05-15 19:42:20+00:00,Initial commit,Makefile|Pipfile|Pipfile.lock|app.py|configuration.py|metric.py|model.py,2.0,0.0,0.0,0.0,0.0,2019-05-15T19:10:22Z,135.0,other,,,/home/gilberto-1/github/wrapper_code_smile/output_analysis/1735158796.965824/AICoEprometheus-anomaly-detector_analysis/ef4cd1f2282e28886c291be3067f914509c780fd/input/modified/model.py,60,22d066bbed58a59cb98bcbf34adc9f4164eb9244,"Remove unused functions/variables (#8)

* Update model.py

Remove unused variables

Removing the unused function

* Update model_fourier.py

Remove unused function

Remove unused variables",2019-05-21 18:51:05+00:00,MODIFY,11.0,135.0,,,2019-05-15T19:10:22Z
ml-dash-server/ml_dash/schema/files/series.py,get_series,geyang/ml_logger,Chain_Indexing,1,/home/gilberto-1/github/wrapper_code_smile/output_analysis/1735158796.965824/geyangml_logger_analysis/546f97ac09f5a0b6ad02085d8248fb45d70bd7a8/input/modified/ml-dash-server/ml_dash/schema/files/series.py,144,546f97ac09f5a0b6ad02085d8248fb45d70bd7a8,modified,2019-03-05 03:04:58+00:00,add working experiment dash and server,grommet|package.json|github-markdown.css|index.html|monaco-editor-worker-loader-proxy.js|schema.graphql|LineChart.js|chart-theme.js|data-helpers.js|index.js|index.js|ChartGrid.js|ExperimentDash.js|index.js|navbar.js|yarn.lock|__init__.py|directories.py|__init__.py|file_helpers.py|metrics.py|series.py|README.md|dashboard design doc.md|__init__.py|create_experiments.py|test_ml_dash.py|server.py,198.0,1.0,0.0,0.0,0.0,2018-04-21T07:27:55Z,531.0,new_feature,,,/home/gilberto-1/github/wrapper_code_smile/output_analysis/1735158796.965824/geyangml_logger_analysis/e0f04ca6a510d83fee590c8d49158a1296c149fe/input/modified/ml-dash-server/ml_dash/schema/files/series.py,147,34b7c59f2b2d0e2c1df43ee1b4adc048e44de45d,fix qCut error,2019-05-05 08:08:26+00:00,MODIFY,372.0,531.0,,,2018-04-21T07:27:55Z
ml-dash-server/ml_dash/schema/files/series.py,get_series,geyang/ml_logger,in_place_apis_misused,1,/home/gilberto-1/github/wrapper_code_smile/output_analysis/1735158796.965824/geyangml_logger_analysis/ddc49a83b3eb6410fbea925df1c08b03f5fcdbea/input/modified/ml-dash-server/ml_dash/schema/files/series.py,211,ddc49a83b3eb6410fbea925df1c08b03f5fcdbea,modified,2019-03-10 00:04:50+00:00,handle malformed data,LineChart.js|ExperimentDash.js|ParamsTable.js|README.md|VERSION|file_events.py|series.py,204.0,0.0,0.0,0.0,1.0,2018-04-21T07:27:55Z,531.0,refactoring,,,/home/gilberto-1/github/wrapper_code_smile/output_analysis/1735158796.965824/geyangml_logger_analysis/a40abdaed4e9949a7cd791d53710051e7a305a33/input/modified/ml-dash-server/ml_dash/schema/files/series.py,211,25aff14cf101ac4db06be02e65d845c54fc38c84,sort_values is in-place,2019-03-26 01:32:21+00:00,MODIFY,220.0,531.0,,,2018-04-21T07:27:55Z
ml_logger/helpers.py,load_pickle_as_dataframe,geyang/ml_logger,columns_and_datatype_not_explicitly_set,1,/home/gilberto-1/github/wrapper_code_smile/output_analysis/1735158796.965824/geyangml_logger_analysis/9b2731ffc0d2f4686d1271f03ef80f25d132bf25/input/added/ml_logger/helpers.py,13,9b2731ffc0d2f4686d1271f03ef80f25d132bf25,added,2018-07-11 23:58:28+00:00,Add vis_server,VERSION|.gitignore|README.md|package-lock.json|package.json|favicon.ico|index.html|manifest.json|App.css|App.js|App.test.js|FileList.js|LineChartConfidence.js|PlotContainer.js|SearchBox.js|highlight.js|data-helpers.js|index.css|index.js|logo.svg|index.js|registerServiceWorker.js|yarn.lock|__init__.py|helpers.py|server.py|.yarn-integrity|.gitignore|.npmignore|LICENSE|README.md|browser.js|index-ts.spec.ts|index.d.ts|index.js|index.spec.js|jslint.conf|package.json|tsconfig.json|LICENSE|README.md|index.js|package.json|.babelrc|CHANGELOG.md|README.md|async_fn.js|delay.js|effect_test.js|finally.js|generator_example.js|multi-cast.js|multiple_subscription.js|next.js|promise_generator.js|yield_vs_return.js|karma.conf.js|package.json|Saga.ts|effectsHelpers.ts|interfaces.ts|isEffect.ts|generator.spec.ts|helpers.ts|index.spec.ts|index.ts|interfaces.ts|StoreService.ts|provideStore.ts|saga.effects.spec.ts|saga.simple.spec.ts|saga.store.spec.ts|sagaConnect.ts|Sym.ts|isAction.ts|isArray.ts|isCallback.ts|isFunction.ts|isGenerator.ts|isIterator.ts|isNull.ts|isPromise.ts|isUndefined.ts|lodash.isplainobject.d.ts|tsconfig.json|tslint.json|typings.json|webpack.config.js|README.md|karma.conf.js|package.json|Store.scheduling.spec.ts|Store.spec.ts|Store.subscription.spec.ts|Store.ts|createStore.ts|index.spec.ts|index.ts|interfaces.ts|StoreService.ts|provideStore.ts|combineReducers.ts|isAction.ts|tsconfig.json|tslint.json|typings.json|webpack.config.js|AsyncSubject.d.ts|AsyncSubject.js|AsyncSubject.js.map|BehaviorSubject.d.ts|BehaviorSubject.js|BehaviorSubject.js.map|InnerSubscriber.d.ts|InnerSubscriber.js|InnerSubscriber.js.map|LICENSE.txt|Notification.d.ts|Notification.js|Notification.js.map|Observable.d.ts|Observable.js|Observable.js.map|Observer.d.ts|Observer.js|Observer.js.map|Operator.d.ts|Operator.js|Operator.js.map|OuterSubscriber.d.ts|OuterSubscriber.js|OuterSubscriber.js.map|README.md|ReplaySubject.d.ts|ReplaySubject.js|ReplaySubject.js.map|Rx.d.ts|Rx.js|Rx.js.map|Scheduler.d.ts|Scheduler.js|Scheduler.js.map|Subject.d.ts|Subject.js|Subject.js.map|SubjectSubscription.d.ts|SubjectSubscription.js|SubjectSubscription.js.map|Subscriber.d.ts|Subscriber.js|Subscriber.js.map|Subscription.d.ts|Subscription.js|Subscription.js.map|LICENSE.txt|README.md|index.js|index.js.map|index.js|index.js.map|index.js|index.js.map|AsyncSubject.js|AsyncSubject.js.map|BehaviorSubject.js|BehaviorSubject.js.map|InnerSubscriber.js|InnerSubscriber.js.map|Notification.js|Notification.js.map|Observable.js|Observable.js.map|Observer.js|Observer.js.map|Operator.js|Operator.js.map|OuterSubscriber.js|OuterSubscriber.js.map|ReplaySubject.js|ReplaySubject.js.map|Rx.js|Rx.js.map|Scheduler.js|Scheduler.js.map|Subject.js|Subject.js.map|SubjectSubscription.js|SubjectSubscription.js.map|Subscriber.js|Subscriber.js.map|Subscription.js|Subscription.js.map|config.js|config.js.map|ConnectableObservable.js|ConnectableObservable.js.map|SubscribeOnObservable.js|SubscribeOnObservable.js.map|bindCallback.js|bindCallback.js.map|bindNodeCallback.js|bindNodeCallback.js.map|combineLatest.js|combineLatest.js.map|concat.js|concat.js.map|defer.js|defer.js.map|AjaxObservable.js|AjaxObservable.js.map|WebSocketSubject.js|WebSocketSubject.js.map|ajax.js|ajax.js.map|webSocket.js|webSocket.js.map|empty.js|empty.js.map|forkJoin.js|forkJoin.js.map|from.js|from.js.map|fromArray.js|fromArray.js.map|fromEvent.js|fromEvent.js.map|fromEventPattern.js|fromEventPattern.js.map|fromIterable.js|fromIterable.js.map|fromObservable.js|fromObservable.js.map|fromPromise.js|fromPromise.js.map|generate.js|generate.js.map|iif.js|iif.js.map|interval.js|interval.js.map|merge.js|merge.js.map|never.js|never.js.map|of.js|of.js.map|onErrorResumeNext.js|onErrorResumeNext.js.map|pairs.js|pairs.js.map|race.js|race.js.map|range.js|range.js.map|scalar.js|scalar.js.map|throwError.js|throwError.js.map|timer.js|timer.js.map|using.js|using.js.map|zip.js|zip.js.map|audit.js|audit.js.map|auditTime.js|auditTime.js.map|buffer.js|buffer.js.map|bufferCount.js|bufferCount.js.map|bufferTime.js|bufferTime.js.map|bufferToggle.js|bufferToggle.js.map|bufferWhen.js|bufferWhen.js.map|catchError.js|catchError.js.map|combineAll.js|combineAll.js.map|combineLatest.js|combineLatest.js.map|concat.js|concat.js.map|concatAll.js|concatAll.js.map|concatMap.js|concatMap.js.map|concatMapTo.js|concatMapTo.js.map|count.js|count.js.map|debounce.js|debounce.js.map|debounceTime.js|debounceTime.js.map|defaultIfEmpty.js|defaultIfEmpty.js.map|delay.js|delay.js.map|delayWhen.js|delayWhen.js.map|dematerialize.js|dematerialize.js.map|distinct.js|distinct.js.map|distinctUntilChanged.js|distinctUntilChanged.js.map|distinctUntilKeyChanged.js|distinctUntilKeyChanged.js.map|elementAt.js|elementAt.js.map|endWith.js|endWith.js.map|every.js|every.js.map|exhaust.js|exhaust.js.map|exhaustMap.js|exhaustMap.js.map|expand.js|expand.js.map|filter.js|filter.js.map|finalize.js|finalize.js.map|find.js|find.js.map|findIndex.js|findIndex.js.map|first.js|first.js.map|groupBy.js|groupBy.js.map|ignoreElements.js|ignoreElements.js.map|index.js|index.js.map|isEmpty.js|isEmpty.js.map|last.js|last.js.map|map.js|map.js.map|mapTo.js|mapTo.js.map|materialize.js|materialize.js.map|max.js|max.js.map|merge.js|merge.js.map|mergeAll.js|mergeAll.js.map|mergeMap.js|mergeMap.js.map|mergeMapTo.js|mergeMapTo.js.map|mergeScan.js|mergeScan.js.map|min.js|min.js.map|multicast.js|multicast.js.map|observeOn.js|observeOn.js.map|onErrorResumeNext.js|onErrorResumeNext.js.map|pairwise.js|pairwise.js.map|partition.js|partition.js.map|pluck.js|pluck.js.map|publish.js|publish.js.map|publishBehavior.js|publishBehavior.js.map|publishLast.js|publishLast.js.map|publishReplay.js|publishReplay.js.map|race.js|race.js.map|reduce.js|reduce.js.map|refCount.js|refCount.js.map|repeat.js|repeat.js.map|repeatWhen.js|repeatWhen.js.map|retry.js|retry.js.map|retryWhen.js|retryWhen.js.map|sample.js|sample.js.map|sampleTime.js|sampleTime.js.map|scan.js|scan.js.map|sequenceEqual.js|sequenceEqual.js.map|share.js|share.js.map|shareReplay.js|shareReplay.js.map|single.js|single.js.map|skip.js|skip.js.map|skipLast.js|skipLast.js.map|skipUntil.js|skipUntil.js.map|skipWhile.js|skipWhile.js.map|startWith.js|startWith.js.map|subscribeOn.js|subscribeOn.js.map|switchAll.js|switchAll.js.map|switchMap.js|switchMap.js.map|switchMapTo.js|switchMapTo.js.map|take.js|take.js.map|takeLast.js|takeLast.js.map|takeUntil.js|takeUntil.js.map|takeWhile.js|takeWhile.js.map|tap.js|tap.js.map|throttle.js|throttle.js.map|throttleTime.js|throttleTime.js.map|throwIfEmpty.js|throwIfEmpty.js.map|timeInterval.js|timeInterval.js.map|timeout.js|timeout.js.map|timeoutWith.js|timeoutWith.js.map|timestamp.js|timestamp.js.map|toArray.js|toArray.js.map|window.js|window.js.map|windowCount.js|windowCount.js.map|windowTime.js|windowTime.js.map|windowToggle.js|windowToggle.js.map|windowWhen.js|windowWhen.js.map|withLatestFrom.js|withLatestFrom.js.map|zip.js|zip.js.map|zipAll.js|zipAll.js.map|Action.js|Action.js.map|AnimationFrameAction.js|AnimationFrameAction.js.map|AnimationFrameScheduler.js|AnimationFrameScheduler.js.map|AsapAction.js|AsapAction.js.map|AsapScheduler.js|AsapScheduler.js.map|AsyncAction.js|AsyncAction.js.map|AsyncScheduler.js|AsyncScheduler.js.map|QueueAction.js|QueueAction.js.map|QueueScheduler.js|QueueScheduler.js.map|VirtualTimeScheduler.js|VirtualTimeScheduler.js.map|animationFrame.js|animationFrame.js.map|asap.js|asap.js.map|async.js|async.js.map|queue.js|queue.js.map|iterator.js|iterator.js.map|observable.js|observable.js.map|rxSubscriber.js|rxSubscriber.js.map|ColdObservable.js|ColdObservable.js.map|HotObservable.js|HotObservable.js.map|SubscriptionLog.js|SubscriptionLog.js.map|SubscriptionLoggable.js|SubscriptionLoggable.js.map|TestMessage.js|TestMessage.js.map|TestScheduler.js|TestScheduler.js.map|types.js|types.js.map|ArgumentOutOfRangeError.js|ArgumentOutOfRangeError.js.map|EmptyError.js|EmptyError.js.map|Immediate.js|Immediate.js.map|ObjectUnsubscribedError.js|ObjectUnsubscribedError.js.map|TimeoutError.js|TimeoutError.js.map|UnsubscriptionError.js|UnsubscriptionError.js.map|applyMixins.js|applyMixins.js.map|errorObject.js|errorObject.js.map|hostReportError.js|hostReportError.js.map|identity.js|identity.js.map|isArray.js|isArray.js.map|isArrayLike.js|isArrayLike.js.map|isDate.js|isDate.js.map|isFunction.js|isFunction.js.map|isInteropObservable.js|isInteropObservable.js.map|isIterable.js|isIterable.js.map|isNumeric.js|isNumeric.js.map|isObject.js|isObject.js.map|isObservable.js|isObservable.js.map|isPromise.js|isPromise.js.map|isScheduler.js|isScheduler.js.map|noop.js|noop.js.map|not.js|not.js.map|pipe.js|pipe.js.map|root.js|root.js.map|subscribeTo.js|subscribeTo.js.map|subscribeToArray.js|subscribeToArray.js.map|subscribeToIterable.js|subscribeToIterable.js.map|subscribeToObservable.js|subscribeToObservable.js.map|subscribeToPromise.js|subscribeToPromise.js.map|subscribeToResult.js|subscribeToResult.js.map|toSubscriber.js|toSubscriber.js.map|tryCatch.js|tryCatch.js.map|index.js|index.js.map|path-mapping.js|index.js|index.js.map|index.js|index.js.map|LICENSE.txt|README.md|index.js|index.js.map|index.js|index.js.map|index.js|index.js.map|AsyncSubject.js|AsyncSubject.js.map|BehaviorSubject.js|BehaviorSubject.js.map|InnerSubscriber.js|InnerSubscriber.js.map|Notification.js|Notification.js.map|Observable.js|Observable.js.map|Observer.js|Observer.js.map|Operator.js|Operator.js.map|OuterSubscriber.js|OuterSubscriber.js.map|ReplaySubject.js|ReplaySubject.js.map|Rx.js|Rx.js.map|Scheduler.js|Scheduler.js.map|Subject.js|Subject.js.map|SubjectSubscription.js|SubjectSubscription.js.map|Subscriber.js|Subscriber.js.map|Subscription.js|Subscription.js.map|config.js|config.js.map|ConnectableObservable.js|ConnectableObservable.js.map|SubscribeOnObservable.js|SubscribeOnObservable.js.map|bindCallback.js|bindCallback.js.map|bindNodeCallback.js|bindNodeCallback.js.map|combineLatest.js|combineLatest.js.map|concat.js|concat.js.map|defer.js|defer.js.map|AjaxObservable.js|AjaxObservable.js.map|WebSocketSubject.js|WebSocketSubject.js.map|ajax.js|ajax.js.map|webSocket.js|webSocket.js.map|empty.js|empty.js.map|forkJoin.js|forkJoin.js.map|from.js|from.js.map|fromArray.js|fromArray.js.map|fromEvent.js|fromEvent.js.map|fromEventPattern.js|fromEventPattern.js.map|fromIterable.js|fromIterable.js.map|fromObservable.js|fromObservable.js.map|fromPromise.js|fromPromise.js.map|generate.js|generate.js.map|iif.js|iif.js.map|interval.js|interval.js.map|merge.js|merge.js.map|never.js|never.js.map|of.js|of.js.map|onErrorResumeNext.js|onErrorResumeNext.js.map|pairs.js|pairs.js.map|race.js|race.js.map|range.js|range.js.map|scalar.js|scalar.js.map|throwError.js|throwError.js.map|timer.js|timer.js.map|using.js|using.js.map|zip.js|zip.js.map|audit.js|audit.js.map|auditTime.js|auditTime.js.map|buffer.js|buffer.js.map|bufferCount.js|bufferCount.js.map|bufferTime.js|bufferTime.js.map|bufferToggle.js|bufferToggle.js.map|bufferWhen.js|bufferWhen.js.map|catchError.js|catchError.js.map|combineAll.js|combineAll.js.map|combineLatest.js|combineLatest.js.map|concat.js|concat.js.map|concatAll.js|concatAll.js.map|concatMap.js|concatMap.js.map|concatMapTo.js|concatMapTo.js.map|count.js|count.js.map|debounce.js|debounce.js.map|debounceTime.js|debounceTime.js.map|defaultIfEmpty.js|defaultIfEmpty.js.map|delay.js|delay.js.map|delayWhen.js|delayWhen.js.map|dematerialize.js|dematerialize.js.map|distinct.js|distinct.js.map|distinctUntilChanged.js|distinctUntilChanged.js.map|distinctUntilKeyChanged.js|distinctUntilKeyChanged.js.map|elementAt.js|elementAt.js.map|endWith.js|endWith.js.map|every.js|every.js.map|exhaust.js|exhaust.js.map|exhaustMap.js|exhaustMap.js.map|expand.js|expand.js.map|filter.js|filter.js.map|finalize.js|finalize.js.map|find.js|find.js.map|findIndex.js|findIndex.js.map|first.js|first.js.map|groupBy.js|groupBy.js.map|ignoreElements.js|ignoreElements.js.map|index.js|index.js.map|isEmpty.js|isEmpty.js.map|last.js|last.js.map|map.js|map.js.map|mapTo.js|mapTo.js.map|materialize.js|materialize.js.map|max.js|max.js.map|merge.js|merge.js.map|mergeAll.js|mergeAll.js.map|mergeMap.js|mergeMap.js.map|mergeMapTo.js|mergeMapTo.js.map|mergeScan.js|mergeScan.js.map|min.js|min.js.map|multicast.js|multicast.js.map|observeOn.js|observeOn.js.map|onErrorResumeNext.js|onErrorResumeNext.js.map|pairwise.js|pairwise.js.map|partition.js|partition.js.map|pluck.js|pluck.js.map|publish.js|publish.js.map|publishBehavior.js|publishBehavior.js.map|publishLast.js|publishLast.js.map|publishReplay.js|publishReplay.js.map|race.js|race.js.map|reduce.js|reduce.js.map|refCount.js|refCount.js.map|repeat.js|repeat.js.map|repeatWhen.js|repeatWhen.js.map|retry.js|retry.js.map|retryWhen.js|retryWhen.js.map|sample.js|sample.js.map|sampleTime.js|sampleTime.js.map|scan.js|scan.js.map|sequenceEqual.js|sequenceEqual.js.map|share.js|share.js.map|shareReplay.js|shareReplay.js.map|single.js|single.js.map|skip.js|skip.js.map|skipLast.js|skipLast.js.map|skipUntil.js|skipUntil.js.map|skipWhile.js|skipWhile.js.map|startWith.js|startWith.js.map|subscribeOn.js|subscribeOn.js.map|switchAll.js|switchAll.js.map|switchMap.js|switchMap.js.map|switchMapTo.js|switchMapTo.js.map|take.js|take.js.map|takeLast.js|takeLast.js.map|takeUntil.js|takeUntil.js.map|takeWhile.js|takeWhile.js.map|tap.js|tap.js.map|throttle.js|throttle.js.map|throttleTime.js|throttleTime.js.map|throwIfEmpty.js|throwIfEmpty.js.map|timeInterval.js|timeInterval.js.map|timeout.js|timeout.js.map|timeoutWith.js|timeoutWith.js.map|timestamp.js|timestamp.js.map|toArray.js|toArray.js.map|window.js|window.js.map|windowCount.js|windowCount.js.map|windowTime.js|windowTime.js.map|windowToggle.js|windowToggle.js.map|windowWhen.js|windowWhen.js.map|withLatestFrom.js|withLatestFrom.js.map|zip.js|zip.js.map|zipAll.js|zipAll.js.map|Action.js|Action.js.map|AnimationFrameAction.js|AnimationFrameAction.js.map|AnimationFrameScheduler.js|AnimationFrameScheduler.js.map|AsapAction.js|AsapAction.js.map|AsapScheduler.js|AsapScheduler.js.map|AsyncAction.js|AsyncAction.js.map|AsyncScheduler.js|AsyncScheduler.js.map|QueueAction.js|QueueAction.js.map|QueueScheduler.js|QueueScheduler.js.map|VirtualTimeScheduler.js|VirtualTimeScheduler.js.map|animationFrame.js|animationFrame.js.map|asap.js|asap.js.map|async.js|async.js.map|queue.js|queue.js.map|iterator.js|iterator.js.map|observable.js|observable.js.map|rxSubscriber.js|rxSubscriber.js.map|ColdObservable.js|ColdObservable.js.map|HotObservable.js|HotObservable.js.map|SubscriptionLog.js|SubscriptionLog.js.map|SubscriptionLoggable.js|SubscriptionLoggable.js.map|TestMessage.js|TestMessage.js.map|TestScheduler.js|TestScheduler.js.map|types.js|types.js.map|ArgumentOutOfRangeError.js|ArgumentOutOfRangeError.js.map|EmptyError.js|EmptyError.js.map|Immediate.js|Immediate.js.map|ObjectUnsubscribedError.js|ObjectUnsubscribedError.js.map|TimeoutError.js|TimeoutError.js.map|UnsubscriptionError.js|UnsubscriptionError.js.map|applyMixins.js|applyMixins.js.map|errorObject.js|errorObject.js.map|hostReportError.js|hostReportError.js.map|identity.js|identity.js.map|isArray.js|isArray.js.map|isArrayLike.js|isArrayLike.js.map|isDate.js|isDate.js.map|isFunction.js|isFunction.js.map|isInteropObservable.js|isInteropObservable.js.map|isIterable.js|isIterable.js.map|isNumeric.js|isNumeric.js.map|isObject.js|isObject.js.map|isObservable.js|isObservable.js.map|isPromise.js|isPromise.js.map|isScheduler.js|isScheduler.js.map|noop.js|noop.js.map|not.js|not.js.map|pipe.js|pipe.js.map|root.js|root.js.map|subscribeTo.js|subscribeTo.js.map|subscribeToArray.js|subscribeToArray.js.map|subscribeToIterable.js|subscribeToIterable.js.map|subscribeToObservable.js|subscribeToObservable.js.map|subscribeToPromise.js|subscribeToPromise.js.map|subscribeToResult.js|subscribeToResult.js.map|toSubscriber.js|toSubscriber.js.map|tryCatch.js|tryCatch.js.map|index.js|index.js.map|path-mapping.js|index.js|index.js.map|index.js|index.js.map|bindCallback.d.ts|bindCallback.js|bindCallback.js.map|bindNodeCallback.d.ts|bindNodeCallback.js|bindNodeCallback.js.map|combineLatest.d.ts|combineLatest.js|combineLatest.js.map|concat.d.ts|concat.js|concat.js.map|defer.d.ts|defer.js|defer.js.map|ajax.d.ts|ajax.js|ajax.js.map|webSocket.d.ts|webSocket.js|webSocket.js.map|empty.d.ts|empty.js|empty.js.map|forkJoin.d.ts|forkJoin.js|forkJoin.js.map|from.d.ts|from.js|from.js.map|fromEvent.d.ts|fromEvent.js|fromEvent.js.map|fromEventPattern.d.ts|fromEventPattern.js|fromEventPattern.js.map|fromPromise.d.ts|fromPromise.js|fromPromise.js.map|generate.d.ts|generate.js|generate.js.map|if.d.ts|if.js|if.js.map|interval.d.ts|interval.js|interval.js.map|merge.d.ts|merge.js|merge.js.map|never.d.ts|never.js|never.js.map|of.d.ts|of.js|of.js.map|onErrorResumeNext.d.ts|onErrorResumeNext.js|onErrorResumeNext.js.map|pairs.d.ts|pairs.js|pairs.js.map|race.d.ts|race.js|race.js.map|range.d.ts|range.js|range.js.map|throw.d.ts|throw.js|throw.js.map|timer.d.ts|timer.js|timer.js.map|using.d.ts|using.js|using.js.map|zip.d.ts|zip.js|zip.js.map|audit.d.ts|audit.js|audit.js.map|auditTime.d.ts|auditTime.js|auditTime.js.map|buffer.d.ts|buffer.js|buffer.js.map|bufferCount.d.ts|bufferCount.js|bufferCount.js.map|bufferTime.d.ts|bufferTime.js|bufferTime.js.map|bufferToggle.d.ts|bufferToggle.js|bufferToggle.js.map|bufferWhen.d.ts|bufferWhen.js|bufferWhen.js.map|catch.d.ts|catch.js|catch.js.map|combineAll.d.ts|combineAll.js|combineAll.js.map|combineLatest.d.ts|combineLatest.js|combineLatest.js.map|concat.d.ts|concat.js|concat.js.map|concatAll.d.ts|concatAll.js|concatAll.js.map|concatMap.d.ts|concatMap.js|concatMap.js.map|concatMapTo.d.ts|concatMapTo.js|concatMapTo.js.map|count.d.ts|count.js|count.js.map|debounce.d.ts|debounce.js|debounce.js.map|debounceTime.d.ts|debounceTime.js|debounceTime.js.map|defaultIfEmpty.d.ts|defaultIfEmpty.js|defaultIfEmpty.js.map|delay.d.ts|delay.js|delay.js.map|delayWhen.d.ts|delayWhen.js|delayWhen.js.map|dematerialize.d.ts|dematerialize.js|dematerialize.js.map|distinct.d.ts|distinct.js|distinct.js.map|distinctUntilChanged.d.ts|distinctUntilChanged.js|distinctUntilChanged.js.map|distinctUntilKeyChanged.d.ts|distinctUntilKeyChanged.js|distinctUntilKeyChanged.js.map|do.d.ts|do.js|do.js.map|elementAt.d.ts|elementAt.js|elementAt.js.map|every.d.ts|every.js|every.js.map|exhaust.d.ts|exhaust.js|exhaust.js.map|exhaustMap.d.ts|exhaustMap.js|exhaustMap.js.map|expand.d.ts|expand.js|expand.js.map|filter.d.ts|filter.js|filter.js.map|finally.d.ts|finally.js|finally.js.map|find.d.ts|find.js|find.js.map|findIndex.d.ts|findIndex.js|findIndex.js.map|first.d.ts|first.js|first.js.map|groupBy.d.ts|groupBy.js|groupBy.js.map|ignoreElements.d.ts|ignoreElements.js|ignoreElements.js.map|isEmpty.d.ts|isEmpty.js|isEmpty.js.map|last.d.ts|last.js|last.js.map|let.d.ts|let.js|let.js.map|map.d.ts|map.js|map.js.map|mapTo.d.ts|mapTo.js|mapTo.js.map|materialize.d.ts|materialize.js|materialize.js.map|max.d.ts|max.js|max.js.map|merge.d.ts|merge.js|merge.js.map|mergeAll.d.ts|mergeAll.js|mergeAll.js.map|mergeMap.d.ts|mergeMap.js|mergeMap.js.map|mergeMapTo.d.ts|mergeMapTo.js|mergeMapTo.js.map|mergeScan.d.ts|mergeScan.js|mergeScan.js.map|min.d.ts|min.js|min.js.map|multicast.d.ts|multicast.js|multicast.js.map|observeOn.d.ts|observeOn.js|observeOn.js.map|onErrorResumeNext.d.ts|onErrorResumeNext.js|onErrorResumeNext.js.map|pairwise.d.ts|pairwise.js|pairwise.js.map|partition.d.ts|partition.js|partition.js.map|pluck.d.ts|pluck.js|pluck.js.map|publish.d.ts|publish.js|publish.js.map|publishBehavior.d.ts|publishBehavior.js|publishBehavior.js.map|publishLast.d.ts|publishLast.js|publishLast.js.map|publishReplay.d.ts|publishReplay.js|publishReplay.js.map|race.d.ts|race.js|race.js.map|reduce.d.ts|reduce.js|reduce.js.map|repeat.d.ts|repeat.js|repeat.js.map|repeatWhen.d.ts|repeatWhen.js|repeatWhen.js.map|retry.d.ts|retry.js|retry.js.map|retryWhen.d.ts|retryWhen.js|retryWhen.js.map|sample.d.ts|sample.js|sample.js.map|sampleTime.d.ts|sampleTime.js|sampleTime.js.map|scan.d.ts|scan.js|scan.js.map|sequenceEqual.d.ts|sequenceEqual.js|sequenceEqual.js.map|share.d.ts|share.js|share.js.map|shareReplay.d.ts|shareReplay.js|shareReplay.js.map|single.d.ts|single.js|single.js.map|skip.d.ts|skip.js|skip.js.map|skipLast.d.ts|skipLast.js|skipLast.js.map|skipUntil.d.ts|skipUntil.js|skipUntil.js.map|skipWhile.d.ts|skipWhile.js|skipWhile.js.map|startWith.d.ts|startWith.js|startWith.js.map|subscribeOn.d.ts|subscribeOn.js|subscribeOn.js.map|switch.d.ts|switch.js|switch.js.map|switchMap.d.ts|switchMap.js|switchMap.js.map|switchMapTo.d.ts|switchMapTo.js|switchMapTo.js.map|take.d.ts|take.js|take.js.map|takeLast.d.ts|takeLast.js|takeLast.js.map|takeUntil.d.ts|takeUntil.js|takeUntil.js.map|takeWhile.d.ts|takeWhile.js|takeWhile.js.map|throttle.d.ts|throttle.js|throttle.js.map|throttleTime.d.ts|throttleTime.js|throttleTime.js.map|timeInterval.d.ts|timeInterval.js|timeInterval.js.map|timeout.d.ts|timeout.js|timeout.js.map|timeoutWith.d.ts|timeoutWith.js|timeoutWith.js.map|timestamp.d.ts|timestamp.js|timestamp.js.map|toArray.d.ts|toArray.js|toArray.js.map|toPromise.d.ts|toPromise.js|toPromise.js.map|window.d.ts|window.js|window.js.map|windowCount.d.ts|windowCount.js|windowCount.js.map|windowTime.d.ts|windowTime.js|windowTime.js.map|windowToggle.d.ts|windowToggle.js|windowToggle.js.map|windowWhen.d.ts|windowWhen.js|windowWhen.js.map|withLatestFrom.d.ts|withLatestFrom.js|withLatestFrom.js.map|zip.d.ts|zip.js|zip.js.map|zipAll.d.ts|zipAll.js|zipAll.js.map|index.d.ts|index.js|index.js.map|package.json|rxjs.umd.js|rxjs.umd.js.map|rxjs.umd.min.js|rxjs.umd.min.js.map|index.d.ts|index.js|index.js.map|interfaces.d.ts|interfaces.js|interfaces.js.map|index.d.ts|index.js|index.js.map|package.json|AsyncSubject.d.ts|AsyncSubject.js|AsyncSubject.js.map|BehaviorSubject.d.ts|BehaviorSubject.js|BehaviorSubject.js.map|InnerSubscriber.d.ts|InnerSubscriber.js|InnerSubscriber.js.map|Notification.d.ts|Notification.js|Notification.js.map|Observable.d.ts|Observable.js|Observable.js.map|Observer.d.ts|Observer.js|Observer.js.map|Operator.d.ts|Operator.js|Operator.js.map|OuterSubscriber.d.ts|OuterSubscriber.js|OuterSubscriber.js.map|ReplaySubject.d.ts|ReplaySubject.js|ReplaySubject.js.map|Rx.d.ts|Rx.js|Rx.js.map|Scheduler.d.ts|Scheduler.js|Scheduler.js.map|Subject.d.ts|Subject.js|Subject.js.map|SubjectSubscription.d.ts|SubjectSubscription.js|SubjectSubscription.js.map|Subscriber.d.ts|Subscriber.js|Subscriber.js.map|Subscription.d.ts|Subscription.js|Subscription.js.map|config.d.ts|config.js|config.js.map|ConnectableObservable.d.ts|ConnectableObservable.js|ConnectableObservable.js.map|SubscribeOnObservable.d.ts|SubscribeOnObservable.js|SubscribeOnObservable.js.map|bindCallback.d.ts|bindCallback.js|bindCallback.js.map|bindNodeCallback.d.ts|bindNodeCallback.js|bindNodeCallback.js.map|combineLatest.d.ts|combineLatest.js|combineLatest.js.map|concat.d.ts|concat.js|concat.js.map|defer.d.ts|defer.js|defer.js.map|AjaxObservable.d.ts|AjaxObservable.js|AjaxObservable.js.map|WebSocketSubject.d.ts|WebSocketSubject.js|WebSocketSubject.js.map|ajax.d.ts|ajax.js|ajax.js.map|webSocket.d.ts|webSocket.js|webSocket.js.map|empty.d.ts|empty.js|empty.js.map|forkJoin.d.ts|forkJoin.js|forkJoin.js.map|from.d.ts|from.js|from.js.map|fromArray.d.ts|fromArray.js|fromArray.js.map|fromEvent.d.ts|fromEvent.js|fromEvent.js.map|fromEventPattern.d.ts|fromEventPattern.js|fromEventPattern.js.map|fromIterable.d.ts|fromIterable.js|fromIterable.js.map|fromObservable.d.ts|fromObservable.js|fromObservable.js.map|fromPromise.d.ts|fromPromise.js|fromPromise.js.map|generate.d.ts|generate.js|generate.js.map|iif.d.ts|iif.js|iif.js.map|interval.d.ts|interval.js|interval.js.map|merge.d.ts|merge.js|merge.js.map|never.d.ts|never.js|never.js.map|of.d.ts|of.js|of.js.map|onErrorResumeNext.d.ts|onErrorResumeNext.js|onErrorResumeNext.js.map|pairs.d.ts|pairs.js|pairs.js.map|race.d.ts|race.js|race.js.map|range.d.ts|range.js|range.js.map|scalar.d.ts|scalar.js|scalar.js.map|throwError.d.ts|throwError.js|throwError.js.map|timer.d.ts|timer.js|timer.js.map|using.d.ts|using.js|using.js.map|zip.d.ts|zip.js|zip.js.map|audit.d.ts|audit.js|audit.js.map|auditTime.d.ts|auditTime.js|auditTime.js.map|buffer.d.ts|buffer.js|buffer.js.map|bufferCount.d.ts|bufferCount.js|bufferCount.js.map|bufferTime.d.ts|bufferTime.js|bufferTime.js.map|bufferToggle.d.ts|bufferToggle.js|bufferToggle.js.map|bufferWhen.d.ts|bufferWhen.js|bufferWhen.js.map|catchError.d.ts|catchError.js|catchError.js.map|combineAll.d.ts|combineAll.js|combineAll.js.map|combineLatest.d.ts|combineLatest.js|combineLatest.js.map|concat.d.ts|concat.js|concat.js.map|concatAll.d.ts|concatAll.js|concatAll.js.map|concatMap.d.ts|concatMap.js|concatMap.js.map|concatMapTo.d.ts|concatMapTo.js|concatMapTo.js.map|count.d.ts|count.js|count.js.map|debounce.d.ts|debounce.js|debounce.js.map|debounceTime.d.ts|debounceTime.js|debounceTime.js.map|defaultIfEmpty.d.ts|defaultIfEmpty.js|defaultIfEmpty.js.map|delay.d.ts|delay.js|delay.js.map|delayWhen.d.ts|delayWhen.js|delayWhen.js.map|dematerialize.d.ts|dematerialize.js|dematerialize.js.map|distinct.d.ts|distinct.js|distinct.js.map|distinctUntilChanged.d.ts|distinctUntilChanged.js|distinctUntilChanged.js.map|distinctUntilKeyChanged.d.ts|distinctUntilKeyChanged.js|distinctUntilKeyChanged.js.map|elementAt.d.ts|elementAt.js|elementAt.js.map|endWith.d.ts|endWith.js|endWith.js.map|every.d.ts|every.js|every.js.map|exhaust.d.ts|exhaust.js|exhaust.js.map|exhaustMap.d.ts|exhaustMap.js|exhaustMap.js.map|expand.d.ts|expand.js|expand.js.map|filter.d.ts|filter.js|filter.js.map|finalize.d.ts|finalize.js|finalize.js.map|find.d.ts|find.js|find.js.map|findIndex.d.ts|findIndex.js|findIndex.js.map|first.d.ts|first.js|first.js.map|groupBy.d.ts|groupBy.js|groupBy.js.map|ignoreElements.d.ts|ignoreElements.js|ignoreElements.js.map|index.d.ts|index.js|index.js.map|isEmpty.d.ts|isEmpty.js|isEmpty.js.map|last.d.ts|last.js|last.js.map|map.d.ts|map.js|map.js.map|mapTo.d.ts|mapTo.js|mapTo.js.map|materialize.d.ts|materialize.js|materialize.js.map|max.d.ts|max.js|max.js.map|merge.d.ts|merge.js|merge.js.map|mergeAll.d.ts|mergeAll.js|mergeAll.js.map|mergeMap.d.ts|mergeMap.js|mergeMap.js.map|mergeMapTo.d.ts|mergeMapTo.js|mergeMapTo.js.map|mergeScan.d.ts|mergeScan.js|mergeScan.js.map|min.d.ts|min.js|min.js.map|multicast.d.ts|multicast.js|multicast.js.map|observeOn.d.ts|observeOn.js|observeOn.js.map|onErrorResumeNext.d.ts|onErrorResumeNext.js|onErrorResumeNext.js.map|pairwise.d.ts|pairwise.js|pairwise.js.map|partition.d.ts|partition.js|partition.js.map|pluck.d.ts|pluck.js|pluck.js.map|publish.d.ts|publish.js|publish.js.map|publishBehavior.d.ts|publishBehavior.js|publishBehavior.js.map|publishLast.d.ts|publishLast.js|publishLast.js.map|publishReplay.d.ts|publishReplay.js|publishReplay.js.map|race.d.ts|race.js|race.js.map|reduce.d.ts|reduce.js|reduce.js.map|refCount.d.ts|refCount.js|refCount.js.map|repeat.d.ts|repeat.js|repeat.js.map|repeatWhen.d.ts|repeatWhen.js|repeatWhen.js.map|retry.d.ts|retry.js|retry.js.map|retryWhen.d.ts|retryWhen.js|retryWhen.js.map|sample.d.ts|sample.js|sample.js.map|sampleTime.d.ts|sampleTime.js|sampleTime.js.map|scan.d.ts|scan.js|scan.js.map|sequenceEqual.d.ts|sequenceEqual.js|sequenceEqual.js.map|share.d.ts|share.js|share.js.map|shareReplay.d.ts|shareReplay.js|shareReplay.js.map|single.d.ts|single.js|single.js.map|skip.d.ts|skip.js|skip.js.map|skipLast.d.ts|skipLast.js|skipLast.js.map|skipUntil.d.ts|skipUntil.js|skipUntil.js.map|skipWhile.d.ts|skipWhile.js|skipWhile.js.map|startWith.d.ts|startWith.js|startWith.js.map|subscribeOn.d.ts|subscribeOn.js|subscribeOn.js.map|switchAll.d.ts|switchAll.js|switchAll.js.map|switchMap.d.ts|switchMap.js|switchMap.js.map|switchMapTo.d.ts|switchMapTo.js|switchMapTo.js.map|take.d.ts|take.js|take.js.map|takeLast.d.ts|takeLast.js|takeLast.js.map|takeUntil.d.ts|takeUntil.js|takeUntil.js.map|takeWhile.d.ts|takeWhile.js|takeWhile.js.map|tap.d.ts|tap.js|tap.js.map|throttle.d.ts|throttle.js|throttle.js.map|throttleTime.d.ts|throttleTime.js|throttleTime.js.map|throwIfEmpty.d.ts|throwIfEmpty.js|throwIfEmpty.js.map|timeInterval.d.ts|timeInterval.js|timeInterval.js.map|timeout.d.ts|timeout.js|timeout.js.map|timeoutWith.d.ts|timeoutWith.js|timeoutWith.js.map|timestamp.d.ts|timestamp.js|timestamp.js.map|toArray.d.ts|toArray.js|toArray.js.map|window.d.ts|window.js|window.js.map|windowCount.d.ts|windowCount.js|windowCount.js.map|windowTime.d.ts|windowTime.js|windowTime.js.map|windowToggle.d.ts|windowToggle.js|windowToggle.js.map|windowWhen.d.ts|windowWhen.js|windowWhen.js.map|withLatestFrom.d.ts|withLatestFrom.js|withLatestFrom.js.map|zip.d.ts|zip.js|zip.js.map|zipAll.d.ts|zipAll.js|zipAll.js.map|Action.d.ts|Action.js|Action.js.map|AnimationFrameAction.d.ts|AnimationFrameAction.js|AnimationFrameAction.js.map|AnimationFrameScheduler.d.ts|AnimationFrameScheduler.js|AnimationFrameScheduler.js.map|AsapAction.d.ts|AsapAction.js|AsapAction.js.map|AsapScheduler.d.ts|AsapScheduler.js|AsapScheduler.js.map|AsyncAction.d.ts|AsyncAction.js|AsyncAction.js.map|AsyncScheduler.d.ts|AsyncScheduler.js|AsyncScheduler.js.map|QueueAction.d.ts|QueueAction.js|QueueAction.js.map|QueueScheduler.d.ts|QueueScheduler.js|QueueScheduler.js.map|VirtualTimeScheduler.d.ts|VirtualTimeScheduler.js|VirtualTimeScheduler.js.map|animationFrame.d.ts|animationFrame.js|animationFrame.js.map|asap.d.ts|asap.js|asap.js.map|async.d.ts|async.js|async.js.map|queue.d.ts|queue.js|queue.js.map|iterator.d.ts|iterator.js|iterator.js.map|observable.d.ts|observable.js|observable.js.map|rxSubscriber.d.ts|rxSubscriber.js|rxSubscriber.js.map|ColdObservable.d.ts|ColdObservable.js|ColdObservable.js.map|HotObservable.d.ts|HotObservable.js|HotObservable.js.map|SubscriptionLog.d.ts|SubscriptionLog.js|SubscriptionLog.js.map|SubscriptionLoggable.d.ts|SubscriptionLoggable.js|SubscriptionLoggable.js.map|TestMessage.d.ts|TestMessage.js|TestMessage.js.map|TestScheduler.d.ts|TestScheduler.js|TestScheduler.js.map|types.d.ts|types.js|types.js.map|ArgumentOutOfRangeError.d.ts|ArgumentOutOfRangeError.js|ArgumentOutOfRangeError.js.map|EmptyError.d.ts|EmptyError.js|EmptyError.js.map|Immediate.d.ts|Immediate.js|Immediate.js.map|ObjectUnsubscribedError.d.ts|ObjectUnsubscribedError.js|ObjectUnsubscribedError.js.map|TimeoutError.d.ts|TimeoutError.js|TimeoutError.js.map|UnsubscriptionError.d.ts|UnsubscriptionError.js|UnsubscriptionError.js.map|applyMixins.d.ts|applyMixins.js|applyMixins.js.map|errorObject.d.ts|errorObject.js|errorObject.js.map|hostReportError.d.ts|hostReportError.js|hostReportError.js.map|identity.d.ts|identity.js|identity.js.map|isArray.d.ts|isArray.js|isArray.js.map|isArrayLike.d.ts|isArrayLike.js|isArrayLike.js.map|isDate.d.ts|isDate.js|isDate.js.map|isFunction.d.ts|isFunction.js|isFunction.js.map|isInteropObservable.d.ts|isInteropObservable.js|isInteropObservable.js.map|isIterable.d.ts|isIterable.js|isIterable.js.map|isNumeric.d.ts|isNumeric.js|isNumeric.js.map|isObject.d.ts|isObject.js|isObject.js.map|isObservable.d.ts|isObservable.js|isObservable.js.map|isPromise.d.ts|isPromise.js|isPromise.js.map|isScheduler.d.ts|isScheduler.js|isScheduler.js.map|noop.d.ts|noop.js|noop.js.map|not.d.ts|not.js|not.js.map|pipe.d.ts|pipe.js|pipe.js.map|root.d.ts|root.js|root.js.map|subscribeTo.d.ts|subscribeTo.js|subscribeTo.js.map|subscribeToArray.d.ts|subscribeToArray.js|subscribeToArray.js.map|subscribeToIterable.d.ts|subscribeToIterable.js|subscribeToIterable.js.map|subscribeToObservable.d.ts|subscribeToObservable.js|subscribeToObservable.js.map|subscribeToPromise.d.ts|subscribeToPromise.js|subscribeToPromise.js.map|subscribeToResult.d.ts|subscribeToResult.js|subscribeToResult.js.map|toSubscriber.d.ts|toSubscriber.js|toSubscriber.js.map|tryCatch.d.ts|tryCatch.js|tryCatch.js.map|collection.json|index.js|index.js.map|ArrayLikeObservable.d.ts|ArrayLikeObservable.js|ArrayLikeObservable.js.map|ArrayObservable.d.ts|ArrayObservable.js|ArrayObservable.js.map|BoundCallbackObservable.d.ts|BoundCallbackObservable.js|BoundCallbackObservable.js.map|BoundNodeCallbackObservable.d.ts|BoundNodeCallbackObservable.js|BoundNodeCallbackObservable.js.map|ConnectableObservable.d.ts|ConnectableObservable.js|ConnectableObservable.js.map|DeferObservable.d.ts|DeferObservable.js|DeferObservable.js.map|EmptyObservable.d.ts|EmptyObservable.js|EmptyObservable.js.map|ErrorObservable.d.ts|ErrorObservable.js|ErrorObservable.js.map|ForkJoinObservable.d.ts|ForkJoinObservable.js|ForkJoinObservable.js.map|FromEventObservable.d.ts|FromEventObservable.js|FromEventObservable.js.map|FromEventPatternObservable.d.ts|FromEventPatternObservable.js|FromEventPatternObservable.js.map|FromObservable.d.ts|FromObservable.js|FromObservable.js.map|GenerateObservable.d.ts|GenerateObservable.js|GenerateObservable.js.map|IfObservable.d.ts|IfObservable.js|IfObservable.js.map|IntervalObservable.d.ts|IntervalObservable.js|IntervalObservable.js.map|IteratorObservable.d.ts|IteratorObservable.js|IteratorObservable.js.map|NeverObservable.d.ts|NeverObservable.js|NeverObservable.js.map|PairsObservable.d.ts|PairsObservable.js|PairsObservable.js.map|PromiseObservable.d.ts|PromiseObservable.js|PromiseObservable.js.map|RangeObservable.d.ts|RangeObservable.js|RangeObservable.js.map|ScalarObservable.d.ts|ScalarObservable.js|ScalarObservable.js.map|SubscribeOnObservable.d.ts|SubscribeOnObservable.js|SubscribeOnObservable.js.map|TimerObservable.d.ts|TimerObservable.js|TimerObservable.js.map|UsingObservable.d.ts|UsingObservable.js|UsingObservable.js.map|bindCallback.d.ts|bindCallback.js|bindCallback.js.map|bindNodeCallback.d.ts|bindNodeCallback.js|bindNodeCallback.js.map|combineLatest.d.ts|combineLatest.js|combineLatest.js.map|concat.d.ts|concat.js|concat.js.map|defer.d.ts|defer.js|defer.js.map|AjaxObservable.d.ts|AjaxObservable.js|AjaxObservable.js.map|WebSocketSubject.d.ts|WebSocketSubject.js|WebSocketSubject.js.map|ajax.d.ts|ajax.js|ajax.js.map|webSocket.d.ts|webSocket.js|webSocket.js.map|empty.d.ts|empty.js|empty.js.map|forkJoin.d.ts|forkJoin.js|forkJoin.js.map|from.d.ts|from.js|from.js.map|fromArray.d.ts|fromArray.js|fromArray.js.map|fromEvent.d.ts|fromEvent.js|fromEvent.js.map|fromEventPattern.d.ts|fromEventPattern.js|fromEventPattern.js.map|fromIterable.d.ts|fromIterable.js|fromIterable.js.map|fromPromise.d.ts|fromPromise.js|fromPromise.js.map|generate.d.ts|generate.js|generate.js.map|if.d.ts|if.js|if.js.map|interval.d.ts|interval.js|interval.js.map|merge.d.ts|merge.js|merge.js.map|never.d.ts|never.js|never.js.map|of.d.ts|of.js|of.js.map|onErrorResumeNext.d.ts|onErrorResumeNext.js|onErrorResumeNext.js.map|pairs.d.ts|pairs.js|pairs.js.map|race.d.ts|race.js|race.js.map|range.d.ts|range.js|range.js.map|throw.d.ts|throw.js|throw.js.map|timer.d.ts|timer.js|timer.js.map|using.d.ts|using.js|using.js.map|zip.d.ts|zip.js|zip.js.map|audit.d.ts|audit.js|audit.js.map|auditTime.d.ts|auditTime.js|auditTime.js.map|buffer.d.ts|buffer.js|buffer.js.map|bufferCount.d.ts|bufferCount.js|bufferCount.js.map|bufferTime.d.ts|bufferTime.js|bufferTime.js.map|bufferToggle.d.ts|bufferToggle.js|bufferToggle.js.map|bufferWhen.d.ts|bufferWhen.js|bufferWhen.js.map|catch.d.ts|catch.js|catch.js.map|combineAll.d.ts|combineAll.js|combineAll.js.map|combineLatest.d.ts|combineLatest.js|combineLatest.js.map|concat.d.ts|concat.js|concat.js.map|concatAll.d.ts|concatAll.js|concatAll.js.map|concatMap.d.ts|concatMap.js|concatMap.js.map|concatMapTo.d.ts|concatMapTo.js|concatMapTo.js.map|count.d.ts|count.js|count.js.map|debounce.d.ts|debounce.js|debounce.js.map|debounceTime.d.ts|debounceTime.js|debounceTime.js.map|defaultIfEmpty.d.ts|defaultIfEmpty.js|defaultIfEmpty.js.map|delay.d.ts|delay.js|delay.js.map|delayWhen.d.ts|delayWhen.js|delayWhen.js.map|dematerialize.d.ts|dematerialize.js|dematerialize.js.map|distinct.d.ts|distinct.js|distinct.js.map|distinctUntilChanged.d.ts|distinctUntilChanged.js|distinctUntilChanged.js.map|distinctUntilKeyChanged.d.ts|distinctUntilKeyChanged.js|distinctUntilKeyChanged.js.map|do.d.ts|do.js|do.js.map|elementAt.d.ts|elementAt.js|elementAt.js.map|every.d.ts|every.js|every.js.map|exhaust.d.ts|exhaust.js|exhaust.js.map|exhaustMap.d.ts|exhaustMap.js|exhaustMap.js.map|expand.d.ts|expand.js|expand.js.map|filter.d.ts|filter.js|filter.js.map|finally.d.ts|finally.js|finally.js.map|find.d.ts|find.js|find.js.map|findIndex.d.ts|findIndex.js|findIndex.js.map|first.d.ts|first.js|first.js.map|groupBy.d.ts|groupBy.js|groupBy.js.map|ignoreElements.d.ts|ignoreElements.js|ignoreElements.js.map|isEmpty.d.ts|isEmpty.js|isEmpty.js.map|last.d.ts|last.js|last.js.map|let.d.ts|let.js|let.js.map|map.d.ts|map.js|map.js.map|mapTo.d.ts|mapTo.js|mapTo.js.map|materialize.d.ts|materialize.js|materialize.js.map|max.d.ts|max.js|max.js.map|merge.d.ts|merge.js|merge.js.map|mergeAll.d.ts|mergeAll.js|mergeAll.js.map|mergeMap.d.ts|mergeMap.js|mergeMap.js.map|mergeMapTo.d.ts|mergeMapTo.js|mergeMapTo.js.map|mergeScan.d.ts|mergeScan.js|mergeScan.js.map|min.d.ts|min.js|min.js.map|multicast.d.ts|multicast.js|multicast.js.map|observeOn.d.ts|observeOn.js|observeOn.js.map|onErrorResumeNext.d.ts|onErrorResumeNext.js|onErrorResumeNext.js.map|pairwise.d.ts|pairwise.js|pairwise.js.map|partition.d.ts|partition.js|partition.js.map|pluck.d.ts|pluck.js|pluck.js.map|publish.d.ts|publish.js|publish.js.map|publishBehavior.d.ts|publishBehavior.js|publishBehavior.js.map|publishLast.d.ts|publishLast.js|publishLast.js.map|publishReplay.d.ts|publishReplay.js|publishReplay.js.map|race.d.ts|race.js|race.js.map|reduce.d.ts|reduce.js|reduce.js.map|repeat.d.ts|repeat.js|repeat.js.map|repeatWhen.d.ts|repeatWhen.js|repeatWhen.js.map|retry.d.ts|retry.js|retry.js.map|retryWhen.d.ts|retryWhen.js|retryWhen.js.map|sample.d.ts|sample.js|sample.js.map|sampleTime.d.ts|sampleTime.js|sampleTime.js.map|scan.d.ts|scan.js|scan.js.map|sequenceEqual.d.ts|sequenceEqual.js|sequenceEqual.js.map|share.d.ts|share.js|share.js.map|shareReplay.d.ts|shareReplay.js|shareReplay.js.map|single.d.ts|single.js|single.js.map|skip.d.ts|skip.js|skip.js.map|skipLast.d.ts|skipLast.js|skipLast.js.map|skipUntil.d.ts|skipUntil.js|skipUntil.js.map|skipWhile.d.ts|skipWhile.js|skipWhile.js.map|startWith.d.ts|startWith.js|startWith.js.map|subscribeOn.d.ts|subscribeOn.js|subscribeOn.js.map|switch.d.ts|switch.js|switch.js.map|switchMap.d.ts|switchMap.js|switchMap.js.map|switchMapTo.d.ts|switchMapTo.js|switchMapTo.js.map|take.d.ts|take.js|take.js.map|takeLast.d.ts|takeLast.js|takeLast.js.map|takeUntil.d.ts|takeUntil.js|takeUntil.js.map|takeWhile.d.ts|takeWhile.js|takeWhile.js.map|throttle.d.ts|throttle.js|throttle.js.map|throttleTime.d.ts|throttleTime.js|throttleTime.js.map|timeInterval.d.ts|timeInterval.js|timeInterval.js.map|timeout.d.ts|timeout.js|timeout.js.map|timeoutWith.d.ts|timeoutWith.js|timeoutWith.js.map|timestamp.d.ts|timestamp.js|timestamp.js.map|toArray.d.ts|toArray.js|toArray.js.map|toPromise.d.ts|toPromise.js|toPromise.js.map|window.d.ts|window.js|window.js.map|windowCount.d.ts|windowCount.js|windowCount.js.map|windowTime.d.ts|windowTime.js|windowTime.js.map|windowToggle.d.ts|windowToggle.js|windowToggle.js.map|windowWhen.d.ts|windowWhen.js|windowWhen.js.map|withLatestFrom.d.ts|withLatestFrom.js|withLatestFrom.js.map|zip.d.ts|zip.js|zip.js.map|zipAll.d.ts|zipAll.js|zipAll.js.map|audit.d.ts|audit.js|audit.js.map|auditTime.d.ts|auditTime.js|auditTime.js.map|buffer.d.ts|buffer.js|buffer.js.map|bufferCount.d.ts|bufferCount.js|bufferCount.js.map|bufferTime.d.ts|bufferTime.js|bufferTime.js.map|bufferToggle.d.ts|bufferToggle.js|bufferToggle.js.map|bufferWhen.d.ts|bufferWhen.js|bufferWhen.js.map|catchError.d.ts|catchError.js|catchError.js.map|combineAll.d.ts|combineAll.js|combineAll.js.map|combineLatest.d.ts|combineLatest.js|combineLatest.js.map|concat.d.ts|concat.js|concat.js.map|concatAll.d.ts|concatAll.js|concatAll.js.map|concatMap.d.ts|concatMap.js|concatMap.js.map|concatMapTo.d.ts|concatMapTo.js|concatMapTo.js.map|count.d.ts|count.js|count.js.map|debounce.d.ts|debounce.js|debounce.js.map|debounceTime.d.ts|debounceTime.js|debounceTime.js.map|defaultIfEmpty.d.ts|defaultIfEmpty.js|defaultIfEmpty.js.map|delay.d.ts|delay.js|delay.js.map|delayWhen.d.ts|delayWhen.js|delayWhen.js.map|dematerialize.d.ts|dematerialize.js|dematerialize.js.map|distinct.d.ts|distinct.js|distinct.js.map|distinctUntilChanged.d.ts|distinctUntilChanged.js|distinctUntilChanged.js.map|distinctUntilKeyChanged.d.ts|distinctUntilKeyChanged.js|distinctUntilKeyChanged.js.map|elementAt.d.ts|elementAt.js|elementAt.js.map|every.d.ts|every.js|every.js.map|exhaust.d.ts|exhaust.js|exhaust.js.map|exhaustMap.d.ts|exhaustMap.js|exhaustMap.js.map|expand.d.ts|expand.js|expand.js.map|filter.d.ts|filter.js|filter.js.map|finalize.d.ts|finalize.js|finalize.js.map|find.d.ts|find.js|find.js.map|findIndex.d.ts|findIndex.js|findIndex.js.map|first.d.ts|first.js|first.js.map|groupBy.d.ts|groupBy.js|groupBy.js.map|ignoreElements.d.ts|ignoreElements.js|ignoreElements.js.map|index.d.ts|index.js|index.js.map|isEmpty.d.ts|isEmpty.js|isEmpty.js.map|last.d.ts|last.js|last.js.map|map.d.ts|map.js|map.js.map|mapTo.d.ts|mapTo.js|mapTo.js.map|materialize.d.ts|materialize.js|materialize.js.map|max.d.ts|max.js|max.js.map|merge.d.ts|merge.js|merge.js.map|mergeAll.d.ts|mergeAll.js|mergeAll.js.map|mergeMap.d.ts|mergeMap.js|mergeMap.js.map|mergeMapTo.d.ts|mergeMapTo.js|mergeMapTo.js.map|mergeScan.d.ts|mergeScan.js|mergeScan.js.map|min.d.ts|min.js|min.js.map|multicast.d.ts|multicast.js|multicast.js.map|observeOn.d.ts|observeOn.js|observeOn.js.map|onErrorResumeNext.d.ts|onErrorResumeNext.js|onErrorResumeNext.js.map|package.json|pairwise.d.ts|pairwise.js|pairwise.js.map|partition.d.ts|partition.js|partition.js.map|pluck.d.ts|pluck.js|pluck.js.map|publish.d.ts|publish.js|publish.js.map|publishBehavior.d.ts|publishBehavior.js|publishBehavior.js.map|publishLast.d.ts|publishLast.js|publishLast.js.map|publishReplay.d.ts|publishReplay.js|publishReplay.js.map|race.d.ts|race.js|race.js.map|reduce.d.ts|reduce.js|reduce.js.map|refCount.d.ts|refCount.js|refCount.js.map|repeat.d.ts|repeat.js|repeat.js.map|repeatWhen.d.ts|repeatWhen.js|repeatWhen.js.map|retry.d.ts|retry.js|retry.js.map|retryWhen.d.ts|retryWhen.js|retryWhen.js.map|sample.d.ts|sample.js|sample.js.map|sampleTime.d.ts|sampleTime.js|sampleTime.js.map|scan.d.ts|scan.js|scan.js.map|sequenceEqual.d.ts|sequenceEqual.js|sequenceEqual.js.map|share.d.ts|share.js|share.js.map|shareReplay.d.ts|shareReplay.js|shareReplay.js.map|single.d.ts|single.js|single.js.map|skip.d.ts|skip.js|skip.js.map|skipLast.d.ts|skipLast.js|skipLast.js.map|skipUntil.d.ts|skipUntil.js|skipUntil.js.map|skipWhile.d.ts|skipWhile.js|skipWhile.js.map|startWith.d.ts|startWith.js|startWith.js.map|subscribeOn.d.ts|subscribeOn.js|subscribeOn.js.map|switchAll.d.ts|switchAll.js|switchAll.js.map|switchMap.d.ts|switchMap.js|switchMap.js.map|switchMapTo.d.ts|switchMapTo.js|switchMapTo.js.map|take.d.ts|take.js|take.js.map|takeLast.d.ts|takeLast.js|takeLast.js.map|takeUntil.d.ts|takeUntil.js|takeUntil.js.map|takeWhile.d.ts|takeWhile.js|takeWhile.js.map|tap.d.ts|tap.js|tap.js.map|throttle.d.ts|throttle.js|throttle.js.map|throttleTime.d.ts|throttleTime.js|throttleTime.js.map|throwIfEmpty.d.ts|throwIfEmpty.js|throwIfEmpty.js.map|timeInterval.d.ts|timeInterval.js|timeInterval.js.map|timeout.d.ts|timeout.js|timeout.js.map|timeoutWith.d.ts|timeoutWith.js|timeoutWith.js.map|timestamp.d.ts|timestamp.js|timestamp.js.map|toArray.d.ts|toArray.js|toArray.js.map|window.d.ts|window.js|window.js.map|windowCount.d.ts|windowCount.js|windowCount.js.map|windowTime.d.ts|windowTime.js|windowTime.js.map|windowToggle.d.ts|windowToggle.js|windowToggle.js.map|windowWhen.d.ts|windowWhen.js|windowWhen.js.map|withLatestFrom.d.ts|withLatestFrom.js|withLatestFrom.js.map|zip.d.ts|zip.js|zip.js.map|zipAll.d.ts|zipAll.js|zipAll.js.map|package.json|animationFrame.d.ts|animationFrame.js|animationFrame.js.map|asap.d.ts|asap.js|asap.js.map|async.d.ts|async.js|async.js.map|queue.d.ts|queue.js|queue.js.map|AsyncSubject.ts|BUILD.bazel|BehaviorSubject.ts|InnerSubscriber.ts|LICENSE.txt|MiscJSDoc.ts|Notification.ts|Observable.ts|Observer.ts|Operator.ts|OuterSubscriber.ts|README.md|ReplaySubject.ts|Rx.global.js|Rx.ts|Scheduler.ts|Subject.ts|SubjectSubscription.ts|Subscriber.ts|Subscription.ts|WORKSPACE|bindCallback.ts|bindNodeCallback.ts|combineLatest.ts|concat.ts|defer.ts|ajax.ts|webSocket.ts|empty.ts|forkJoin.ts|from.ts|fromEvent.ts|fromEventPattern.ts|fromPromise.ts|generate.ts|if.ts|interval.ts|merge.ts|never.ts|of.ts|onErrorResumeNext.ts|pairs.ts|race.ts|range.ts|throw.ts|timer.ts|using.ts|zip.ts|audit.ts|auditTime.ts|buffer.ts|bufferCount.ts|bufferTime.ts|bufferToggle.ts|bufferWhen.ts|catch.ts|combineAll.ts|combineLatest.ts|concat.ts|concatAll.ts|concatMap.ts|concatMapTo.ts|count.ts|debounce.ts|debounceTime.ts|defaultIfEmpty.ts|delay.ts|delayWhen.ts|dematerialize.ts|distinct.ts|distinctUntilChanged.ts|distinctUntilKeyChanged.ts|do.ts|elementAt.ts|every.ts|exhaust.ts|exhaustMap.ts|expand.ts|filter.ts|finally.ts|find.ts|findIndex.ts|first.ts|groupBy.ts|ignoreElements.ts|isEmpty.ts|last.ts|let.ts|map.ts|mapTo.ts|materialize.ts|max.ts|merge.ts|mergeAll.ts|mergeMap.ts|mergeMapTo.ts|mergeScan.ts|min.ts|multicast.ts|observeOn.ts|onErrorResumeNext.ts|pairwise.ts|partition.ts|pluck.ts|publish.ts|publishBehavior.ts|publishLast.ts|publishReplay.ts|race.ts|reduce.ts|repeat.ts|repeatWhen.ts|retry.ts|retryWhen.ts|sample.ts|sampleTime.ts|scan.ts|sequenceEqual.ts|share.ts|shareReplay.ts|single.ts|skip.ts|skipLast.ts|skipUntil.ts|skipWhile.ts|startWith.ts|subscribeOn.ts|switch.ts|switchMap.ts|switchMapTo.ts|take.ts|takeLast.ts|takeUntil.ts|takeWhile.ts|throttle.ts|throttleTime.ts|timeInterval.ts|timeout.ts|timeoutWith.ts|timestamp.ts|toArray.ts|toPromise.ts|window.ts|windowCount.ts|windowTime.ts|windowToggle.ts|windowWhen.ts|withLatestFrom.ts|zip.ts|zipAll.ts|BUILD.bazel|index.ts|package.json|index.ts|interfaces.ts|index.ts|package.json|AsyncSubject.ts|BehaviorSubject.ts|InnerSubscriber.ts|Notification.ts|Observable.ts|Observer.ts|Operator.ts|OuterSubscriber.ts|ReplaySubject.ts|Rx.ts|Scheduler.ts|Subject.ts|SubjectSubscription.ts|Subscriber.ts|Subscription.ts|config.ts|ConnectableObservable.ts|SubscribeOnObservable.ts|bindCallback.ts|bindNodeCallback.ts|combineLatest.ts|concat.ts|defer.ts|AjaxObservable.ts|MiscJSDoc.ts|WebSocketSubject.ts|ajax.ts|webSocket.ts|empty.ts|forkJoin.ts|from.ts|fromArray.ts|fromEvent.ts|fromEventPattern.ts|fromIterable.ts|fromObservable.ts|fromPromise.ts|generate.ts|iif.ts|interval.ts|merge.ts|never.ts|of.ts|onErrorResumeNext.ts|pairs.ts|race.ts|range.ts|scalar.ts|throwError.ts|timer.ts|using.ts|zip.ts|audit.ts|auditTime.ts|buffer.ts|bufferCount.ts|bufferTime.ts|bufferToggle.ts|bufferWhen.ts|catchError.ts|combineAll.ts|combineLatest.ts|concat.ts|concatAll.ts|concatMap.ts|concatMapTo.ts|count.ts|debounce.ts|debounceTime.ts|defaultIfEmpty.ts|delay.ts|delayWhen.ts|dematerialize.ts|distinct.ts|distinctUntilChanged.ts|distinctUntilKeyChanged.ts|elementAt.ts|endWith.ts|every.ts|exhaust.ts|exhaustMap.ts|expand.ts|filter.ts|finalize.ts|find.ts|findIndex.ts|first.ts|groupBy.ts|ignoreElements.ts|index.ts|isEmpty.ts|last.ts|map.ts|mapTo.ts|materialize.ts|max.ts|merge.ts|mergeAll.ts|mergeMap.ts|mergeMapTo.ts|mergeScan.ts|min.ts|multicast.ts|observeOn.ts|onErrorResumeNext.ts|pairwise.ts|partition.ts|pluck.ts|publish.ts|publishBehavior.ts|publishLast.ts|publishReplay.ts|race.ts|reduce.ts|refCount.ts|repeat.ts|repeatWhen.ts|retry.ts|retryWhen.ts|sample.ts|sampleTime.ts|scan.ts|sequenceEqual.ts|share.ts|shareReplay.ts|single.ts|skip.ts|skipLast.ts|skipUntil.ts|skipWhile.ts|startWith.ts|subscribeOn.ts|switchAll.ts|switchMap.ts|switchMapTo.ts|take.ts|takeLast.ts|takeUntil.ts|takeWhile.ts|tap.ts|throttle.ts|throttleTime.ts|throwIfEmpty.ts|timeInterval.ts|timeout.ts|timeoutWith.ts|timestamp.ts|toArray.ts|window.ts|windowCount.ts|windowTime.ts|windowToggle.ts|windowWhen.ts|withLatestFrom.ts|zip.ts|zipAll.ts|Action.ts|AnimationFrameAction.ts|AnimationFrameScheduler.ts|AsapAction.ts|AsapScheduler.ts|AsyncAction.ts|AsyncScheduler.ts|QueueAction.ts|QueueScheduler.ts|VirtualTimeScheduler.ts|animationFrame.ts|asap.ts|async.ts|queue.ts|iterator.ts|observable.ts|rxSubscriber.ts|ColdObservable.ts|HotObservable.ts|SubscriptionLog.ts|SubscriptionLoggable.ts|TestMessage.ts|TestScheduler.ts|types.ts|umd.ts|ArgumentOutOfRangeError.ts|EmptyError.ts|Immediate.ts|ObjectUnsubscribedError.ts|TimeoutError.ts|UnsubscriptionError.ts|applyMixins.ts|errorObject.ts|hostReportError.ts|identity.ts|isArray.ts|isArrayLike.ts|isDate.ts|isFunction.ts|isInteropObservable.ts|isIterable.ts|isNumeric.ts|isObject.ts|isObservable.ts|isPromise.ts|isScheduler.ts|noop.ts|not.ts|pipe.ts|root.ts|subscribeTo.ts|subscribeToArray.ts|subscribeToIterable.ts|subscribeToObservable.ts|subscribeToPromise.ts|subscribeToResult.ts|toSubscriber.ts|tryCatch.ts|ArrayLikeObservable.ts|ArrayObservable.ts|BoundCallbackObservable.ts|BoundNodeCallbackObservable.ts|ConnectableObservable.ts|DeferObservable.ts|EmptyObservable.ts|ErrorObservable.ts|ForkJoinObservable.ts|FromEventObservable.ts|FromEventPatternObservable.ts|FromObservable.ts|GenerateObservable.ts|IfObservable.ts|IntervalObservable.ts|IteratorObservable.ts|NeverObservable.ts|PairsObservable.ts|PromiseObservable.ts|RangeObservable.ts|ScalarObservable.ts|SubscribeOnObservable.ts|TimerObservable.ts|UsingObservable.ts|bindCallback.ts|bindNodeCallback.ts|combineLatest.ts|concat.ts|defer.ts|AjaxObservable.ts|WebSocketSubject.ts|ajax.ts|webSocket.ts|empty.ts|forkJoin.ts|from.ts|fromArray.ts|fromEvent.ts|fromEventPattern.ts|fromIterable.ts|fromPromise.ts|generate.ts|if.ts|interval.ts|merge.ts|never.ts|of.ts|onErrorResumeNext.ts|pairs.ts|race.ts|range.ts|throw.ts|timer.ts|using.ts|zip.ts|audit.ts|auditTime.ts|buffer.ts|bufferCount.ts|bufferTime.ts|bufferToggle.ts|bufferWhen.ts|catch.ts|combineAll.ts|combineLatest.ts|concat.ts|concatAll.ts|concatMap.ts|concatMapTo.ts|count.ts|debounce.ts|debounceTime.ts|defaultIfEmpty.ts|delay.ts|delayWhen.ts|dematerialize.ts|distinct.ts|distinctUntilChanged.ts|distinctUntilKeyChanged.ts|do.ts|elementAt.ts|every.ts|exhaust.ts|exhaustMap.ts|expand.ts|filter.ts|finally.ts|find.ts|findIndex.ts|first.ts|groupBy.ts|ignoreElements.ts|isEmpty.ts|last.ts|let.ts|map.ts|mapTo.ts|materialize.ts|max.ts|merge.ts|mergeAll.ts|mergeMap.ts|mergeMapTo.ts|mergeScan.ts|min.ts|multicast.ts|observeOn.ts|onErrorResumeNext.ts|pairwise.ts|partition.ts|pluck.ts|publish.ts|publishBehavior.ts|publishLast.ts|publishReplay.ts|race.ts|reduce.ts|repeat.ts|repeatWhen.ts|retry.ts|retryWhen.ts|sample.ts|sampleTime.ts|scan.ts|sequenceEqual.ts|share.ts|shareReplay.ts|single.ts|skip.ts|skipLast.ts|skipUntil.ts|skipWhile.ts|startWith.ts|subscribeOn.ts|switch.ts|switchMap.ts|switchMapTo.ts|take.ts|takeLast.ts|takeUntil.ts|takeWhile.ts|throttle.ts|throttleTime.ts|timeInterval.ts|timeout.ts|timeoutWith.ts|timestamp.ts|toArray.ts|toPromise.ts|window.ts|windowCount.ts|windowTime.ts|windowToggle.ts|windowWhen.ts|withLatestFrom.ts|zip.ts|zipAll.ts|BUILD.bazel|audit.ts|auditTime.ts|buffer.ts|bufferCount.ts|bufferTime.ts|bufferToggle.ts|bufferWhen.ts|catchError.ts|combineAll.ts|combineLatest.ts|concat.ts|concatAll.ts|concatMap.ts|concatMapTo.ts|count.ts|debounce.ts|debounceTime.ts|defaultIfEmpty.ts|delay.ts|delayWhen.ts|dematerialize.ts|distinct.ts|distinctUntilChanged.ts|distinctUntilKeyChanged.ts|elementAt.ts|every.ts|exhaust.ts|exhaustMap.ts|expand.ts|filter.ts|finalize.ts|find.ts|findIndex.ts|first.ts|groupBy.ts|ignoreElements.ts|index.ts|isEmpty.ts|last.ts|map.ts|mapTo.ts|materialize.ts|max.ts|merge.ts|mergeAll.ts|mergeMap.ts|mergeMapTo.ts|mergeScan.ts|min.ts|multicast.ts|observeOn.ts|onErrorResumeNext.ts|package.json|pairwise.ts|partition.ts|pluck.ts|publish.ts|publishBehavior.ts|publishLast.ts|publishReplay.ts|race.ts|reduce.ts|refCount.ts|repeat.ts|repeatWhen.ts|retry.ts|retryWhen.ts|sample.ts|sampleTime.ts|scan.ts|sequenceEqual.ts|share.ts|shareReplay.ts|single.ts|skip.ts|skipLast.ts|skipUntil.ts|skipWhile.ts|startWith.ts|subscribeOn.ts|switchAll.ts|switchMap.ts|switchMapTo.ts|take.ts|takeLast.ts|takeUntil.ts|takeWhile.ts|tap.ts|throttle.ts|throttleTime.ts|throwIfEmpty.ts|timeInterval.ts|timeout.ts|timeoutWith.ts|timestamp.ts|toArray.ts|window.ts|windowCount.ts|windowTime.ts|windowToggle.ts|windowWhen.ts|withLatestFrom.ts|zip.ts|zipAll.ts|animationFrame.ts|asap.ts|async.ts|queue.ts|iterator.ts|observable.ts|rxSubscriber.ts|BUILD.bazel|index.ts|package.json|tsconfig.json|ArgumentOutOfRangeError.ts|EmptyError.ts|Immediate.ts|ObjectUnsubscribedError.ts|TimeoutError.ts|UnsubscriptionError.ts|applyMixins.ts|errorObject.ts|hostReportError.ts|identity.ts|isArray.ts|isArrayLike.ts|isDate.ts|isFunction.ts|isIterable.ts|isNumeric.ts|isObject.ts|isObservable.ts|isPromise.ts|isScheduler.ts|noop.ts|not.ts|pipe.ts|root.ts|subscribeTo.ts|subscribeToArray.ts|subscribeToIterable.ts|subscribeToObservable.ts|subscribeToPromise.ts|subscribeToResult.ts|toSubscriber.ts|tryCatch.ts|BUILD.bazel|index.ts|package.json|iterator.d.ts|iterator.js|iterator.js.map|observable.d.ts|observable.js|observable.js.map|rxSubscriber.d.ts|rxSubscriber.js|rxSubscriber.js.map|index.d.ts|index.js|index.js.map|package.json|ArgumentOutOfRangeError.d.ts|ArgumentOutOfRangeError.js|ArgumentOutOfRangeError.js.map|EmptyError.d.ts|EmptyError.js|EmptyError.js.map|Immediate.d.ts|Immediate.js|Immediate.js.map|ObjectUnsubscribedError.d.ts|ObjectUnsubscribedError.js|ObjectUnsubscribedError.js.map|TimeoutError.d.ts|TimeoutError.js|TimeoutError.js.map|UnsubscriptionError.d.ts|UnsubscriptionError.js|UnsubscriptionError.js.map|applyMixins.d.ts|applyMixins.js|applyMixins.js.map|errorObject.d.ts|errorObject.js|errorObject.js.map|hostReportError.d.ts|hostReportError.js|hostReportError.js.map|identity.d.ts|identity.js|identity.js.map|isArray.d.ts|isArray.js|isArray.js.map|isArrayLike.d.ts|isArrayLike.js|isArrayLike.js.map|isDate.d.ts|isDate.js|isDate.js.map|isFunction.d.ts|isFunction.js|isFunction.js.map|isIterable.d.ts|isIterable.js|isIterable.js.map|isNumeric.d.ts|isNumeric.js|isNumeric.js.map|isObject.d.ts|isObject.js|isObject.js.map|isObservable.d.ts|isObservable.js|isObservable.js.map|isPromise.d.ts|isPromise.js|isPromise.js.map|isScheduler.d.ts|isScheduler.js|isScheduler.js.map|noop.d.ts|noop.js|noop.js.map|not.d.ts|not.js|not.js.map|pipe.d.ts|pipe.js|pipe.js.map|root.d.ts|root.js|root.js.map|subscribeTo.d.ts|subscribeTo.js|subscribeTo.js.map|subscribeToArray.d.ts|subscribeToArray.js|subscribeToArray.js.map|subscribeToIterable.d.ts|subscribeToIterable.js|subscribeToIterable.js.map|subscribeToObservable.d.ts|subscribeToObservable.js|subscribeToObservable.js.map|subscribeToPromise.d.ts|subscribeToPromise.js|subscribeToPromise.js.map|subscribeToResult.d.ts|subscribeToResult.js|subscribeToResult.js.map|toSubscriber.d.ts|toSubscriber.js|toSubscriber.js.map|tryCatch.d.ts|tryCatch.js|tryCatch.js.map|index.d.ts|index.js|index.js.map|package.json|LICENSE.txt|package.json|setImmediate.js|.gitattributes|CopyrightNotice.txt|LICENSE.txt|README.md|bower.json|generator.md|package.json|tslib.d.ts|tslib.es6.html|tslib.es6.js|tslib.html|tslib.js|package.json|__init__.py|falcon_server.py|file_watcher_2.py|__init__.py|dashboard.py|server.py|server_sent_events.py|__init__.py|config.py|file_events.py|file_handlers.py|file_watcher.py|main.py|mime_types.py|sse.py|setup.py|__init__.py|config.py|example.py|file_events.py|file_handlers.py|file_watcher.py|main.py|mime_types.py|sse.py|yarn.lock,58.0,1.0,0.0,0.0,0.0,2018-04-21T07:27:55Z,531.0,new_feature,,,/home/gilberto-1/github/wrapper_code_smile/output_analysis/1735158796.965824/geyangml_logger_analysis/f201f345a754211576fd48e77842c35ae518c427/input/modified/ml_logger/helpers.py,37,36d06b12fdd49a0596aa65e524cef38d5b0e1a17,reorganize project into ml_logger + ml_dash.,2018-10-25 03:42:41+00:00,RENAME,139.0,531.0,,,2018-04-21T07:27:55Z
ml_logger/ml_logger/ml_logger.py,get_metrics,geyang/ml_logger,columns_and_datatype_not_explicitly_set,1,/home/gilberto-1/github/wrapper_code_smile/output_analysis/1735158796.965824/geyangml_logger_analysis/32f99f2e713b700e3fecc2b026097ce22d6349b9/input/modified/ml_logger/ml_logger/ml_logger.py,1506,32f99f2e713b700e3fecc2b026097ce22d6349b9,modified,2019-12-17 18:00:58+00:00,"add Logger.__repr__
fix tf test, add all tensor construction under the session",VERSION|summary_cache.py|print_utils.py|ml_logger.py|test_tensorflow_methods.py,497.0,1.0,1.0,0.0,0.0,2018-04-21T07:27:55Z,531.0,new_feature,,,/home/gilberto-1/github/wrapper_code_smile/output_analysis/1735158796.965824/geyangml_logger_analysis/317e6cda2ca2d39b14fc4b32629758fe8b5fc0dc/input/modified/ml_logger/ml_logger/ml_logger.py,1539,121a39c025c738dc71796abc3c924c31cdaa7b4f,import os.path.join as pJoin,2020-03-13 17:56:52+00:00,MODIFY,509.0,531.0,,,2018-04-21T07:27:55Z
mnist4molecules/char_rnn/model.py,sample_smiles,molecularsets/moses,pytorch_call_method_misused,1,/home/gilberto-1/github/wrapper_code_smile/output_analysis/1735243578.6335516/molecularsetsmoses_analysis/b424cb69ac4f71acb83955b80319a6b97ea48439/input/modified/mnist4molecules/char_rnn/model.py,62,b424cb69ac4f71acb83955b80319a6b97ea48439,modified,2018-08-06 11:30:22+00:00,fix codestyle,__init__.py|config.py|model.py|trainer.py|datautils.py|model.py|trainer.py|chemutils.py|jtnn_dec.py|jtnn_vae.py|mpn.py|trainer.py|UnitTestSAScore.py|sascorer.py|__init__.py|utils.py|utils_fcd.py|__init__.py|config.py|model.py|trainer.py|sample.py|train.py|sample.py|train.py|eval.py|test.py|sample.py|train.py|train.py|trainer.py,67.0,0.0,1.0,0.0,0.0,2018-11-28T11:51:17Z,207.0,bug_fixing,,,/home/gilberto-1/github/wrapper_code_smile/output_analysis/1735243578.6335516/molecularsetsmoses_analysis/b424cb69ac4f71acb83955b80319a6b97ea48439/input/modified/mnist4molecules/char_rnn/model.py,62,fc32d1d54eff3174617ac1ec28e3f8ae6f57f918,rename project to moses,2018-10-08 12:08:43+00:00,RENAME,72.0,207.0,,,2018-11-28T11:51:17Z
mnist4molecules/scripts/aae/sample.py,main,molecularsets/moses,columns_and_datatype_not_explicitly_set,1,/home/gilberto-1/github/wrapper_code_smile/output_analysis/1735243578.6335516/molecularsetsmoses_analysis/454d00e45f8515d67c06a8186be70a98f31a0a2f/input/modified/mnist4molecules/scripts/aae/sample.py,37,454d00e45f8515d67c06a8186be70a98f31a0a2f,modified,2018-07-03 08:57:19+00:00,Minor: fix bugs,script_utils.py|sample.py|train.py|sample.py|train.py|generate_vocab.py|sample.py|train.py|eval.py|sample.py|train.py|sample.py|train.py,45.0,0.0,1.0,0.0,0.0,2018-11-28T11:51:17Z,207.0,bug_fixing,,,/home/gilberto-1/github/wrapper_code_smile/output_analysis/1735243578.6335516/molecularsetsmoses_analysis/b424cb69ac4f71acb83955b80319a6b97ea48439/input/modified/mnist4molecules/scripts/aae/sample.py,36,fc32d1d54eff3174617ac1ec28e3f8ae6f57f918,rename project to moses,2018-10-08 12:08:43+00:00,RENAME,72.0,207.0,,,2018-11-28T11:51:17Z
mnist4molecules/script_utils.py,read_smiles_csv,molecularsets/moses,columns_and_datatype_not_explicitly_set,1,/home/gilberto-1/github/wrapper_code_smile/output_analysis/1735243578.6335516/molecularsetsmoses_analysis/454d00e45f8515d67c06a8186be70a98f31a0a2f/input/modified/mnist4molecules/script_utils.py,84,454d00e45f8515d67c06a8186be70a98f31a0a2f,modified,2018-07-03 08:57:19+00:00,Minor: fix bugs,script_utils.py|sample.py|train.py|sample.py|train.py|generate_vocab.py|sample.py|train.py|eval.py|sample.py|train.py|sample.py|train.py,45.0,0.0,1.0,0.0,0.0,2018-11-28T11:51:17Z,207.0,bug_fixing,,,/home/gilberto-1/github/wrapper_code_smile/output_analysis/1735243578.6335516/molecularsetsmoses_analysis/454d00e45f8515d67c06a8186be70a98f31a0a2f/input/modified/mnist4molecules/script_utils.py,84,fc32d1d54eff3174617ac1ec28e3f8ae6f57f918,rename project to moses,2018-10-08 12:08:43+00:00,RENAME,72.0,207.0,,,2018-11-28T11:51:17Z
mnist4molecules/scripts/aae/sample.py,main,molecularsets/moses,columns_and_datatype_not_explicitly_set,1,/home/gilberto-1/github/wrapper_code_smile/output_analysis/1735243578.6335516/molecularsetsmoses_analysis/2c4491faf005bdc303b96e2678092052784460a0/input/added/mnist4molecules/scripts/aae/sample.py,39,2c4491faf005bdc303b96e2678092052784460a0,added,2018-06-29 17:14:01+00:00,add scripts for aae,sample.py|train.py,36.0,1.0,0.0,0.0,0.0,2018-11-28T11:51:17Z,207.0,new_feature,,,/home/gilberto-1/github/wrapper_code_smile/output_analysis/1735243578.6335516/molecularsetsmoses_analysis/b424cb69ac4f71acb83955b80319a6b97ea48439/input/modified/mnist4molecules/scripts/aae/sample.py,36,fc32d1d54eff3174617ac1ec28e3f8ae6f57f918,rename project to moses,2018-10-08 12:08:43+00:00,RENAME,72.0,207.0,,,2018-11-28T11:51:17Z
mnist4molecules/scripts/char_rnn/sample.py,main,molecularsets/moses,columns_and_datatype_not_explicitly_set,1,/home/gilberto-1/github/wrapper_code_smile/output_analysis/1735243578.6335516/molecularsetsmoses_analysis/2aaf4fb5c3773e86198e195eb33f41839396a3b8/input/added/mnist4molecules/scripts/char_rnn/sample.py,29,2aaf4fb5c3773e86198e195eb33f41839396a3b8,added,2018-06-29 17:05:42+00:00,fix char_rnn,config.py|datautils.py|__init__.py|sample.py|trainer.py|sample.py|train.py,32.0,0.0,1.0,0.0,0.0,2018-11-28T11:51:17Z,207.0,bug_fixing,,,/home/gilberto-1/github/wrapper_code_smile/output_analysis/1735243578.6335516/molecularsetsmoses_analysis/b424cb69ac4f71acb83955b80319a6b97ea48439/input/modified/mnist4molecules/scripts/char_rnn/sample.py,33,fc32d1d54eff3174617ac1ec28e3f8ae6f57f918,rename project to moses,2018-10-08 12:08:43+00:00,RENAME,72.0,207.0,,,2018-11-28T11:51:17Z
mnist4molecules/scripts/junction_tree/sample.py,main,molecularsets/moses,columns_and_datatype_not_explicitly_set,1,/home/gilberto-1/github/wrapper_code_smile/output_analysis/1735243578.6335516/molecularsetsmoses_analysis/4ab948791f2d294158877a784123599ac14e039b/input/added/mnist4molecules/scripts/junction_tree/sample.py,36,4ab948791f2d294158877a784123599ac14e039b,added,2018-06-29 17:08:03+00:00,fix junction tree,config.py|datautils.py|sample.py|trainer.py|__init__.py|generate_vocab.py|sample.py|train.py,33.0,0.0,1.0,0.0,0.0,2018-11-28T11:51:17Z,207.0,bug_fixing,,,/home/gilberto-1/github/wrapper_code_smile/output_analysis/1735243578.6335516/molecularsetsmoses_analysis/454d00e45f8515d67c06a8186be70a98f31a0a2f/input/modified/mnist4molecules/scripts/junction_tree/sample.py,33,fc32d1d54eff3174617ac1ec28e3f8ae6f57f918,rename project to moses,2018-10-08 12:08:43+00:00,RENAME,72.0,207.0,,,2018-11-28T11:51:17Z
mnist4molecules/scripts/organ/sample.py,main,molecularsets/moses,columns_and_datatype_not_explicitly_set,1,/home/gilberto-1/github/wrapper_code_smile/output_analysis/1735243578.6335516/molecularsetsmoses_analysis/182002797036224c403feec168c03264fb023b97/input/added/mnist4molecules/scripts/organ/sample.py,38,182002797036224c403feec168c03264fb023b97,added,2018-06-29 17:14:50+00:00,add scripts for organ,sample.py|train.py,38.0,1.0,0.0,0.0,0.0,2018-11-28T11:51:17Z,207.0,new_feature,,,/home/gilberto-1/github/wrapper_code_smile/output_analysis/1735243578.6335516/molecularsetsmoses_analysis/b424cb69ac4f71acb83955b80319a6b97ea48439/input/modified/mnist4molecules/scripts/organ/sample.py,36,fc32d1d54eff3174617ac1ec28e3f8ae6f57f918,rename project to moses,2018-10-08 12:08:43+00:00,RENAME,72.0,207.0,,,2018-11-28T11:51:17Z
mnist4molecules/scripts/vae/sample.py,main,molecularsets/moses,columns_and_datatype_not_explicitly_set,1,/home/gilberto-1/github/wrapper_code_smile/output_analysis/1735243578.6335516/molecularsetsmoses_analysis/ec9c74943714302955d058c56e788edfc560c03d/input/added/mnist4molecules/scripts/vae/sample.py,36,ec9c74943714302955d058c56e788edfc560c03d,added,2018-06-29 17:04:03+00:00,fix vae,sample.py|train.py|config.py|corpus.py|__init__.py|sample.py|trainer.py,31.0,0.0,1.0,0.0,0.0,2018-11-28T11:51:17Z,207.0,bug_fixing,,,/home/gilberto-1/github/wrapper_code_smile/output_analysis/1735243578.6335516/molecularsetsmoses_analysis/454d00e45f8515d67c06a8186be70a98f31a0a2f/input/modified/mnist4molecules/scripts/vae/sample.py,34,fc32d1d54eff3174617ac1ec28e3f8ae6f57f918,rename project to moses,2018-10-08 12:08:43+00:00,RENAME,72.0,207.0,,,2018-11-28T11:51:17Z
model.py,get_df_from_metric_json,AICoE/prometheus-anomaly-detector,columns_and_datatype_not_explicitly_set,1,/home/gilberto-1/github/wrapper_code_smile/output_analysis/1735158796.965824/AICoEprometheus-anomaly-detector_analysis/ef4cd1f2282e28886c291be3067f914509c780fd/input/modified/model.py,60,ef4cd1f2282e28886c291be3067f914509c780fd,modified,2019-05-20 17:44:01+00:00,"Update prophet model arguments

Set the argument `yearly_seasonality=True` when initializing the prophet model",model.py,7.0,0.0,0.0,1.0,0.0,2019-05-15T19:10:22Z,135.0,enhancement,,,/home/gilberto-1/github/wrapper_code_smile/output_analysis/1735158796.965824/AICoEprometheus-anomaly-detector_analysis/ef4cd1f2282e28886c291be3067f914509c780fd/input/modified/model.py,60,22d066bbed58a59cb98bcbf34adc9f4164eb9244,"Remove unused functions/variables (#8)

* Update model.py

Remove unused variables

Removing the unused function

* Update model_fourier.py

Remove unused function

Remove unused variables",2019-05-21 18:51:05+00:00,MODIFY,11.0,135.0,,,2019-05-15T19:10:22Z
model.py,pad_detections,natethegreate/hent-AI,tensor_array_not_used,1,/home/gilberto-1/github/wrapper_code_smile/output_analysis/1735158796.965824/natethegreatehent-AI_analysis/296d5b55206586fb77ca074d7da66594f1d6eae5/input/modified/model.py,893,296d5b55206586fb77ca074d7da66594f1d6eae5,modified,2018-01-04 16:37:23+00:00,Remove py_func for cross-environment serializability. Convert DetectionLayer/refine_detections to tf,model.py,55.0,0.0,0.0,1.0,1.0,2020-02-20T20:51:15Z,477.0,enhancement,be0a8b592d4aec7dd26004bc270547af1852c69c,2020-03-04T05:12:46Z,/home/gilberto-1/github/wrapper_code_smile/output_analysis/1735158796.965824/natethegreatehent-AI_analysis/296d5b55206586fb77ca074d7da66594f1d6eae5/input/modified/model.py,893,acc7eba13d1bf4b3cc4acd6fcb826a8ab7c58ebc,changed tf.pad for gap and resued parse_image_meta,2018-01-05 03:04:23+00:00,MODIFY,56.0,477.0,be0a8b592d4aec7dd26004bc270547af1852c69c,2020-03-04T05:12:46Z,2020-02-20T20:51:15Z
model.py,pad_detections,natethegreate/hent-AI,tensor_array_not_used,1,/home/gilberto-1/github/wrapper_code_smile/output_analysis/1735158796.965824/natethegreatehent-AI_analysis/296d5b55206586fb77ca074d7da66594f1d6eae5/input/modified/model.py,893,296d5b55206586fb77ca074d7da66594f1d6eae5,modified,2018-01-04 16:37:23+00:00,Remove py_func for cross-environment serializability. Convert DetectionLayer/refine_detections to tf,model.py,55.0,0.0,0.0,1.0,1.0,2020-02-20T20:51:15Z,477.0,enhancement,be0a8b592d4aec7dd26004bc270547af1852c69c,2020-03-04T05:12:46Z,/home/gilberto-1/github/wrapper_code_smile/output_analysis/1735158796.965824/natethegreatehent-AI_analysis/e6290877a0da712ba078d3a8454d90d24e9744f4/input/modified/model.py,714,859b73c1efbb332df4dc1c22cab7ff8a5aec1ec3,"Remove unnecessary coordinate conversions.

Make DetectionLayer return normalized coordinates
to avoid unnecessary conversion to pixels and back
to normalized.",2018-04-02 00:10:05+00:00,MODIFY,88.0,477.0,be0a8b592d4aec7dd26004bc270547af1852c69c,2020-03-04T05:12:46Z,2020-02-20T20:51:15Z
model.py,refine_detections_graph,natethegreate/hent-AI,tensor_array_not_used,1,/home/gilberto-1/github/wrapper_code_smile/output_analysis/1735158796.965824/natethegreatehent-AI_analysis/296d5b55206586fb77ca074d7da66594f1d6eae5/input/modified/model.py,773,296d5b55206586fb77ca074d7da66594f1d6eae5,modified,2018-01-04 16:37:23+00:00,Remove py_func for cross-environment serializability. Convert DetectionLayer/refine_detections to tf,model.py,55.0,0.0,0.0,1.0,1.0,2020-02-20T20:51:15Z,477.0,enhancement,be0a8b592d4aec7dd26004bc270547af1852c69c,2020-03-04T05:12:46Z,/home/gilberto-1/github/wrapper_code_smile/output_analysis/1735158796.965824/natethegreatehent-AI_analysis/296d5b55206586fb77ca074d7da66594f1d6eae5/input/modified/model.py,893,acc7eba13d1bf4b3cc4acd6fcb826a8ab7c58ebc,changed tf.pad for gap and resued parse_image_meta,2018-01-05 03:04:23+00:00,MODIFY,56.0,477.0,be0a8b592d4aec7dd26004bc270547af1852c69c,2020-03-04T05:12:46Z,2020-02-20T20:51:15Z
model.py,refine_detections_graph,natethegreate/hent-AI,tensor_array_not_used,1,/home/gilberto-1/github/wrapper_code_smile/output_analysis/1735158796.965824/natethegreatehent-AI_analysis/296d5b55206586fb77ca074d7da66594f1d6eae5/input/modified/model.py,773,296d5b55206586fb77ca074d7da66594f1d6eae5,modified,2018-01-04 16:37:23+00:00,Remove py_func for cross-environment serializability. Convert DetectionLayer/refine_detections to tf,model.py,55.0,0.0,0.0,1.0,1.0,2020-02-20T20:51:15Z,477.0,enhancement,be0a8b592d4aec7dd26004bc270547af1852c69c,2020-03-04T05:12:46Z,/home/gilberto-1/github/wrapper_code_smile/output_analysis/1735158796.965824/natethegreatehent-AI_analysis/e6290877a0da712ba078d3a8454d90d24e9744f4/input/modified/model.py,714,859b73c1efbb332df4dc1c22cab7ff8a5aec1ec3,"Remove unnecessary coordinate conversions.

Make DetectionLayer return normalized coordinates
to avoid unnecessary conversion to pixels and back
to normalized.",2018-04-02 00:10:05+00:00,MODIFY,88.0,477.0,be0a8b592d4aec7dd26004bc270547af1852c69c,2020-03-04T05:12:46Z,2020-02-20T20:51:15Z
network/base_network.py,critic,ShangtongZhang/DeepRL,pytorch_call_method_misused,1,/home/gilberto-1/github/wrapper_code_smile/output_analysis/1735158796.965824/ShangtongZhangDeepRL_analysis/e91ec3be45c59ccd3e2ddeeae1e65bad8d7b33a6/input/modified/network/base_network.py,74,e91ec3be45c59ccd3e2ddeeae1e65bad8d7b33a6,modified,2018-02-03 17:53:14+00:00,Specify a gpu for a network,A2C_agent.py|DDPG_agent.py|DQN_agent.py|dpg.py|ppo.py|replay.py|main.py|action_conditional_video_prediction.py|base_network.py|continuous_action_network.py|conv_network.py|shallow_network.py,137.0,0.0,0.0,0.0,0.0,2017-04-20T19:59:53Z,404.0,other,e427e8f73f7d6c6ae0283a7a4438b724725ec192,2018-04-02T21:22:56Z,/home/gilberto-1/github/wrapper_code_smile/output_analysis/1735158796.965824/ShangtongZhangDeepRL_analysis/63f8027199394d4d318e383eaa433164b929334b/input/modified/network/base_network.py,82,0b57fdbc70168f5d938e4c144e5806035844829e,Rewrite discrete networks,2018-04-04 22:19:40+00:00,MODIFY,165.0,404.0,e427e8f73f7d6c6ae0283a7a4438b724725ec192,2018-04-02T21:22:56Z,2017-04-20T19:59:53Z
model/action_conditional_video_prediction.py,evaluate,ShangtongZhang/DeepRL,pytorch_call_method_misused,1,/home/gilberto-1/github/wrapper_code_smile/output_analysis/1735158796.965824/ShangtongZhangDeepRL_analysis/1b9acb17f0fcd7d0be639f78014a8886bc8221d4/input/modified/model/action_conditional_video_prediction.py,111,1b9acb17f0fcd7d0be639f78014a8886bc8221d4,modified,2017-12-20 16:36:37+00:00,Complete ACVP,README.md|dataset.py|ACVP.png|main.py|action_conditional_video_prediction.py,112.0,0.0,0.0,0.0,0.0,2017-04-20T19:59:53Z,404.0,other,e427e8f73f7d6c6ae0283a7a4438b724725ec192,2018-04-02T21:22:56Z,/home/gilberto-1/github/wrapper_code_smile/output_analysis/1735158796.965824/ShangtongZhangDeepRL_analysis/c7ceb876dd95091f985a38074f834923cb738e41/input/modified/model/action_conditional_video_prediction.py,98,fb958208036d21ce45ef7c279eda27313d9ed0b6,Package the project,2018-05-07 22:49:01+00:00,RENAME,227.0,404.0,e427e8f73f7d6c6ae0283a7a4438b724725ec192,2018-04-02T21:22:56Z,2017-04-20T19:59:53Z
model/action_conditional_video_prediction.py,fit,ShangtongZhang/DeepRL,pytorch_call_method_misused,1,/home/gilberto-1/github/wrapper_code_smile/output_analysis/1735158796.965824/ShangtongZhangDeepRL_analysis/1b9acb17f0fcd7d0be639f78014a8886bc8221d4/input/modified/model/action_conditional_video_prediction.py,98,1b9acb17f0fcd7d0be639f78014a8886bc8221d4,modified,2017-12-20 16:36:37+00:00,Complete ACVP,README.md|dataset.py|ACVP.png|main.py|action_conditional_video_prediction.py,112.0,0.0,0.0,0.0,0.0,2017-04-20T19:59:53Z,404.0,other,e427e8f73f7d6c6ae0283a7a4438b724725ec192,2018-04-02T21:22:56Z,/home/gilberto-1/github/wrapper_code_smile/output_analysis/1735158796.965824/ShangtongZhangDeepRL_analysis/c7ceb876dd95091f985a38074f834923cb738e41/input/modified/model/action_conditional_video_prediction.py,98,fb958208036d21ce45ef7c279eda27313d9ed0b6,Package the project,2018-05-07 22:49:01+00:00,RENAME,227.0,404.0,e427e8f73f7d6c6ae0283a7a4438b724725ec192,2018-04-02T21:22:56Z,2017-04-20T19:59:53Z
model/action_conditional_video_prediction.py,predict,ShangtongZhang/DeepRL,pytorch_call_method_misused,1,/home/gilberto-1/github/wrapper_code_smile/output_analysis/1735158796.965824/ShangtongZhangDeepRL_analysis/1b9acb17f0fcd7d0be639f78014a8886bc8221d4/input/modified/model/action_conditional_video_prediction.py,118,1b9acb17f0fcd7d0be639f78014a8886bc8221d4,modified,2017-12-20 16:36:37+00:00,Complete ACVP,README.md|dataset.py|ACVP.png|main.py|action_conditional_video_prediction.py,112.0,0.0,0.0,0.0,0.0,2017-04-20T19:59:53Z,404.0,other,e427e8f73f7d6c6ae0283a7a4438b724725ec192,2018-04-02T21:22:56Z,/home/gilberto-1/github/wrapper_code_smile/output_analysis/1735158796.965824/ShangtongZhangDeepRL_analysis/c7ceb876dd95091f985a38074f834923cb738e41/input/modified/model/action_conditional_video_prediction.py,98,fb958208036d21ce45ef7c279eda27313d9ed0b6,Package the project,2018-05-07 22:49:01+00:00,RENAME,227.0,404.0,e427e8f73f7d6c6ae0283a7a4438b724725ec192,2018-04-02T21:22:56Z,2017-04-20T19:59:53Z
model_fourier.py,get_df_from_metric_json,AICoE/prometheus-anomaly-detector,columns_and_datatype_not_explicitly_set,1,/home/gilberto-1/github/wrapper_code_smile/output_analysis/1735158796.965824/AICoEprometheus-anomaly-detector_analysis/4b000b89e7b0a33a4aad5a89fa26cad54707f3e4/input/added/model_fourier.py,103,4b000b89e7b0a33a4aad5a89fa26cad54707f3e4,added,2019-05-20 19:33:29+00:00,add fourier model,Makefile|model_fourier.py,8.0,1.0,0.0,0.0,0.0,2019-05-15T19:10:22Z,135.0,new_feature,,,/home/gilberto-1/github/wrapper_code_smile/output_analysis/1735158796.965824/AICoEprometheus-anomaly-detector_analysis/4b000b89e7b0a33a4aad5a89fa26cad54707f3e4/input/added/model_fourier.py,103,22d066bbed58a59cb98bcbf34adc9f4164eb9244,"Remove unused functions/variables (#8)

* Update model.py

Remove unused variables

Removing the unused function

* Update model_fourier.py

Remove unused function

Remove unused variables",2019-05-21 18:51:05+00:00,MODIFY,11.0,135.0,,,2019-05-15T19:10:22Z
model_fourier.py,train,AICoE/prometheus-anomaly-detector,columns_and_datatype_not_explicitly_set,1,/home/gilberto-1/github/wrapper_code_smile/output_analysis/1735158796.965824/AICoEprometheus-anomaly-detector_analysis/4b000b89e7b0a33a4aad5a89fa26cad54707f3e4/input/added/model_fourier.py,77,4b000b89e7b0a33a4aad5a89fa26cad54707f3e4,added,2019-05-20 19:33:29+00:00,add fourier model,Makefile|model_fourier.py,8.0,1.0,0.0,0.0,0.0,2019-05-15T19:10:22Z,135.0,new_feature,,,/home/gilberto-1/github/wrapper_code_smile/output_analysis/1735158796.965824/AICoEprometheus-anomaly-detector_analysis/4b000b89e7b0a33a4aad5a89fa26cad54707f3e4/input/added/model_fourier.py,103,22d066bbed58a59cb98bcbf34adc9f4164eb9244,"Remove unused functions/variables (#8)

* Update model.py

Remove unused variables

Removing the unused function

* Update model_fourier.py

Remove unused function

Remove unused variables",2019-05-21 18:51:05+00:00,MODIFY,11.0,135.0,,,2019-05-15T19:10:22Z
models/yolo.py,__init__,ultralytics/yolov5,pytorch_call_method_misused,1,/home/gilberto-1/github/wrapper_code_smile/output_analysis/1735158796.965824/ultralyticsyolov5_analysis/ecc2c7ba73e71211b192cba69e255afad92de67a/input/modified/models/yolo.py,112,ecc2c7ba73e71211b192cba69e255afad92de67a,modified,2022-03-22 19:44:07+00:00,"Remove named arguments where possible (#7105)

* Remove named arguments where possible

Speed improvements.

* Update yolo.py

* Update yolo.py

* Update yolo.py",common.py|yolo.py,1873.0,0.0,0.0,1.0,1.0,2020-05-18T03:45:11Z,200.0,enhancement,956be8e642b5c10af4a1533e09084ca32ff4f21f,2021-10-12T06:47:18Z,/home/gilberto-1/github/wrapper_code_smile/output_analysis/1735158796.965824/ultralyticsyolov5_analysis/dfdfbcf3d7d977a4e71075f65868d9f694434692/input/modified/models/yolo.py,249,ec331cbda7434f6c04c1c1c310dcb3948dcc5d3e,"Add missing Python function docstrings (#13105)

* Add missing Python function docstrings

* Auto-format by https://ultralytics.com/actions

---------

Co-authored-by: UltralyticsAssistant <web@ultralytics.com>
Co-authored-by: Ultralytics Assistant <135830346+UltralyticsAssistant@users.noreply.github.com>",2024-06-19 00:29:08+00:00,MODIFY,2810.0,200.0,69be8e738f45e7908c1270eedd350f98c0c7bfa4,2021-01-05T03:54:09Z,2020-05-18T03:45:11Z
models/common.py,forward,ultralytics/yolov3,in_place_apis_misused,1,/home/gilberto-1/github/wrapper_code_smile/output_analysis/1735243578.6335516/ultralyticsyolov3_analysis/8eb4cde090022af73db12cfa725ec4bf01d49c0e/input/modified/models/common.py,280,8eb4cde090022af73db12cfa725ec4bf01d49c0e,modified,2021-04-12 16:00:47+00:00,"YOLOv5 v5.0 release compatibility update for YOLOv3 (#1737)

* YOLOv5 v5.0 release compatibility update

* Update README

* Update README

* Conv act LeakyReLU(0.1)

* update plots_study()

* update speeds",.gitattributes|ci-testing.yml|greetings.yml|Dockerfile|README.md|argoverse_hd.yaml|coco.yaml|coco128.yaml|get_argoverse_hd.sh|get_coco.sh|get_voc.sh|voc.yaml|detect.py|hubconf.py|common.py|experimental.py|export.py|yolo.py|requirements.txt|test.py|train.py|tutorial.ipynb|autoanchor.py|__init__.py|mime.sh|resume.py|userdata.sh|datasets.py|general.py|google_utils.py|loss.py|metrics.py|plots.py|torch_utils.py|__init__.py|log_dataset.py|wandb_utils.py,2612.0,0.0,0.0,1.0,0.0,2018-08-26T08:57:20Z,2522.0,enhancement,166a4d590f08b55cadfebc57a11a52ff2fc2b7d3,2021-01-13T07:05:32Z,/home/gilberto-1/github/wrapper_code_smile/output_analysis/1735243578.6335516/ultralyticsyolov3_analysis/ae37b2daa74c599d640a7b9698eeafd64265f999/input/modified/models/common.py,467,f50bcfcc3e019aaa1ece410158acf3b28f3a25e5,"YOLOv3 general updates, improvements and fixes (#2011)

* YOLOv3 updates

* Add missing files

* Reformat

* [pre-commit.ci] auto fixes from pre-commit.com hooks

for more information, see https://pre-commit.ci

* Reformat

* Reformat

* Reformat

* Reformat

* [pre-commit.ci] auto fixes from pre-commit.com hooks

for more information, see https://pre-commit.ci

---------

Co-authored-by: pre-commit-ci[bot] <66853113+pre-commit-ci[bot]@users.noreply.github.com>",2023-02-11 11:20:10+00:00,MODIFY,2664.0,2522.0,e285034b4b6992605833d4ee32d9df7177d4e32b,2020-12-06T17:01:13Z,2018-08-26T08:57:20Z
models/common.py,forward,ultralytics/yolov5,in_place_apis_misused,1,/home/gilberto-1/github/wrapper_code_smile/output_analysis/1735158796.965824/ultralyticsyolov5_analysis/c03d590320ea875a9ce5288c077a9ce5c7a1c160/input/modified/models/common.py,279,c03d590320ea875a9ce5288c077a9ce5c7a1c160,modified,2021-04-07 14:28:07+00:00,"Add Hub results.pandas() method (#2725)

* Add Hub results.pandas() method

New method converts results from torch tensors to pandas DataFrames with column names.

This PR may partially resolve issue https://github.com/ultralytics/yolov5/issues/2703

```python
results = model(imgs)

print(results.pandas().xyxy[0])
         xmin        ymin        xmax        ymax  confidence  class    name
0   57.068970  391.770599  241.383545  905.797852    0.868964      0  person
1  667.661255  399.303589  810.000000  881.396667    0.851888      0  person
2  222.878387  414.774231  343.804474  857.825073    0.838376      0  person
3    4.205386  234.447678  803.739136  750.023376    0.658006      5     bus
4    0.000000  550.596008   76.681190  878.669922    0.450596      0  person
```

* Update comments 

torch example input now shown resized to size=640 and also now a multiple of P6 stride 64 (see https://github.com/ultralytics/yolov5/issues/2722#issuecomment-814785930)

* apply decorators

* PEP8

* Update common.py

* pd.options.display.max_columns = 10

* Update common.py",hubconf.py|common.py|general.py,1017.0,1.0,1.0,1.0,0.0,2020-05-18T03:45:11Z,200.0,new_feature,956be8e642b5c10af4a1533e09084ca32ff4f21f,2021-10-12T06:47:18Z,/home/gilberto-1/github/wrapper_code_smile/output_analysis/1735158796.965824/ultralyticsyolov5_analysis/c0e7a776cd55e8c01b63714f6f7fea3d53f6bf5b/input/modified/models/common.py,630,d40cd0d454dcc34312cb5c40f45f64b76665c40c,"Improved `Profile()` inference timing (#9024)

* Improved `Profile()` class

* Update predict.py

* Update val.py

* [pre-commit.ci] auto fixes from pre-commit.com hooks

for more information, see https://pre-commit.ci

* Update val.py

* Update AutoShape

Co-authored-by: pre-commit-ci[bot] <66853113+pre-commit-ci[bot]@users.noreply.github.com>",2022-08-18 17:55:38+00:00,MODIFY,2230.0,200.0,69be8e738f45e7908c1270eedd350f98c0c7bfa4,2021-01-05T03:54:09Z,2020-05-18T03:45:11Z
models/common.py,forward,ultralytics/yolov5,in_place_apis_misused,2,/home/gilberto-1/github/wrapper_code_smile/output_analysis/1735158796.965824/ultralyticsyolov5_analysis/c03d590320ea875a9ce5288c077a9ce5c7a1c160/input/modified/models/common.py,283,c03d590320ea875a9ce5288c077a9ce5c7a1c160,modified,2021-04-07 14:28:07+00:00,"Add Hub results.pandas() method (#2725)

* Add Hub results.pandas() method

New method converts results from torch tensors to pandas DataFrames with column names.

This PR may partially resolve issue https://github.com/ultralytics/yolov5/issues/2703

```python
results = model(imgs)

print(results.pandas().xyxy[0])
         xmin        ymin        xmax        ymax  confidence  class    name
0   57.068970  391.770599  241.383545  905.797852    0.868964      0  person
1  667.661255  399.303589  810.000000  881.396667    0.851888      0  person
2  222.878387  414.774231  343.804474  857.825073    0.838376      0  person
3    4.205386  234.447678  803.739136  750.023376    0.658006      5     bus
4    0.000000  550.596008   76.681190  878.669922    0.450596      0  person
```

* Update comments 

torch example input now shown resized to size=640 and also now a multiple of P6 stride 64 (see https://github.com/ultralytics/yolov5/issues/2722#issuecomment-814785930)

* apply decorators

* PEP8

* Update common.py

* pd.options.display.max_columns = 10

* Update common.py",hubconf.py|common.py|general.py,1017.0,1.0,1.0,1.0,0.0,2020-05-18T03:45:11Z,200.0,new_feature,956be8e642b5c10af4a1533e09084ca32ff4f21f,2021-10-12T06:47:18Z,/home/gilberto-1/github/wrapper_code_smile/output_analysis/1735158796.965824/ultralyticsyolov5_analysis/fca5e2a48fb526b57bda0c66be6b7ac1aaa8d83d/input/modified/models/common.py,283,b5de52c4cdfefb3c7acfbff7d7f450a46b4aaada,"torch.cuda.amp bug fix (#2750)

PR https://github.com/ultralytics/yolov5/pull/2725 introduced a very specific bug that only affects multi-GPU trainings. Apparently the cause was using the torch.cuda.amp decorator in the autoShape forward method. I've implemented amp more traditionally in this PR, and the bug is resolved.",2021-04-09 16:19:49+00:00,MODIFY,1019.0,200.0,69be8e738f45e7908c1270eedd350f98c0c7bfa4,2021-01-05T03:54:09Z,2020-05-18T03:45:11Z
models/models.py,generate,swechhachoudhary/Handwriting-synthesis,pytorch_call_method_misused,1,/home/gilberto-1/github/wrapper_code_smile/output_analysis/1735158796.965824/swechhachoudharyHandwriting-synthesis_analysis/afd1c7a71b0712b29a1bed777282984970c45797/input/modified/models/models.py,101,afd1c7a71b0712b29a1bed777282984970c45797,modified,2019-06-12 18:04:06+00:00,added early stopping,.DS_Store|generate.py|.DS_Store|7gen_seq.png|gen_seq.png|gen_seq_10.png|gen_seq_12.png|gen_seq_13.png|gen_seq_4.png|gen_seq_5.png|gen_seq_8.png|gen_seq_9.png|gen_seq_pred.png|ger_seq_1.png|ger_seq_2.png|ger_seq_3.png|synthesis_3_10.png|synthesis_4_0.1.png|synthesis_4_0.png|synthesis_4_10.png|synthesis_4_10_1.png|synthesis_4_2.png|synthesis_4_5.png|synthesis_5_0.png|synthesis_5_10.png|synthesis_5_2.png|synthesis_5_5.png|synthesis_6_0.1.png|synthesis_6_10.png|synthesis_6_2.png|synthesis_6_5.png|synthesis_7_0.1.png|synthesis_7_2.png|synthesis_8_10.png|synthesis_8_5.png|synthesis_9_2.png|synthesis_9_4.png|dummy.py|models.py|example.ipynb|results.ipynb|.DS_Store|best_model_prediction.pt|best_model_synthesis.pt|train.py|best_model.pt|best_model_0.pt|model_utils.py,112.0,1.0,0.0,0.0,0.0,2019-04-29T21:38:30Z,143.0,new_feature,,,/home/gilberto-1/github/wrapper_code_smile/output_analysis/1735158796.965824/swechhachoudharyHandwriting-synthesis_analysis/3844f4eef24d1b88c7de5b9ddb8d8ffd22895308/input/modified/models/models.py,331,4362e680765492c9180697e51da0c43ed9f5ce17,Add app description in aboutus paage,2019-08-22 17:09:33+00:00,MODIFY,128.0,143.0,,,2019-04-29T21:38:30Z
models/models.py,generate_,swechhachoudhary/Handwriting-synthesis,pytorch_call_method_misused,1,/home/gilberto-1/github/wrapper_code_smile/output_analysis/1735158796.965824/swechhachoudharyHandwriting-synthesis_analysis/3844f4eef24d1b88c7de5b9ddb8d8ffd22895308/input/modified/models/models.py,331,3844f4eef24d1b88c7de5b9ddb8d8ffd22895308,modified,2019-08-13 20:21:56+00:00,added web app folder,.flaskenv|settings.json|app.db|.DS_Store|__init__.py|forms.py|models.py|priming.py|requirements.txt|routes.py|.DS_Store|style.css|FileSaver.js|paint.js|aboutus.html|base.html|base_1.html|draw.1.html|draw.html|generate.html|index.html|login.html|pep.html|svg_index_1.html|test.html|xml_parser.py|config.py|copycat.py|generate.py|models.py|results.ipynb|__init__.py,126.0,1.0,0.0,0.0,0.0,2019-04-29T21:38:30Z,143.0,new_feature,,,/home/gilberto-1/github/wrapper_code_smile/output_analysis/1735158796.965824/swechhachoudharyHandwriting-synthesis_analysis/3844f4eef24d1b88c7de5b9ddb8d8ffd22895308/input/modified/models/models.py,331,4362e680765492c9180697e51da0c43ed9f5ce17,Add app description in aboutus paage,2019-08-22 17:09:33+00:00,MODIFY,128.0,143.0,,,2019-04-29T21:38:30Z
models/pix2pix_model.py,optimize_parameters,richzhang/colorization-pytorch,pytorch_call_method_misused,1,/home/gilberto-1/github/wrapper_code_smile/output_analysis/1735158796.965824/richzhangcolorization-pytorch_analysis/7212499f839db946c9296b84d6491fe5d6097dea/input/modified/models/pix2pix_model.py,110,7212499f839db946c9296b84d6491fe5d6097dea,modified,2017-06-13 07:10:04+00:00,predict single image,README.md|models.py|pix2pix_model.py|test_model.py|test_single.sh|test.py|train.py,60.0,0.0,0.0,0.0,0.0,2018-08-10T23:42:30Z,294.0,other,,,/home/gilberto-1/github/wrapper_code_smile/output_analysis/1735158796.965824/richzhangcolorization-pytorch_analysis/f57ace207cf4a63ca904b9b57f51bdd19133300a/input/modified/models/pix2pix_model.py,193,11d3cc13c25397caa4ed346d7d3fbfa28bfb7c0f,"add data folder back, official model",2018-09-04 01:00:43+00:00,MODIFY,263.0,294.0,,,2018-08-10T23:42:30Z
models/tf.py,__init__,ultralytics/yolov3,tensor_array_not_used,1,/home/gilberto-1/github/wrapper_code_smile/output_analysis/1735243578.6335516/ultralyticsyolov3_analysis/7eb23e3c1d387cdcefbad266046af369a9f40399/input/added/models/tf.py,56,7eb23e3c1d387cdcefbad266046af369a9f40399,added,2021-11-14 21:22:59+00:00,"YOLOv5 v6.0 compatibility update (#1857)

* Initial commit

* Initial commit

* Cleanup

* [pre-commit.ci] auto fixes from pre-commit.com hooks

for more information, see https://pre-commit.ci

* Fix precommit errors

* Remove TF builds from CI

* export last.pt

* Created using Colaboratory

* [pre-commit.ci] auto fixes from pre-commit.com hooks

for more information, see https://pre-commit.ci

Co-authored-by: pre-commit-ci[bot] <66853113+pre-commit-ci[bot]@users.noreply.github.com>",.dockerignore|bug-report.md|bug-report.yml|config.yml|feature-request.md|feature-request.yml|question.md|question.yml|dependabot.yml|ci-testing.yml|codeql-analysis.yml|greetings.yml|rebase.yml|stale.yml|.gitignore|.pre-commit-config.yaml|CONTRIBUTING.md|Dockerfile|LICENSE|README.md|Argoverse.yaml|GlobalWheat2020.yaml|SKU-110K.yaml|VisDrone.yaml|argoverse_hd.yaml|coco.yaml|coco128.yaml|hyp.finetune.yaml|hyp.finetune_objects365.yaml|hyp.scratch-high.yaml|hyp.scratch-low.yaml|hyp.scratch-med.yaml|hyp.scratch.yaml|objects365.yaml|download_weights.sh|get_argoverse_hd.sh|get_coco.sh|get_coco128.sh|get_voc.sh|voc.yaml|xView.yaml|detect.py|export.py|hubconf.py|common.py|experimental.py|export.py|tf.py|yolo.py|yolov3-spp.yaml|yolov3-tiny.yaml|yolov3.yaml|requirements.txt|setup.cfg|test.py|train.py|tutorial.ipynb|__init__.py|activations.py|augmentations.py|autoanchor.py|autobatch.py|mime.sh|resume.py|userdata.sh|callbacks.py|datasets.py|downloads.py|README.md|example_request.py|restapi.py|general.py|Dockerfile|additional_requirements.txt|app.yaml|__init__.py|README.md|__init__.py|log_dataset.py|sweep.py|sweep.yaml|wandb_utils.py|loss.py|metrics.py|plots.py|torch_utils.py|__init__.py|wandb_utils.py|val.py|download_weights.sh,2626.0,1.0,1.0,1.0,1.0,2018-08-26T08:57:20Z,2522.0,enhancement,166a4d590f08b55cadfebc57a11a52ff2fc2b7d3,2021-01-13T07:05:32Z,/home/gilberto-1/github/wrapper_code_smile/output_analysis/1735243578.6335516/ultralyticsyolov3_analysis/06525f969db5754a14f18131428fd642a4fbce60/input/modified/models/tf.py,75,2423cdd4e0f6f9c28049d0335490cdce5cb78572,"Add https://www.reddit.com/r/Ultralytics/ badge (#2277)

Refactor code for speed and clarity

Co-authored-by: UltralyticsAssistant <web@ultralytics.com>",2024-08-26 13:43:22+00:00,MODIFY,2845.0,2522.0,e285034b4b6992605833d4ee32d9df7177d4e32b,2020-12-06T17:01:13Z,2018-08-26T08:57:20Z
models/tf.py,__init__,ultralytics/yolov5,tensor_array_not_used,1,/home/gilberto-1/github/wrapper_code_smile/output_analysis/1735158796.965824/ultralyticsyolov5_analysis/a2b3c71636c41141c244ec43f70adbd7387b15d6/input/modified/models/tf.py,79,a2b3c71636c41141c244ec43f70adbd7387b15d6,modified,2021-09-08 12:36:12+00:00,"Add suffix checks (#4711)

* Add suffix checks

* Cleanup

* Cleanup2

* Cleanup3",detect.py|tf.py|yolo.py|train.py|datasets.py|general.py|val.py,1434.0,1.0,1.0,0.0,1.0,2020-05-18T03:45:11Z,200.0,new_feature,956be8e642b5c10af4a1533e09084ca32ff4f21f,2021-10-12T06:47:18Z,/home/gilberto-1/github/wrapper_code_smile/output_analysis/1735158796.965824/ultralyticsyolov5_analysis/3ec95f9e3dfc7d563d037440237a4a69d9984fd4/input/modified/models/tf.py,80,100a423b66fee81e0a2915d5da934d7872f12c8c,"Ultralytics Code Refactor https://ultralytics.com/actions (#13153)

* Refactor code for speed and clarity

* Update dataloaders.py

Signed-off-by: Glenn Jocher <glenn.jocher@ultralytics.com>

---------

Signed-off-by: Glenn Jocher <glenn.jocher@ultralytics.com>",2024-06-30 22:17:24+00:00,MODIFY,2818.0,200.0,69be8e738f45e7908c1270eedd350f98c0c7bfa4,2021-01-05T03:54:09Z,2020-05-18T03:45:11Z
models/tf.py,call,ultralytics/yolov3,tensor_array_not_used,1,/home/gilberto-1/github/wrapper_code_smile/output_analysis/1735243578.6335516/ultralyticsyolov3_analysis/7eb23e3c1d387cdcefbad266046af369a9f40399/input/added/models/tf.py,233,7eb23e3c1d387cdcefbad266046af369a9f40399,added,2021-11-14 21:22:59+00:00,"YOLOv5 v6.0 compatibility update (#1857)

* Initial commit

* Initial commit

* Cleanup

* [pre-commit.ci] auto fixes from pre-commit.com hooks

for more information, see https://pre-commit.ci

* Fix precommit errors

* Remove TF builds from CI

* export last.pt

* Created using Colaboratory

* [pre-commit.ci] auto fixes from pre-commit.com hooks

for more information, see https://pre-commit.ci

Co-authored-by: pre-commit-ci[bot] <66853113+pre-commit-ci[bot]@users.noreply.github.com>",.dockerignore|bug-report.md|bug-report.yml|config.yml|feature-request.md|feature-request.yml|question.md|question.yml|dependabot.yml|ci-testing.yml|codeql-analysis.yml|greetings.yml|rebase.yml|stale.yml|.gitignore|.pre-commit-config.yaml|CONTRIBUTING.md|Dockerfile|LICENSE|README.md|Argoverse.yaml|GlobalWheat2020.yaml|SKU-110K.yaml|VisDrone.yaml|argoverse_hd.yaml|coco.yaml|coco128.yaml|hyp.finetune.yaml|hyp.finetune_objects365.yaml|hyp.scratch-high.yaml|hyp.scratch-low.yaml|hyp.scratch-med.yaml|hyp.scratch.yaml|objects365.yaml|download_weights.sh|get_argoverse_hd.sh|get_coco.sh|get_coco128.sh|get_voc.sh|voc.yaml|xView.yaml|detect.py|export.py|hubconf.py|common.py|experimental.py|export.py|tf.py|yolo.py|yolov3-spp.yaml|yolov3-tiny.yaml|yolov3.yaml|requirements.txt|setup.cfg|test.py|train.py|tutorial.ipynb|__init__.py|activations.py|augmentations.py|autoanchor.py|autobatch.py|mime.sh|resume.py|userdata.sh|callbacks.py|datasets.py|downloads.py|README.md|example_request.py|restapi.py|general.py|Dockerfile|additional_requirements.txt|app.yaml|__init__.py|README.md|__init__.py|log_dataset.py|sweep.py|sweep.yaml|wandb_utils.py|loss.py|metrics.py|plots.py|torch_utils.py|__init__.py|wandb_utils.py|val.py|download_weights.sh,2626.0,1.0,1.0,1.0,1.0,2018-08-26T08:57:20Z,2522.0,enhancement,166a4d590f08b55cadfebc57a11a52ff2fc2b7d3,2021-01-13T07:05:32Z,/home/gilberto-1/github/wrapper_code_smile/output_analysis/1735243578.6335516/ultralyticsyolov3_analysis/06525f969db5754a14f18131428fd642a4fbce60/input/modified/models/tf.py,75,2423cdd4e0f6f9c28049d0335490cdce5cb78572,"Add https://www.reddit.com/r/Ultralytics/ badge (#2277)

Refactor code for speed and clarity

Co-authored-by: UltralyticsAssistant <web@ultralytics.com>",2024-08-26 13:43:22+00:00,MODIFY,2845.0,2522.0,e285034b4b6992605833d4ee32d9df7177d4e32b,2020-12-06T17:01:13Z,2018-08-26T08:57:20Z
models/tf.py,call,ultralytics/yolov5,tensor_array_not_used,1,/home/gilberto-1/github/wrapper_code_smile/output_analysis/1735158796.965824/ultralyticsyolov5_analysis/a2b3c71636c41141c244ec43f70adbd7387b15d6/input/modified/models/tf.py,239,a2b3c71636c41141c244ec43f70adbd7387b15d6,modified,2021-09-08 12:36:12+00:00,"Add suffix checks (#4711)

* Add suffix checks

* Cleanup

* Cleanup2

* Cleanup3",detect.py|tf.py|yolo.py|train.py|datasets.py|general.py|val.py,1434.0,1.0,1.0,0.0,1.0,2020-05-18T03:45:11Z,200.0,new_feature,956be8e642b5c10af4a1533e09084ca32ff4f21f,2021-10-12T06:47:18Z,/home/gilberto-1/github/wrapper_code_smile/output_analysis/1735158796.965824/ultralyticsyolov5_analysis/3ec95f9e3dfc7d563d037440237a4a69d9984fd4/input/modified/models/tf.py,80,100a423b66fee81e0a2915d5da934d7872f12c8c,"Ultralytics Code Refactor https://ultralytics.com/actions (#13153)

* Refactor code for speed and clarity

* Update dataloaders.py

Signed-off-by: Glenn Jocher <glenn.jocher@ultralytics.com>

---------

Signed-off-by: Glenn Jocher <glenn.jocher@ultralytics.com>",2024-06-30 22:17:24+00:00,MODIFY,2818.0,200.0,69be8e738f45e7908c1270eedd350f98c0c7bfa4,2021-01-05T03:54:09Z,2020-05-18T03:45:11Z
models/yolo.py,__init__,ultralytics/yolov5,pytorch_call_method_misused,1,/home/gilberto-1/github/wrapper_code_smile/output_analysis/1735158796.965824/ultralyticsyolov5_analysis/d5b6416c87cc37fbb7a73d74e7fcaaea7d3c02d6/input/modified/models/yolo.py,79,d5b6416c87cc37fbb7a73d74e7fcaaea7d3c02d6,modified,2020-08-02 22:47:36+00:00,"Explicit Imports (#498)

* expand imports

* optimize

* miss

* fix",detect.py|hubconf.py|common.py|experimental.py|export.py|yolo.py|test.py|train.py|datasets.py|general.py,525.0,0.0,1.0,1.0,0.0,2020-05-18T03:45:11Z,200.0,enhancement,956be8e642b5c10af4a1533e09084ca32ff4f21f,2021-10-12T06:47:18Z,/home/gilberto-1/github/wrapper_code_smile/output_analysis/1735158796.965824/ultralyticsyolov5_analysis/dfdfbcf3d7d977a4e71075f65868d9f694434692/input/modified/models/yolo.py,249,ec331cbda7434f6c04c1c1c310dcb3948dcc5d3e,"Add missing Python function docstrings (#13105)

* Add missing Python function docstrings

* Auto-format by https://ultralytics.com/actions

---------

Co-authored-by: UltralyticsAssistant <web@ultralytics.com>
Co-authored-by: Ultralytics Assistant <135830346+UltralyticsAssistant@users.noreply.github.com>",2024-06-19 00:29:08+00:00,MODIFY,2810.0,200.0,69be8e738f45e7908c1270eedd350f98c0c7bfa4,2021-01-05T03:54:09Z,2020-05-18T03:45:11Z
models/yolo.py,forward,ultralytics/yolov5,pytorch_call_method_misused,1,/home/gilberto-1/github/wrapper_code_smile/output_analysis/1735158796.965824/ultralyticsyolov5_analysis/dfdfbcf3d7d977a4e71075f65868d9f694434692/input/modified/models/yolo.py,249,dfdfbcf3d7d977a4e71075f65868d9f694434692,modified,2024-06-16 20:39:28+00:00,"Code Refactor `ruff check --fix --extend-select I` (#13093)

* Refactor code for speed and clarity

* Auto-format by https://ultralytics.com/actions

* Update train.py

Signed-off-by: Glenn Jocher <glenn.jocher@ultralytics.com>

* Update README.md

Signed-off-by: Glenn Jocher <glenn.jocher@ultralytics.com>

---------

Signed-off-by: Glenn Jocher <glenn.jocher@ultralytics.com>
Co-authored-by: UltralyticsAssistant <web@ultralytics.com>
Co-authored-by: Ultralytics Assistant <135830346+UltralyticsAssistant@users.noreply.github.com>",merge-main-into-prs.yml|train.py|yolo.py|train.py|train.py|__init__.py|README.md,2807.0,0.0,1.0,1.0,1.0,2020-05-18T03:45:11Z,200.0,refactoring,956be8e642b5c10af4a1533e09084ca32ff4f21f,2021-10-12T06:47:18Z,/home/gilberto-1/github/wrapper_code_smile/output_analysis/1735158796.965824/ultralyticsyolov5_analysis/dfdfbcf3d7d977a4e71075f65868d9f694434692/input/modified/models/yolo.py,249,ec331cbda7434f6c04c1c1c310dcb3948dcc5d3e,"Add missing Python function docstrings (#13105)

* Add missing Python function docstrings

* Auto-format by https://ultralytics.com/actions

---------

Co-authored-by: UltralyticsAssistant <web@ultralytics.com>
Co-authored-by: Ultralytics Assistant <135830346+UltralyticsAssistant@users.noreply.github.com>",2024-06-19 00:29:08+00:00,MODIFY,2810.0,200.0,69be8e738f45e7908c1270eedd350f98c0c7bfa4,2021-01-05T03:54:09Z,2020-05-18T03:45:11Z
monstereo/visuals/figures.py,show_box_plot,vita-epfl/monoloco,columns_and_datatype_not_explicitly_set,1,/home/gilberto-1/github/wrapper_code_smile/output_analysis/1735243578.6335516/vita-epflmonoloco_analysis/a37b5c7b6cc8c7acda54d45d7ef28b1f469b1b2c/input/added/monstereo/visuals/figures.py,188,a37b5c7b6cc8c7acda54d45d7ef28b1f469b1b2c,added,2020-08-20 09:33:19+00:00,first commit,.gitignore|.pylintrc|LICENSE|LICENSE.AGPL|README.md|000840.png|000840_right.png|005523.png|005523_right.png|out_000840.png|out_005523.png|CMakeLists.txt|README.md|evaluate_object.cpp|original.cpp|parser.py|__init__.py|activity.py|__init__.py|eval_activity.py|eval_kitti.py|eval_variance.py|generate_kitti.py|reid_baseline.py|stereo_baselines.py|__init__.py|architectures.py|geom_baseline.py|net.py|pifpaf.py|process.py|predict.py|__init__.py|prep_kitti.py|preprocess_nu.py|transforms.py|run.py|__init__.py|datasets.py|hyp_tuning.py|losses.py|trainer.py|__init__.py|camera.py|iou.py|kitti.py|logs.py|misc.py|nuscenes.py|stereo.py|__init__.py|figures.py|pifpaf_show.py|plot_3d_box.py|printer.py|setup.py|kitti_train.txt|kitti_val.txt|nuscenes_teaser_scenes.txt|split_nuscenes_teaser.json|002282.png.pifpaf.json|joints_sample.json|test_iou.ipynb|test_package.py|test_utils.py|test_visuals.py,142.0,0.0,0.0,0.0,0.0,2019-05-13T09:31:03Z,141.0,other,,,/home/gilberto-1/github/wrapper_code_smile/output_analysis/1735243578.6335516/vita-epflmonoloco_analysis/5bc39330fd59680370fa8d1373347b2fdaf79377/input/modified/monstereo/visuals/figures.py,195,dc9f773bca1c3bfb604f065cc4082ed2e0813083,merge monstereo and monoloco,2021-03-15 13:51:22+00:00,RENAME,211.0,141.0,,,2019-05-13T09:31:03Z
moses/char_rnn/model.py,sample_smiles,molecularsets/moses,pytorch_call_method_misused,1,/home/gilberto-1/github/wrapper_code_smile/output_analysis/1735243578.6335516/molecularsetsmoses_analysis/fe6d14f22ed7c0a8a66bbbc830fa2ad2f067cfb1/input/modified/moses/char_rnn/model.py,63,fe6d14f22ed7c0a8a66bbbc830fa2ad2f067cfb1,modified,2018-10-24 16:19:57+00:00,"Add no_grad and eval (#16)

* add no_grad and eval in sampling

* fix code style",model.py|model.py|model.py|sample.py|sample.py|sample.py,105.0,1.0,1.0,0.0,0.0,2018-11-28T11:51:17Z,207.0,new_feature,,,/home/gilberto-1/github/wrapper_code_smile/output_analysis/1735243578.6335516/molecularsetsmoses_analysis/fe6d14f22ed7c0a8a66bbbc830fa2ad2f067cfb1/input/modified/moses/char_rnn/model.py,63,b892521bd6d303f1c67df5a51559e5a1b279de98,"Interface unification (#23)

* fix argument type

* adding interface for models trainers

* AAE refactoring

* char-rnn refactoring

* adding interface for models trainers

* AAE refactoring

* char-rnn refactoring

* fix argument type

* adding interface for models trainers

* AAE refactoring

* char-rnn refactoring

* aae refactoring

* char_rnn refactoring

* junction_tree refactoring

* junction_tree refactoring, part 2

* support n_workers

* jt and char_rnn small refactoring

* ORGAN fully refactored

* moving to Logger & manual merge with the master

* VAE completely refactored

* train scripts unification

* unify sampler & update interface & remove log_iter from VAE

* refactor run.py & remove scripts & small fixes for JT and ORGAN

* update readme

* add newlines in readme

* enable full run.py

* move models_storage.py to moses/

* change `== None` to `is None` in configs

* tighten organ logging & simplify Logger",2019-02-04 17:00:32+00:00,MODIFY,167.0,207.0,,,2018-11-28T11:51:17Z
moses/script_utils.py,_get_metrics,molecularsets/moses,in_place_apis_misused,1,/home/gilberto-1/github/wrapper_code_smile/output_analysis/1735243578.6335516/molecularsetsmoses_analysis/72b4fe78d10a311604f017ce8ba9110332187c73/input/modified/moses/script_utils.py,130,72b4fe78d10a311604f017ce8ba9110332187c73,modified,2018-10-19 13:28:04+00:00,fix organ,config.py|model.py|trainer.py|script_utils.py|train.py,101.0,0.0,1.0,0.0,0.0,2018-11-28T11:51:17Z,207.0,bug_fixing,,,/home/gilberto-1/github/wrapper_code_smile/output_analysis/1735243578.6335516/molecularsetsmoses_analysis/c6f6d5c2262faea8904321e19d1a36c7189f2cd7/input/modified/moses/script_utils.py,141,49808fd978500cff92044d95c25768d4f4c97399,"Precompute metrics on test splits (#14)

* metrics precalculation

* run.py supports precalculated statistics

* GPU from run.py

* imports",2018-12-25 12:09:05+00:00,MODIFY,157.0,207.0,,,2018-11-28T11:51:17Z
moses/scripts/download_dataset.py,main,molecularsets/moses,columns_and_datatype_not_explicitly_set,1,/home/gilberto-1/github/wrapper_code_smile/output_analysis/1735243578.6335516/molecularsetsmoses_analysis/2f9152d5cc0ad4123522b054dd2b6458c602b1fd/input/added/moses/scripts/download_dataset.py,36,2f9152d5cc0ad4123522b054dd2b6458c602b1fd,added,2018-10-09 13:31:21+00:00,add script for dataset,download_dataset.py,77.0,1.0,0.0,0.0,0.0,2018-11-28T11:51:17Z,207.0,new_feature,,,/home/gilberto-1/github/wrapper_code_smile/output_analysis/1735243578.6335516/molecularsetsmoses_analysis/2f9152d5cc0ad4123522b054dd2b6458c602b1fd/input/added/moses/scripts/download_dataset.py,36,5993025e3e9fe66f8c42c8dccd2dd0dd732cac66,move scripts,2018-10-11 09:15:05+00:00,RENAME,83.0,207.0,,,2018-11-28T11:51:17Z
moses/scripts/aae/sample.py,main,molecularsets/moses,columns_and_datatype_not_explicitly_set,1,/home/gilberto-1/github/wrapper_code_smile/output_analysis/1735243578.6335516/molecularsetsmoses_analysis/09e5ee641ba6a5019f8aa2a73a2f23a19d5f6b2a/input/modified/moses/scripts/aae/sample.py,40,09e5ee641ba6a5019f8aa2a73a2f23a19d5f6b2a,modified,2018-10-10 17:28:44+00:00,add run script for all metrics,Makefile|sample.py|train.py|sample.py|train.py|sample.py|train.py|eval.py|sample.py|train.py|run.py|sample.py|train.py,81.0,1.0,0.0,0.0,0.0,2018-11-28T11:51:17Z,207.0,new_feature,,,/home/gilberto-1/github/wrapper_code_smile/output_analysis/1735243578.6335516/molecularsetsmoses_analysis/09e5ee641ba6a5019f8aa2a73a2f23a19d5f6b2a/input/modified/moses/scripts/aae/sample.py,40,5993025e3e9fe66f8c42c8dccd2dd0dd732cac66,move scripts,2018-10-11 09:15:05+00:00,RENAME,83.0,207.0,,,2018-11-28T11:51:17Z
moses/scripts/run.py,main,molecularsets/moses,columns_and_datatype_not_explicitly_set,1,/home/gilberto-1/github/wrapper_code_smile/output_analysis/1735243578.6335516/molecularsetsmoses_analysis/09e5ee641ba6a5019f8aa2a73a2f23a19d5f6b2a/input/added/moses/scripts/run.py,143,09e5ee641ba6a5019f8aa2a73a2f23a19d5f6b2a,added,2018-10-10 17:28:44+00:00,add run script for all metrics,Makefile|sample.py|train.py|sample.py|train.py|sample.py|train.py|eval.py|sample.py|train.py|run.py|sample.py|train.py,81.0,1.0,0.0,0.0,0.0,2018-11-28T11:51:17Z,207.0,new_feature,,,/home/gilberto-1/github/wrapper_code_smile/output_analysis/1735243578.6335516/molecularsetsmoses_analysis/09e5ee641ba6a5019f8aa2a73a2f23a19d5f6b2a/input/added/moses/scripts/run.py,143,5993025e3e9fe66f8c42c8dccd2dd0dd732cac66,move scripts,2018-10-11 09:15:05+00:00,RENAME,83.0,207.0,,,2018-11-28T11:51:17Z
nbdt/analysis.py,_update_batch,alvinwan/neural-backed-decision-trees,pytorch_call_method_misused,1,/home/gilberto-1/github/wrapper_code_smile/output_analysis/1735158796.965824/alvinwanneural-backed-decision-trees_analysis/a530f71778b021809c7048bfaa6518751bd33598/input/modified/nbdt/analysis.py,425,a530f71778b021809c7048bfaa6518751bd33598,modified,2020-09-23 22:32:05+00:00,use only samples from a specific set of superclasses,README.md|analysis.py,791.0,0.0,0.0,0.0,0.0,2020-03-20T01:18:16Z,702.0,other,c8926e0439155a4e59979b29568e90a14e045b32,2020-03-23T07:17:32Z,/home/gilberto-1/github/wrapper_code_smile/output_analysis/1735158796.965824/alvinwanneural-backed-decision-trees_analysis/e82d70c9ef38f5001200a73abfe376fb4cad440d/input/modified/nbdt/analysis.py,463,0812e35d27d4bf1adb069c0ff815aeaa8c7d8fd0,"Decay (#17)

* add nominal support for kl div

* boilerplate for new dataset

* hierarchy-based soft labels

* rm custom dataset, implement soft labels as loss

* move criterions to device too

* move dists to right device

* add hlt to fname

* added lr to fname

* in-run validation reporting for soft decision rules

* fix hierarchical label smoothing

* decaying softness

* added softceloss

* threshold safeties

* new, actual decay flag

* fixed normalization + softmax

* label smoothing baseline

* fix baseline label smoothing by rm softmax

* 🐛

* fix smoothing 1-tau value

* tuned baseline tau

* report best acc for analysis

* pass normalization type

* unused one-hotify

* change default to div, update cckpt name

* hierarchihcal smoothing with label smoothing tau

* fixed hlt

* huh

* Fixxd ddist

* decay for tree sup loss

* added grow

* fix ckpt name

* change grow/decay to start/end tsw

* update ckpt fname with tsw tswe

* added tswp

* xent weight too

* xent wgt in ckpt name

* to device

* hierarchical smoothing exps

* rm hls fpath uttils",2020-11-12 04:36:59+00:00,MODIFY,802.0,702.0,,,2020-03-20T01:18:16Z
nbdt/analysis.py,forward_with_decisions,alvinwan/neural-backed-decision-trees,pytorch_call_method_misused,1,/home/gilberto-1/github/wrapper_code_smile/output_analysis/1735158796.965824/alvinwanneural-backed-decision-trees_analysis/7d4ee45647ba5380909f64e184ee628688b7fe8e/input/modified/nbdt/analysis.py,237,7d4ee45647ba5380909f64e184ee628688b7fe8e,modified,2020-03-23 21:13:34+00:00,added  method + output decisions in  script,analysis.py|nbdt|custom.py|graph.py|model.py,542.0,1.0,0.0,0.0,0.0,2020-03-20T01:18:16Z,702.0,new_feature,c8926e0439155a4e59979b29568e90a14e045b32,2020-03-23T07:17:32Z,/home/gilberto-1/github/wrapper_code_smile/output_analysis/1735158796.965824/alvinwanneural-backed-decision-trees_analysis/31e604896ff09fab54e6975dc0e8f981a49fe119/input/modified/nbdt/analysis.py,248,53c9e459a071d98e70a66553313b791a8620b5c6,moved embeddedDecisionRules to model,2020-04-02 02:01:07+00:00,MODIFY,615.0,702.0,,,2020-03-20T01:18:16Z
nbdt/analysis.py,forward_with_decisions,alvinwan/neural-backed-decision-trees,pytorch_call_method_misused,1,/home/gilberto-1/github/wrapper_code_smile/output_analysis/1735158796.965824/alvinwanneural-backed-decision-trees_analysis/7d4ee45647ba5380909f64e184ee628688b7fe8e/input/modified/nbdt/analysis.py,237,7d4ee45647ba5380909f64e184ee628688b7fe8e,modified,2020-03-23 21:13:34+00:00,added  method + output decisions in  script,analysis.py|nbdt|custom.py|graph.py|model.py,542.0,1.0,0.0,0.0,0.0,2020-03-20T01:18:16Z,702.0,new_feature,c8926e0439155a4e59979b29568e90a14e045b32,2020-03-23T07:17:32Z,/home/gilberto-1/github/wrapper_code_smile/output_analysis/1735158796.965824/alvinwanneural-backed-decision-trees_analysis/e82d70c9ef38f5001200a73abfe376fb4cad440d/input/modified/nbdt/analysis.py,463,0812e35d27d4bf1adb069c0ff815aeaa8c7d8fd0,"Decay (#17)

* add nominal support for kl div

* boilerplate for new dataset

* hierarchy-based soft labels

* rm custom dataset, implement soft labels as loss

* move criterions to device too

* move dists to right device

* add hlt to fname

* added lr to fname

* in-run validation reporting for soft decision rules

* fix hierarchical label smoothing

* decaying softness

* added softceloss

* threshold safeties

* new, actual decay flag

* fixed normalization + softmax

* label smoothing baseline

* fix baseline label smoothing by rm softmax

* 🐛

* fix smoothing 1-tau value

* tuned baseline tau

* report best acc for analysis

* pass normalization type

* unused one-hotify

* change default to div, update cckpt name

* hierarchihcal smoothing with label smoothing tau

* fixed hlt

* huh

* Fixxd ddist

* decay for tree sup loss

* added grow

* fix ckpt name

* change grow/decay to start/end tsw

* update ckpt fname with tsw tswe

* added tswp

* xent weight too

* xent wgt in ckpt name

* to device

* hierarchical smoothing exps

* rm hls fpath uttils",2020-11-12 04:36:59+00:00,MODIFY,802.0,702.0,,,2020-03-20T01:18:16Z
nbdt/analysis.py,update_batch,alvinwan/neural-backed-decision-trees,pytorch_call_method_misused,1,/home/gilberto-1/github/wrapper_code_smile/output_analysis/1735158796.965824/alvinwanneural-backed-decision-trees_analysis/e30ae5bc59157dc05ce9dd81e93f22d57e489ed0/input/modified/nbdt/analysis.py,175,e30ae5bc59157dc05ce9dd81e93f22d57e489ed0,modified,2020-03-20 10:52:41+00:00,added nbdt model wrappers + inference-only calls,main.py|analysis.py|custom.py|loss.py|model.py,496.0,1.0,0.0,0.0,0.0,2020-03-20T01:18:16Z,702.0,new_feature,c8926e0439155a4e59979b29568e90a14e045b32,2020-03-23T07:17:32Z,/home/gilberto-1/github/wrapper_code_smile/output_analysis/1735158796.965824/alvinwanneural-backed-decision-trees_analysis/31e604896ff09fab54e6975dc0e8f981a49fe119/input/modified/nbdt/analysis.py,248,53c9e459a071d98e70a66553313b791a8620b5c6,moved embeddedDecisionRules to model,2020-04-02 02:01:07+00:00,MODIFY,615.0,702.0,,,2020-03-20T01:18:16Z
nbdt/analysis.py,update_batch,alvinwan/neural-backed-decision-trees,pytorch_call_method_misused,1,/home/gilberto-1/github/wrapper_code_smile/output_analysis/1735158796.965824/alvinwanneural-backed-decision-trees_analysis/e30ae5bc59157dc05ce9dd81e93f22d57e489ed0/input/modified/nbdt/analysis.py,175,e30ae5bc59157dc05ce9dd81e93f22d57e489ed0,modified,2020-03-20 10:52:41+00:00,added nbdt model wrappers + inference-only calls,main.py|analysis.py|custom.py|loss.py|model.py,496.0,1.0,0.0,0.0,0.0,2020-03-20T01:18:16Z,702.0,new_feature,c8926e0439155a4e59979b29568e90a14e045b32,2020-03-23T07:17:32Z,/home/gilberto-1/github/wrapper_code_smile/output_analysis/1735158796.965824/alvinwanneural-backed-decision-trees_analysis/e82d70c9ef38f5001200a73abfe376fb4cad440d/input/modified/nbdt/analysis.py,463,0812e35d27d4bf1adb069c0ff815aeaa8c7d8fd0,"Decay (#17)

* add nominal support for kl div

* boilerplate for new dataset

* hierarchy-based soft labels

* rm custom dataset, implement soft labels as loss

* move criterions to device too

* move dists to right device

* add hlt to fname

* added lr to fname

* in-run validation reporting for soft decision rules

* fix hierarchical label smoothing

* decaying softness

* added softceloss

* threshold safeties

* new, actual decay flag

* fixed normalization + softmax

* label smoothing baseline

* fix baseline label smoothing by rm softmax

* 🐛

* fix smoothing 1-tau value

* tuned baseline tau

* report best acc for analysis

* pass normalization type

* unused one-hotify

* change default to div, update cckpt name

* hierarchihcal smoothing with label smoothing tau

* fixed hlt

* huh

* Fixxd ddist

* decay for tree sup loss

* added grow

* fix ckpt name

* change grow/decay to start/end tsw

* update ckpt fname with tsw tswe

* added tswp

* xent weight too

* xent wgt in ckpt name

* to device

* hierarchical smoothing exps

* rm hls fpath uttils",2020-11-12 04:36:59+00:00,MODIFY,802.0,702.0,,,2020-03-20T01:18:16Z
network/base_network.py,critic,ShangtongZhang/DeepRL,pytorch_call_method_misused,1,/home/gilberto-1/github/wrapper_code_smile/output_analysis/1735158796.965824/ShangtongZhangDeepRL_analysis/83a4270bb20c412538fcdedf53eaeebb13c05a74/input/modified/network/base_network.py,66,83a4270bb20c412538fcdedf53eaeebb13c05a74,modified,2017-12-12 06:41:16+00:00,Upgrade to PyTorch v0.3,README.md|main.py|base_network.py,104.0,0.0,0.0,1.0,0.0,2017-04-20T19:59:53Z,404.0,enhancement,e427e8f73f7d6c6ae0283a7a4438b724725ec192,2018-04-02T21:22:56Z,/home/gilberto-1/github/wrapper_code_smile/output_analysis/1735158796.965824/ShangtongZhangDeepRL_analysis/63f8027199394d4d318e383eaa433164b929334b/input/modified/network/base_network.py,82,0b57fdbc70168f5d938e4c144e5806035844829e,Rewrite discrete networks,2018-04-04 22:19:40+00:00,MODIFY,165.0,404.0,e427e8f73f7d6c6ae0283a7a4438b724725ec192,2018-04-02T21:22:56Z,2017-04-20T19:59:53Z
network/base_network.py,feature,ShangtongZhang/DeepRL,pytorch_call_method_misused,1,/home/gilberto-1/github/wrapper_code_smile/output_analysis/1735158796.965824/ShangtongZhangDeepRL_analysis/63f8027199394d4d318e383eaa433164b929334b/input/modified/network/base_network.py,144,63f8027199394d4d318e383eaa433164b929334b,modified,2018-04-04 02:20:18+00:00,Use openai atari wrapper,A2C_agent.py|NStepDQN_agent.py|__init__.py|__init__.py|atari_wrapper.py|replay.py|task.py|main.py|base_network.py|conv_network.py|shallow_network.py|config.py|misc.py|plot.py,164.0,0.0,0.0,0.0,0.0,2017-04-20T19:59:53Z,404.0,other,e427e8f73f7d6c6ae0283a7a4438b724725ec192,2018-04-02T21:22:56Z,/home/gilberto-1/github/wrapper_code_smile/output_analysis/1735158796.965824/ShangtongZhangDeepRL_analysis/63f8027199394d4d318e383eaa433164b929334b/input/modified/network/base_network.py,82,0b57fdbc70168f5d938e4c144e5806035844829e,Rewrite discrete networks,2018-04-04 22:19:40+00:00,MODIFY,165.0,404.0,e427e8f73f7d6c6ae0283a7a4438b724725ec192,2018-04-02T21:22:56Z,2017-04-20T19:59:53Z
network/base_network.py,predict,ShangtongZhang/DeepRL,pytorch_call_method_misused,1,/home/gilberto-1/github/wrapper_code_smile/output_analysis/1735158796.965824/ShangtongZhangDeepRL_analysis/83a4270bb20c412538fcdedf53eaeebb13c05a74/input/modified/network/base_network.py,47,83a4270bb20c412538fcdedf53eaeebb13c05a74,modified,2017-12-12 06:41:16+00:00,Upgrade to PyTorch v0.3,README.md|main.py|base_network.py,104.0,0.0,0.0,1.0,0.0,2017-04-20T19:59:53Z,404.0,enhancement,e427e8f73f7d6c6ae0283a7a4438b724725ec192,2018-04-02T21:22:56Z,/home/gilberto-1/github/wrapper_code_smile/output_analysis/1735158796.965824/ShangtongZhangDeepRL_analysis/63f8027199394d4d318e383eaa433164b929334b/input/modified/network/base_network.py,82,0b57fdbc70168f5d938e4c144e5806035844829e,Rewrite discrete networks,2018-04-04 22:19:40+00:00,MODIFY,165.0,404.0,e427e8f73f7d6c6ae0283a7a4438b724725ec192,2018-04-02T21:22:56Z,2017-04-20T19:59:53Z
network/network.py,critic,ShangtongZhang/DeepRL,pytorch_call_method_misused,1,/home/gilberto-1/github/wrapper_code_smile/output_analysis/1735158796.965824/ShangtongZhangDeepRL_analysis/ce504e2d0fa67755d4270c968caafb2c99a6a12e/input/added/network/network.py,60,ce504e2d0fa67755d4270c968caafb2c99a6a12e,added,2017-07-27 00:18:49+00:00,Major refactor,DDPG_agent.py|DQN_agent.py|__init__.py|async_agent.py|__init__.py|actor_critic.py|continuous_actor_critic.py|n_step_q.py|one_step_q.py|one_step_sarsa.py|__init__.py|__init__.py|atari_wrapper.py|policy.py|random_process.py|replay.py|task.py|main.py|network.py|__init__.py|continuous_action_network.py|conv_network.py|network.py|shallow_network.py|__init__.py|config.py|tf_logger.py|vanilla_logger.py,54.0,0.0,0.0,0.0,1.0,2017-04-20T19:59:53Z,404.0,refactoring,e427e8f73f7d6c6ae0283a7a4438b724725ec192,2018-04-02T21:22:56Z,/home/gilberto-1/github/wrapper_code_smile/output_analysis/1735158796.965824/ShangtongZhangDeepRL_analysis/3ed6f2a9dbb3031c130e7d71ee862407b33040f3/input/modified/network/network.py,66,6682937b54aa894045c3c23739b33aff4ecab763,Support python3 and pytorch 0.2,2017-10-27 05:01:57+00:00,RENAME,78.0,404.0,e427e8f73f7d6c6ae0283a7a4438b724725ec192,2018-04-02T21:22:56Z,2017-04-20T19:59:53Z
network/network.py,predict,ShangtongZhang/DeepRL,pytorch_call_method_misused,1,/home/gilberto-1/github/wrapper_code_smile/output_analysis/1735158796.965824/ShangtongZhangDeepRL_analysis/ce504e2d0fa67755d4270c968caafb2c99a6a12e/input/added/network/network.py,44,ce504e2d0fa67755d4270c968caafb2c99a6a12e,added,2017-07-27 00:18:49+00:00,Major refactor,DDPG_agent.py|DQN_agent.py|__init__.py|async_agent.py|__init__.py|actor_critic.py|continuous_actor_critic.py|n_step_q.py|one_step_q.py|one_step_sarsa.py|__init__.py|__init__.py|atari_wrapper.py|policy.py|random_process.py|replay.py|task.py|main.py|network.py|__init__.py|continuous_action_network.py|conv_network.py|network.py|shallow_network.py|__init__.py|config.py|tf_logger.py|vanilla_logger.py,54.0,0.0,0.0,0.0,1.0,2017-04-20T19:59:53Z,404.0,refactoring,e427e8f73f7d6c6ae0283a7a4438b724725ec192,2018-04-02T21:22:56Z,/home/gilberto-1/github/wrapper_code_smile/output_analysis/1735158796.965824/ShangtongZhangDeepRL_analysis/3ed6f2a9dbb3031c130e7d71ee862407b33040f3/input/modified/network/network.py,66,6682937b54aa894045c3c23739b33aff4ecab763,Support python3 and pytorch 0.2,2017-10-27 05:01:57+00:00,RENAME,78.0,404.0,e427e8f73f7d6c6ae0283a7a4438b724725ec192,2018-04-02T21:22:56Z,2017-04-20T19:59:53Z
next_batch.py,__init__,philipperemy/deep-speaker,columns_and_datatype_not_explicitly_set,1,/home/gilberto-1/github/wrapper_code_smile/output_analysis/1735158796.965824/philipperemydeep-speaker_analysis/e66704f998764422a05e4a6dffd05af0072c3902/input/modified/next_batch.py,61,e66704f998764422a05e4a6dffd05af0072c3902,modified,2017-07-03 06:49:25+00:00,work in progress,next_batch.py,28.0,0.0,0.0,0.0,0.0,2017-05-19T05:06:32Z,302.0,other,,,/home/gilberto-1/github/wrapper_code_smile/output_analysis/1735158796.965824/philipperemydeep-speaker_analysis/296d20c0b6b8583bba3ce0d46a8493319c23b8c7/input/modified/next_batch.py,87,06a2c1e76a4ed785a96bd3f725b4b52adb31fc6d,"v2 -> main impl
old impl -> v3",2018-09-17 04:31:50+00:00,RENAME,127.0,302.0,,,2017-05-19T05:06:32Z
nnsvs/base.py,inference,r9y9/nnsvs,pytorch_call_method_misused,1,/home/gilberto-1/github/wrapper_code_smile/output_analysis/1735158796.965824/r9y9nnsvs_analysis/ce870539e26c31bf3fca0508adf6a9d0ccd9ac1f/input/modified/nnsvs/base.py,28,ce870539e26c31bf3fca0508adf6a9d0ccd9ac1f,modified,2020-11-01 15:01:15+00:00,"Add BaseModel interface

and add inference method in case we want to run different operations
for training and inferente time (e.g., shallow AR)",base.py|generate.py|gen.py|model.py,179.0,1.0,0.0,1.0,0.0,2020-04-19T16:06:47Z,115.0,new_feature,0e9de8afc944f45151b2cbbdd6ae97fa4e205de1,2022-03-10T14:55:49Z,/home/gilberto-1/github/wrapper_code_smile/output_analysis/1735158796.965824/r9y9nnsvs_analysis/c2307613f69d61b977bb06a74dfc0916add943ee/input/modified/nnsvs/base.py,35,75d4964fa317bd869da40549741f80d45f6da597,"Refactor model.py: split it into two modules

- model.py: generic models that can be used for timelag/duration/acoustic
models
- acoustic_models.py: acoustic models",2022-06-10 15:21:35+00:00,MODIFY,945.0,115.0,98b2f306317726f3d250f00adb076a3d630f5d43,2022-04-26T17:10:13Z,2020-04-19T16:06:47Z
nnsvs/model.py,inference,r9y9/nnsvs,pytorch_call_method_misused,6,/home/gilberto-1/github/wrapper_code_smile/output_analysis/1735158796.965824/r9y9nnsvs_analysis/6749e676e15423c151934edffbf63a7472f27662/input/modified/nnsvs/model.py,861,6749e676e15423c151934edffbf63a7472f27662,modified,2022-04-24 07:19:55+00:00,Refactor train_resf0,train_resf0.py|train_resf0_gan.py|model.py|train_util.py,684.0,0.0,0.0,0.0,1.0,2020-04-19T16:06:47Z,115.0,refactoring,0e9de8afc944f45151b2cbbdd6ae97fa4e205de1,2022-03-10T14:55:49Z,/home/gilberto-1/github/wrapper_code_smile/output_analysis/1735158796.965824/r9y9nnsvs_analysis/6749e676e15423c151934edffbf63a7472f27662/input/modified/nnsvs/model.py,861,f139d15b820377b596a0617c7bf2907c6090bb8d,remove model that didn't work,2022-04-24 10:58:38+00:00,MODIFY,689.0,115.0,98b2f306317726f3d250f00adb076a3d630f5d43,2022-04-26T17:10:13Z,2020-04-19T16:06:47Z
nomeroff_net/nnmodels/fraud_numberpate_options.py,step,ria-com/nomeroff-net,pytorch_call_method_misused,1,/home/gilberto-1/github/wrapper_code_smile/output_analysis/1735158796.965824/ria-comnomeroff-net_analysis/9e150d6b40edc761707a7485d59a4d240d569aa5/input/added/nomeroff_net/nnmodels/fraud_numberpate_options.py,91,9e150d6b40edc761707a7485d59a4d240d569aa5,added,2022-03-14 13:03:20+00:00,Added betta fraud numberplate classification train scripts,fraud_numberplate_generator.py|img_generator.py|fraud_numberpate_options.py,1023.0,1.0,0.0,0.0,0.0,2018-12-10T13:56:51Z,452.0,new_feature,ca6498334cca489b0d8cec3ce05015743433837e,2022-07-21T11:21:07Z,/home/gilberto-1/github/wrapper_code_smile/output_analysis/1735158796.965824/ria-comnomeroff-net_analysis/80421ff5bae5ab0efa0a7961dc6fe13714bd2f43/input/modified/nomeroff_net/nnmodels/fraud_numberpate_options.py,96,93cd7265e4c5b01a7bdefbc93a13e0903b54003b,Added fake numberplate detector,2022-06-09 08:34:45+00:00,RENAME,1191.0,452.0,81d91f5bd47c32ad5c0b0d224f8a06d1517b8436,2022-05-20T14:00:34Z,2018-12-10T13:56:51Z
nomeroff_net/pipelines/number_plate_classification.py,run_single,ria-com/nomeroff-net,pytorch_call_method_misused,1,/home/gilberto-1/github/wrapper_code_smile/output_analysis/1735158796.965824/ria-comnomeroff-net_analysis/6d4c40ce73812de0f125a35738e109c1cc7e9903/input/added/nomeroff_net/pipelines/number_plate_classification.py,48,6d4c40ce73812de0f125a35738e109c1cc7e9903,added,2021-12-20 16:33:40+00:00,Initialize 3.0.0,.gitignore|History.md|eu_ua_2004.py|eu_ua_2015.py|kz.py|README.md|accuracy-test-custom.ipynb|accuracy-test-multiline.ipynb|accuracy-test-ramka.ipynb|accuracy-test.ipynb|accuracy-test.py|runtime-test.py|runtime-test-multiline.ipynb|runtime-test-tensorrt.ipynb|runtime-test.ipynb|0038SC-0.json|0038SC-0.png|0038SC-0.json|0038SC-0.png|0038SC-0.json|0038SC-0.png|custom-options-demo.ipynb|get-started-demo.ipynb|get-started-tiny-demo.ipynb|number-plate-bbox-filling.ipynb|number-plate-keypoints-filling.ipynb|number-plate-recognition-multiline-demo.ipynb|number-plate-recognition-rotation-demo.ipynb|number-plate-recognition-tensorrt.ipynb|get-started-demo.py|get-started-tiny-demo.py|number-plate-filling-demo.py|number-plate-recognition-full-demo.py|tornado-rest.py|rotated-number-plate-detection.ipynb|convert_craft_to_onnx.py|convert_ocr_to_onnx.py|convert_numberplate_options_to_onnx.py|server.py|server.py|client.py|app.js|moderateNPText.js|OCRM.html|__init__.py|__init__.py|img_generator.py|img_orientation_generator.py|inverse_img_generator.py|text_image_generator.py|__init__.py|numberplate_inverse_data_module.py|numberplate_ocr_data_module.py|numberplate_options_data_module.py|numberplate_orientation_data_module.py|__init__.py|base.py|dumpy_loader.py|opencv_loader.py|pillow_loader.py|turbo_loader.py|__init__.py|numberplate_classification_model.py|numberplate_inverse_model.py|numberplate_options_model.py|numberplate_orientation_model.py|ocr_model.py|__init__.py|default.py|eu_ua_2004.py|eu_ua_2015.py|kz.py|su.py|__init__.py|base.py|number_plate_bbox_filling.py|number_plate_classification.py|number_plate_detection_and_reading.py|number_plate_detection_and_reading_runtime.py|number_plate_key_points_detection.py|number_plate_key_points_filling.py|number_plate_localization.py|number_plate_text_reading.py|__init__.py|__init__.py|inverse_detector.py|options_detector.py|options_detector_onnx.py|orientation_detector.py|__init__.py|bbox_np_points.py|__init__.py|yolo_tools.py|yolo_v5_detector.py|yolo_v5_grpc_detector.py|yolov5_engine_detector.py|__init__.py|bbox_np_multiline.py|bbox_np_points.py|multiline_np_extractor.py|__init__.py|text_detector.py|text_detector_onnx.py|text_postprocessing.py|__init__.py|am.py|__init__.py|ocr.py|ocr_trt.py|by.py|eu.py|eu_ua_1995.py|eu_ua_2004_2015.py|ge.py|kg.py|kz.py|ru.py|su.py|README.txt|__init__.py|eu_ua_1995.py|eu_ua_2004.py|eu_ua_2004_squire.py|eu_ua_2015.py|eu_ua_2015_squire.py|ge.py|xx_xx.py|__init__.py|augmentations.py|chunk.py|custom_options.py|errors.py|filters.py|image_processing.py|mcm.py|ocr_tools.py|splitter.py|index.html|onlinedemo.html|arrayGroupFix.js|checkDir.js|checkDirStructure.js|joinAnnotationOcrDataset.js|moveDatasetFiles.js|viaManager.js|defaultController.js|viaController.js|default.js.example|analyze_via_dataset.ipynb|avto-nomer_grab.ipynb|box.ipynb|check_np_detection_on_ccpd_dataset.ipynb|mask_dataset_checker.ipynb|ocr-dataset-format-checker.ipynb|ocr_dataset_checker.ipynb|optionChecker.ipynb|ocr-eu-onnx-convertor.ipynb|ocrEuModelTrtConveror.ipynb|optionsModelTrtConveror.ipynb|from_CCPD_dataformat_to_YOLO_dataformat.ipynb|from_MaskRCNN_datafromat_to_COCO_dataformat.ipynb|from_MaskRCNN_datafromat_to_YOLO_dataformat.ipynb|inverse-classification-train.ipynb|ocr-by-train.ipynb|ocr-eu-train.ipynb|ocr-ge-train.ipynb|ocr-kg-train.ipynb|ocr-kz-train.ipynb|ocr-ru-train.ipynb|ocr-su-train.ipynb|ocr-ua-1995-train.ipynb|ocr-ua-train.ipynb|options-classification-base-count_lines-train.ipynb|options-classification-base-train.ipynb|options-classification-custom-train.ipynb|options-classification-train.ipynb|orientation-classification-train.ipynb|prepare_craft_dataset.ipynb|ocr_train.py|options_train.py|train_letter_recognition.ipynb|yolov5-train.ipynb,911.0,0.0,0.0,0.0,0.0,2018-12-10T13:56:51Z,452.0,other,ca6498334cca489b0d8cec3ce05015743433837e,2022-07-21T11:21:07Z,/home/gilberto-1/github/wrapper_code_smile/output_analysis/1735158796.965824/ria-comnomeroff-net_analysis/6d4c40ce73812de0f125a35738e109c1cc7e9903/input/added/nomeroff_net/pipelines/number_plate_classification.py,48,879ea35a598a53a15478c458ebe22b358ed82696,Added batch_size and num_workers pipleine preprocessing and postprocessing params,2021-12-21 14:29:19+00:00,MODIFY,915.0,452.0,81d91f5bd47c32ad5c0b0d224f8a06d1517b8436,2022-05-20T14:00:34Z,2018-12-10T13:56:51Z
nomeroff_net/pipes/number_plate_keypoints_detectors/bbox_np_points.py,detect,ria-com/nomeroff-net,pytorch_call_method_misused,1,/home/gilberto-1/github/wrapper_code_smile/output_analysis/1735158796.965824/ria-comnomeroff-net_analysis/cf8161012237a9d7aef456e33c6aa3970cfcb1b0/input/modified/nomeroff_net/pipes/number_plate_keypoints_detectors/bbox_np_points.py,169,cf8161012237a9d7aef456e33c6aa3970cfcb1b0,modified,2022-02-15 13:23:37+00:00,Optimize bbox_np_points.py,number_plate_detection_and_reading.py|number_plate_key_points_detection.py|number_plate_key_points_detection_v2.py|bbox_np_points.py,1008.0,0.0,0.0,1.0,0.0,2018-12-10T13:56:51Z,452.0,enhancement,ca6498334cca489b0d8cec3ce05015743433837e,2022-07-21T11:21:07Z,/home/gilberto-1/github/wrapper_code_smile/output_analysis/1735158796.965824/ria-comnomeroff-net_analysis/8a79322b5affc77aecb5aa6ef1274320859f5291/input/modified/nomeroff_net/pipes/number_plate_keypoints_detectors/bbox_np_points.py,169,e3909d477330f731b5e77f65807c78c34b207163,Added nomeroff-net/tools/py tests,2022-03-14 17:27:05+00:00,MODIFY,1014.0,452.0,81d91f5bd47c32ad5c0b0d224f8a06d1517b8436,2022-05-20T14:00:34Z,2018-12-10T13:56:51Z
nomeroff_net/pipes/number_plate_keypoints_detectors/bbox_np_points.py,detect_probably_multiline_zones,ria-com/nomeroff-net,pytorch_call_method_misused,1,/home/gilberto-1/github/wrapper_code_smile/output_analysis/1735158796.965824/ria-comnomeroff-net_analysis/005686212c5a2eadb92a7b3b9a1a812352c3afa6/input/modified/nomeroff_net/pipes/number_plate_keypoints_detectors/bbox_np_points.py,284,005686212c5a2eadb92a7b3b9a1a812352c3afa6,modified,2022-02-14 14:17:29+00:00,Update multiline number plate detection and reading runtime,runtime-test.py|runtime-test-multiline.ipynb|runtime-test-tensorrt.ipynb|multiline_number_plate_detection_and_reading_runtime.py|bbox_np_points.py|bbox_np_points_tools.py,1003.0,0.0,0.0,1.0,0.0,2018-12-10T13:56:51Z,452.0,enhancement,ca6498334cca489b0d8cec3ce05015743433837e,2022-07-21T11:21:07Z,/home/gilberto-1/github/wrapper_code_smile/output_analysis/1735158796.965824/ria-comnomeroff-net_analysis/8a79322b5affc77aecb5aa6ef1274320859f5291/input/modified/nomeroff_net/pipes/number_plate_keypoints_detectors/bbox_np_points.py,169,e3909d477330f731b5e77f65807c78c34b207163,Added nomeroff-net/tools/py tests,2022-03-14 17:27:05+00:00,MODIFY,1014.0,452.0,81d91f5bd47c32ad5c0b0d224f8a06d1517b8436,2022-05-20T14:00:34Z,2018-12-10T13:56:51Z
nomeroff_net/pipes/number_plate_keypoints_detectors/bbox_np_points.py,detect_probably_multiline_zones,ria-com/nomeroff-net,pytorch_call_method_misused,1,/home/gilberto-1/github/wrapper_code_smile/output_analysis/1735158796.965824/ria-comnomeroff-net_analysis/005686212c5a2eadb92a7b3b9a1a812352c3afa6/input/modified/nomeroff_net/pipes/number_plate_keypoints_detectors/bbox_np_points.py,284,005686212c5a2eadb92a7b3b9a1a812352c3afa6,modified,2022-02-14 14:17:29+00:00,Update multiline number plate detection and reading runtime,runtime-test.py|runtime-test-multiline.ipynb|runtime-test-tensorrt.ipynb|multiline_number_plate_detection_and_reading_runtime.py|bbox_np_points.py|bbox_np_points_tools.py,1003.0,0.0,0.0,1.0,0.0,2018-12-10T13:56:51Z,452.0,enhancement,ca6498334cca489b0d8cec3ce05015743433837e,2022-07-21T11:21:07Z,/home/gilberto-1/github/wrapper_code_smile/output_analysis/1735158796.965824/ria-comnomeroff-net_analysis/6fc11585c49491f5165ccdb91e8f4296881b3fab/input/modified/nomeroff_net/pipes/number_plate_keypoints_detectors/bbox_np_points.py,297,cf8161012237a9d7aef456e33c6aa3970cfcb1b0,Optimize bbox_np_points.py,2022-02-15 13:23:37+00:00,MODIFY,1008.0,452.0,81d91f5bd47c32ad5c0b0d224f8a06d1517b8436,2022-05-20T14:00:34Z,2018-12-10T13:56:51Z
nomeroff_net/pipes/number_plate_keypoints_detectors/bbox_np_points.py,forward_batch,ria-com/nomeroff-net,pytorch_call_method_misused,1,/home/gilberto-1/github/wrapper_code_smile/output_analysis/1735158796.965824/ria-comnomeroff-net_analysis/cf8161012237a9d7aef456e33c6aa3970cfcb1b0/input/modified/nomeroff_net/pipes/number_plate_keypoints_detectors/bbox_np_points.py,174,cf8161012237a9d7aef456e33c6aa3970cfcb1b0,modified,2022-02-15 13:23:37+00:00,Optimize bbox_np_points.py,number_plate_detection_and_reading.py|number_plate_key_points_detection.py|number_plate_key_points_detection_v2.py|bbox_np_points.py,1008.0,0.0,0.0,1.0,0.0,2018-12-10T13:56:51Z,452.0,enhancement,ca6498334cca489b0d8cec3ce05015743433837e,2022-07-21T11:21:07Z,/home/gilberto-1/github/wrapper_code_smile/output_analysis/1735158796.965824/ria-comnomeroff-net_analysis/8a79322b5affc77aecb5aa6ef1274320859f5291/input/modified/nomeroff_net/pipes/number_plate_keypoints_detectors/bbox_np_points.py,169,e3909d477330f731b5e77f65807c78c34b207163,Added nomeroff-net/tools/py tests,2022-03-14 17:27:05+00:00,MODIFY,1014.0,452.0,81d91f5bd47c32ad5c0b0d224f8a06d1517b8436,2022-05-20T14:00:34Z,2018-12-10T13:56:51Z
nomeroff_net/tools/datasets_tools.py,auto_number_grab,ria-com/nomeroff-net,columns_and_datatype_not_explicitly_set,2,/home/gilberto-1/github/wrapper_code_smile/output_analysis/1735158796.965824/ria-comnomeroff-net_analysis/14e12282a7865481509aa55cf982c8ab383f093b/input/modified/nomeroff_net/tools/datasets_tools.py,148,14e12282a7865481509aa55cf982c8ab383f093b,modified,2022-06-13 09:10:46+00:00,Update auto number grab tools,History.md|auto_number_grab.ipynb|number-plate-recognition-tensorrt.ipynb|number_plate_detection_and_reading.py|datasets_tools.py,1203.0,0.0,0.0,1.0,0.0,2018-12-10T13:56:51Z,452.0,enhancement,ca6498334cca489b0d8cec3ce05015743433837e,2022-07-21T11:21:07Z,/home/gilberto-1/github/wrapper_code_smile/output_analysis/1735158796.965824/ria-comnomeroff-net_analysis/1bcebda7717d460c894511607396bb9492cd8794/input/modified/nomeroff_net/tools/datasets_tools.py,157,fb1cd69854759e6a495d0ee4e7306744d94d97bf,https://github.com/ria-com/nomeroff-net/issues/280,2024-12-16 06:52:41+00:00,MODIFY,1458.0,452.0,81d91f5bd47c32ad5c0b0d224f8a06d1517b8436,2022-05-20T14:00:34Z,2018-12-10T13:56:51Z
nrekit/framework/SentenceRE.py,train_model,thunlp/OpenNRE,gradients_not_cleared_before_backward_propagation,1,/home/gilberto-1/github/wrapper_code_smile/output_analysis/1735158796.965824/thunlpOpenNRE_analysis/a93300e5f9ecfb87f9f3eb7ff66b049ca128b60d/input/added/nrekit/framework/SentenceRE.py,82,a93300e5f9ecfb87f9f3eb7ff66b049ca128b60d,added,2019-06-26 12:20:35+00:00,no message,__init__.py|data_loader.py|encoder.py|BERTEncoder.py|BaseEncoder.py|CNNEncoder.py|PCNNEncoder.py|__init__.py|framework.py|DataLoader.py|SentenceRE.py|__init__.py|utils.py|BaseModel.py|SoftmaxNN.py|__init__.py|models.py|__init__.py|CNN.py|LSTM.py|RNN.py|__init__.py|AvgPool.py|MaxPool.py|__init__.py|__init__.py|basicTokenizer.py|bertTokenizer.py|unitTest.py|utils.py|wordPieceTokenizer.py|wordTokenizer.py|train_semeval_cnn_softmax.py|train_wiki80.py,8.0,0.0,0.0,0.0,0.0,2017-02-26T07:37:12Z,120.0,other,,,/home/gilberto-1/github/wrapper_code_smile/output_analysis/1735158796.965824/thunlpOpenNRE_analysis/a93300e5f9ecfb87f9f3eb7ff66b049ca128b60d/input/added/nrekit/framework/SentenceRE.py,82,a8b30843223b989ca1a3fc435f216faf58eb0f1d,renaming to lower case,2019-06-27 08:57:35+00:00,RENAME,10.0,120.0,,,2017-02-26T07:37:12Z
nrekit/framework/sentence_re.py,train_model,thunlp/OpenNRE,gradients_not_cleared_before_backward_propagation,1,/home/gilberto-1/github/wrapper_code_smile/output_analysis/1735158796.965824/thunlpOpenNRE_analysis/e98cae2c02d937fd870a771e257c13e161a49cb8/input/deleted/nrekit/framework/sentence_re.py,82,e98cae2c02d937fd870a771e257c13e161a49cb8,deleted,2019-06-29 06:13:07+00:00,change some file name and fix tabs,.gitignore|__init__.py|data_loader.py|encoder.py|__init__.py|base_encoder.py|bert_encoder.py|cnn_encoder.py|pcnn_encoder.py|framework.py|__init__.py|data_loader.py|sentence_re.py|__init__.py|softmax_nn.py|__init__.py|bag_models.py|fewshot_models.py|ner_models.py|sent_models.py|__init__.py|CNN.py|LSTM.py|RNN.py|__init__.py|__init__.py|avg_pool.py|max_pool.py|__init__.py|basic_tokenizer.py|bert_tokenizer.py|unit_test.py|utils.py|word_piece_tokenizer.py|word_tokenizer.py|util.py|playground.py|setup.py|train_semeval_cnn_softmax.py|train_wiki80.py,11.0,0.0,1.0,1.0,0.0,2017-02-26T07:37:12Z,120.0,enhancement,,,/home/gilberto-1/github/wrapper_code_smile/output_analysis/1735158796.965824/thunlpOpenNRE_analysis/b478035947b3c9882890dfb531406c006143938c/input/modified/nrekit/framework/sentence_re.py,123,80bc4fb793f09ea50add1f1b8570247e6df192b3,change name of nrekit to opennre,2019-08-10 19:08:05+00:00,RENAME,34.0,120.0,,,2017-02-26T07:37:12Z
nrekit/model/SoftmaxNN.py,infer,thunlp/OpenNRE,pytorch_call_method_misused,1,/home/gilberto-1/github/wrapper_code_smile/output_analysis/1735158796.965824/thunlpOpenNRE_analysis/a93300e5f9ecfb87f9f3eb7ff66b049ca128b60d/input/added/nrekit/model/SoftmaxNN.py,27,a93300e5f9ecfb87f9f3eb7ff66b049ca128b60d,added,2019-06-26 12:20:35+00:00,no message,__init__.py|data_loader.py|encoder.py|BERTEncoder.py|BaseEncoder.py|CNNEncoder.py|PCNNEncoder.py|__init__.py|framework.py|DataLoader.py|SentenceRE.py|__init__.py|utils.py|BaseModel.py|SoftmaxNN.py|__init__.py|models.py|__init__.py|CNN.py|LSTM.py|RNN.py|__init__.py|AvgPool.py|MaxPool.py|__init__.py|__init__.py|basicTokenizer.py|bertTokenizer.py|unitTest.py|utils.py|wordPieceTokenizer.py|wordTokenizer.py|train_semeval_cnn_softmax.py|train_wiki80.py,8.0,0.0,0.0,0.0,0.0,2017-02-26T07:37:12Z,120.0,other,,,/home/gilberto-1/github/wrapper_code_smile/output_analysis/1735158796.965824/thunlpOpenNRE_analysis/a93300e5f9ecfb87f9f3eb7ff66b049ca128b60d/input/added/nrekit/model/SoftmaxNN.py,27,a8b30843223b989ca1a3fc435f216faf58eb0f1d,renaming to lower case,2019-06-27 08:57:35+00:00,RENAME,10.0,120.0,,,2017-02-26T07:37:12Z
nrekit/framework/bag_re.py,eval_model,thunlp/OpenNRE,pytorch_call_method_misused,1,/home/gilberto-1/github/wrapper_code_smile/output_analysis/1735158796.965824/thunlpOpenNRE_analysis/55d5b9e7f94825fe5fdf50fa95513b00a7e14c98/input/added/nrekit/framework/bag_re.py,153,55d5b9e7f94825fe5fdf50fa95513b00a7e14c98,added,2019-07-01 04:02:57+00:00,add linear for bertentity and add pcnnatt,bert_encoder.py|pcnn_encoder.py|__init__.py|bag_re.py|__init__.py|bag_attention.py|base_model.py|softmax_nn.py|train_nyt10_pcnn_att.py|train_wiki80_bertentity_softmax.py,27.0,1.0,0.0,0.0,0.0,2017-02-26T07:37:12Z,120.0,new_feature,,,/home/gilberto-1/github/wrapper_code_smile/output_analysis/1735158796.965824/thunlpOpenNRE_analysis/ab13ba52db11d772518d5d3ab598996a0707a8ed/input/added/nrekit/framework/bag_re.py,153,7c15c881392d8a16ea90b52a71002384255fb385,Fix bug in pcnnatt,2019-11-03 05:52:00+00:00,MODIFY,66.0,120.0,,,2017-02-26T07:37:12Z
nrekit/framework/bag_re.py,train_model,thunlp/OpenNRE,pytorch_call_method_misused,1,/home/gilberto-1/github/wrapper_code_smile/output_analysis/1735158796.965824/thunlpOpenNRE_analysis/55d5b9e7f94825fe5fdf50fa95513b00a7e14c98/input/added/nrekit/framework/bag_re.py,107,55d5b9e7f94825fe5fdf50fa95513b00a7e14c98,added,2019-07-01 04:02:57+00:00,add linear for bertentity and add pcnnatt,bert_encoder.py|pcnn_encoder.py|__init__.py|bag_re.py|__init__.py|bag_attention.py|base_model.py|softmax_nn.py|train_nyt10_pcnn_att.py|train_wiki80_bertentity_softmax.py,27.0,1.0,0.0,0.0,0.0,2017-02-26T07:37:12Z,120.0,new_feature,,,/home/gilberto-1/github/wrapper_code_smile/output_analysis/1735158796.965824/thunlpOpenNRE_analysis/ab13ba52db11d772518d5d3ab598996a0707a8ed/input/added/nrekit/framework/bag_re.py,153,7c15c881392d8a16ea90b52a71002384255fb385,Fix bug in pcnnatt,2019-11-03 05:52:00+00:00,MODIFY,66.0,120.0,,,2017-02-26T07:37:12Z
nrekit/model/softmax_nn.py,infer,thunlp/OpenNRE,pytorch_call_method_misused,1,/home/gilberto-1/github/wrapper_code_smile/output_analysis/1735158796.965824/thunlpOpenNRE_analysis/e98cae2c02d937fd870a771e257c13e161a49cb8/input/deleted/nrekit/model/softmax_nn.py,27,e98cae2c02d937fd870a771e257c13e161a49cb8,deleted,2019-06-29 06:13:07+00:00,change some file name and fix tabs,.gitignore|__init__.py|data_loader.py|encoder.py|__init__.py|base_encoder.py|bert_encoder.py|cnn_encoder.py|pcnn_encoder.py|framework.py|__init__.py|data_loader.py|sentence_re.py|__init__.py|softmax_nn.py|__init__.py|bag_models.py|fewshot_models.py|ner_models.py|sent_models.py|__init__.py|CNN.py|LSTM.py|RNN.py|__init__.py|__init__.py|avg_pool.py|max_pool.py|__init__.py|basic_tokenizer.py|bert_tokenizer.py|unit_test.py|utils.py|word_piece_tokenizer.py|word_tokenizer.py|util.py|playground.py|setup.py|train_semeval_cnn_softmax.py|train_wiki80.py,11.0,0.0,1.0,1.0,0.0,2017-02-26T07:37:12Z,120.0,enhancement,,,/home/gilberto-1/github/wrapper_code_smile/output_analysis/1735158796.965824/thunlpOpenNRE_analysis/55d5b9e7f94825fe5fdf50fa95513b00a7e14c98/input/modified/nrekit/model/softmax_nn.py,29,80bc4fb793f09ea50add1f1b8570247e6df192b3,change name of nrekit to opennre,2019-08-10 19:08:05+00:00,RENAME,34.0,120.0,,,2017-02-26T07:37:12Z
nyaggle/experiment/gbdt.py,callback,nyanp/nyaggle,columns_and_datatype_not_explicitly_set,1,/home/gilberto-1/github/wrapper_code_smile/output_analysis/1735158796.965824/nyanpnyaggle_analysis/fceb7f064d9a39031ed98b6afd25502fdb66b17e/input/added/nyaggle/experiment/gbdt.py,126,fceb7f064d9a39031ed98b6afd25502fdb66b17e,added,2019-12-31 03:01:48+00:00,support catboost,__init__.py|gbdt.py|lgb.py|util.py|requirements.txt|setup.py|test_experiment.py|test_gbdt.py|test_cv.py,45.0,0.0,0.0,1.0,0.0,2019-12-19T02:01:19Z,350.0,enhancement,574bed1769e3df20f90d66a143c1fb2c55e18660,2020-01-14T15:30:15Z,/home/gilberto-1/github/wrapper_code_smile/output_analysis/1735158796.965824/nyanpnyaggle_analysis/a82c0334f6a2243c562ca71d5849adb78f34fad4/input/modified/nyaggle/experiment/gbdt.py,151,b7d9b7ff6932e5a6da7096144a45495cbf0e1886,refactoring,2020-01-05 13:38:56+00:00,MODIFY,63.0,350.0,0c0c86a33061240e9328a247a091184c8238fc7e,2020-02-17T15:00:06Z,2019-12-19T02:01:19Z
nyaggle/experiment/gbdt.py,callback,nyanp/nyaggle,columns_and_datatype_not_explicitly_set,1,/home/gilberto-1/github/wrapper_code_smile/output_analysis/1735158796.965824/nyanpnyaggle_analysis/fceb7f064d9a39031ed98b6afd25502fdb66b17e/input/added/nyaggle/experiment/gbdt.py,126,fceb7f064d9a39031ed98b6afd25502fdb66b17e,added,2019-12-31 03:01:48+00:00,support catboost,__init__.py|gbdt.py|lgb.py|util.py|requirements.txt|setup.py|test_experiment.py|test_gbdt.py|test_cv.py,45.0,0.0,0.0,1.0,0.0,2019-12-19T02:01:19Z,350.0,enhancement,574bed1769e3df20f90d66a143c1fb2c55e18660,2020-01-14T15:30:15Z,/home/gilberto-1/github/wrapper_code_smile/output_analysis/1735158796.965824/nyanpnyaggle_analysis/5a6f553de6eab427c9bce2a807934f57aa44e638/input/modified/nyaggle/experiment/gbdt.py,336,4468563cd60cab7180e36c70a5429f7a8f925ce7,refactoring,2020-02-04 14:44:07+00:00,RENAME,199.0,350.0,0c0c86a33061240e9328a247a091184c8238fc7e,2020-02-17T15:00:06Z,2019-12-19T02:01:19Z
nyaggle/experiment/gbdt.py,callback,nyanp/nyaggle,columns_and_datatype_not_explicitly_set,1,/home/gilberto-1/github/wrapper_code_smile/output_analysis/1735158796.965824/nyanpnyaggle_analysis/fceb7f064d9a39031ed98b6afd25502fdb66b17e/input/added/nyaggle/experiment/gbdt.py,126,fceb7f064d9a39031ed98b6afd25502fdb66b17e,added,2019-12-31 03:01:48+00:00,support catboost,__init__.py|gbdt.py|lgb.py|util.py|requirements.txt|setup.py|test_experiment.py|test_gbdt.py|test_cv.py,45.0,0.0,0.0,1.0,0.0,2019-12-19T02:01:19Z,350.0,enhancement,574bed1769e3df20f90d66a143c1fb2c55e18660,2020-01-14T15:30:15Z,/home/gilberto-1/github/wrapper_code_smile/output_analysis/1735158796.965824/nyanpnyaggle_analysis/693609ffb0d7dd802d08ff83544b7d6006b93558/input/modified/nyaggle/experiment/gbdt.py,313,7b77100a58de265eec3d6d59319bfef2ecd86d15,interact with feature_store,2020-01-24 10:46:16+00:00,MODIFY,172.0,350.0,0c0c86a33061240e9328a247a091184c8238fc7e,2020-02-17T15:00:06Z,2019-12-19T02:01:19Z
nyaggle/experiment/gbdt.py,experiment,nyanp/nyaggle,columns_and_datatype_not_explicitly_set,1,/home/gilberto-1/github/wrapper_code_smile/output_analysis/1735158796.965824/nyanpnyaggle_analysis/5a6f553de6eab427c9bce2a807934f57aa44e638/input/modified/nyaggle/experiment/gbdt.py,336,5a6f553de6eab427c9bce2a807934f57aa44e638,modified,2020-02-04 14:35:19+00:00,change default value of with_auto_prep parameter,gbdt.py|test_gbdt.py,198.0,0.0,0.0,1.0,0.0,2019-12-19T02:01:19Z,350.0,enhancement,574bed1769e3df20f90d66a143c1fb2c55e18660,2020-01-14T15:30:15Z,/home/gilberto-1/github/wrapper_code_smile/output_analysis/1735158796.965824/nyanpnyaggle_analysis/5a6f553de6eab427c9bce2a807934f57aa44e638/input/modified/nyaggle/experiment/gbdt.py,336,4468563cd60cab7180e36c70a5429f7a8f925ce7,refactoring,2020-02-04 14:44:07+00:00,RENAME,199.0,350.0,0c0c86a33061240e9328a247a091184c8238fc7e,2020-02-17T15:00:06Z,2019-12-19T02:01:19Z
nyaggle/experiment/gbdt.py,experiment_gbdt,nyanp/nyaggle,columns_and_datatype_not_explicitly_set,1,/home/gilberto-1/github/wrapper_code_smile/output_analysis/1735158796.965824/nyanpnyaggle_analysis/fceb7f064d9a39031ed98b6afd25502fdb66b17e/input/added/nyaggle/experiment/gbdt.py,152,fceb7f064d9a39031ed98b6afd25502fdb66b17e,added,2019-12-31 03:01:48+00:00,support catboost,__init__.py|gbdt.py|lgb.py|util.py|requirements.txt|setup.py|test_experiment.py|test_gbdt.py|test_cv.py,45.0,0.0,0.0,1.0,0.0,2019-12-19T02:01:19Z,350.0,enhancement,574bed1769e3df20f90d66a143c1fb2c55e18660,2020-01-14T15:30:15Z,/home/gilberto-1/github/wrapper_code_smile/output_analysis/1735158796.965824/nyanpnyaggle_analysis/a82c0334f6a2243c562ca71d5849adb78f34fad4/input/modified/nyaggle/experiment/gbdt.py,151,b7d9b7ff6932e5a6da7096144a45495cbf0e1886,refactoring,2020-01-05 13:38:56+00:00,MODIFY,63.0,350.0,0c0c86a33061240e9328a247a091184c8238fc7e,2020-02-17T15:00:06Z,2019-12-19T02:01:19Z
nyaggle/experiment/gbdt.py,experiment_gbdt,nyanp/nyaggle,columns_and_datatype_not_explicitly_set,1,/home/gilberto-1/github/wrapper_code_smile/output_analysis/1735158796.965824/nyanpnyaggle_analysis/fceb7f064d9a39031ed98b6afd25502fdb66b17e/input/added/nyaggle/experiment/gbdt.py,152,fceb7f064d9a39031ed98b6afd25502fdb66b17e,added,2019-12-31 03:01:48+00:00,support catboost,__init__.py|gbdt.py|lgb.py|util.py|requirements.txt|setup.py|test_experiment.py|test_gbdt.py|test_cv.py,45.0,0.0,0.0,1.0,0.0,2019-12-19T02:01:19Z,350.0,enhancement,574bed1769e3df20f90d66a143c1fb2c55e18660,2020-01-14T15:30:15Z,/home/gilberto-1/github/wrapper_code_smile/output_analysis/1735158796.965824/nyanpnyaggle_analysis/5a6f553de6eab427c9bce2a807934f57aa44e638/input/modified/nyaggle/experiment/gbdt.py,336,4468563cd60cab7180e36c70a5429f7a8f925ce7,refactoring,2020-02-04 14:44:07+00:00,RENAME,199.0,350.0,0c0c86a33061240e9328a247a091184c8238fc7e,2020-02-17T15:00:06Z,2019-12-19T02:01:19Z
nyaggle/experiment/gbdt.py,experiment_gbdt,nyanp/nyaggle,columns_and_datatype_not_explicitly_set,1,/home/gilberto-1/github/wrapper_code_smile/output_analysis/1735158796.965824/nyanpnyaggle_analysis/fceb7f064d9a39031ed98b6afd25502fdb66b17e/input/added/nyaggle/experiment/gbdt.py,152,fceb7f064d9a39031ed98b6afd25502fdb66b17e,added,2019-12-31 03:01:48+00:00,support catboost,__init__.py|gbdt.py|lgb.py|util.py|requirements.txt|setup.py|test_experiment.py|test_gbdt.py|test_cv.py,45.0,0.0,0.0,1.0,0.0,2019-12-19T02:01:19Z,350.0,enhancement,574bed1769e3df20f90d66a143c1fb2c55e18660,2020-01-14T15:30:15Z,/home/gilberto-1/github/wrapper_code_smile/output_analysis/1735158796.965824/nyanpnyaggle_analysis/693609ffb0d7dd802d08ff83544b7d6006b93558/input/modified/nyaggle/experiment/gbdt.py,313,7b77100a58de265eec3d6d59319bfef2ecd86d15,interact with feature_store,2020-01-24 10:46:16+00:00,MODIFY,172.0,350.0,0c0c86a33061240e9328a247a091184c8238fc7e,2020-02-17T15:00:06Z,2019-12-19T02:01:19Z
nyaggle/experiment/gbdt.py,experiment_gbdt,nyanp/nyaggle,columns_and_datatype_not_explicitly_set,2,/home/gilberto-1/github/wrapper_code_smile/output_analysis/1735158796.965824/nyanpnyaggle_analysis/fceb7f064d9a39031ed98b6afd25502fdb66b17e/input/added/nyaggle/experiment/gbdt.py,126,fceb7f064d9a39031ed98b6afd25502fdb66b17e,added,2019-12-31 03:01:48+00:00,support catboost,__init__.py|gbdt.py|lgb.py|util.py|requirements.txt|setup.py|test_experiment.py|test_gbdt.py|test_cv.py,45.0,0.0,0.0,1.0,0.0,2019-12-19T02:01:19Z,350.0,enhancement,574bed1769e3df20f90d66a143c1fb2c55e18660,2020-01-14T15:30:15Z,/home/gilberto-1/github/wrapper_code_smile/output_analysis/1735158796.965824/nyanpnyaggle_analysis/98e9f05ff1e43e023e04a25277f744f87c2604f2/input/modified/nyaggle/experiment/gbdt.py,189,9e3781f23d8e960cf3108a9ce9317dbf9567aba4,Update gbdt.py,2020-01-16 03:20:20+00:00,MODIFY,125.0,350.0,0c0c86a33061240e9328a247a091184c8238fc7e,2020-02-17T15:00:06Z,2019-12-19T02:01:19Z
nyaggle/experiment/run.py,_make_submission_df,nyanp/nyaggle,columns_and_datatype_not_explicitly_set,1,/home/gilberto-1/github/wrapper_code_smile/output_analysis/1735158796.965824/nyanpnyaggle_analysis/d23fc797fe3eb5c9cc3ea664178b40d056b3c3ac/input/modified/nyaggle/experiment/run.py,267,d23fc797fe3eb5c9cc3ea664178b40d056b3c3ac,modified,2020-02-12 15:07:23+00:00,refactoring,run.py,218.0,0.0,0.0,0.0,1.0,2019-12-19T02:01:19Z,350.0,refactoring,574bed1769e3df20f90d66a143c1fb2c55e18660,2020-01-14T15:30:15Z,/home/gilberto-1/github/wrapper_code_smile/output_analysis/1735158796.965824/nyanpnyaggle_analysis/c410072c218e1bf3a9a4be122ccaab39989519a4/input/modified/nyaggle/experiment/run.py,294,93c174e291606c584cb86cfc752c8507f322501f,implement stacking and averaging,2020-02-25 14:38:26+00:00,MODIFY,305.0,350.0,0c0c86a33061240e9328a247a091184c8238fc7e,2020-02-17T15:00:06Z,2019-12-19T02:01:19Z
nyaggle/experiment/run.py,run_experiment,nyanp/nyaggle,columns_and_datatype_not_explicitly_set,1,/home/gilberto-1/github/wrapper_code_smile/output_analysis/1735158796.965824/nyanpnyaggle_analysis/2e77385e99e8abbea4c0afa220eaa0e0f76fbf60/input/modified/nyaggle/experiment/run.py,256,2e77385e99e8abbea4c0afa220eaa0e0f76fbf60,modified,2020-02-12 14:33:34+00:00,s/LGBResult/ExperimentResult,run.py,215.0,0.0,0.0,0.0,0.0,2019-12-19T02:01:19Z,350.0,other,574bed1769e3df20f90d66a143c1fb2c55e18660,2020-01-14T15:30:15Z,/home/gilberto-1/github/wrapper_code_smile/output_analysis/1735158796.965824/nyanpnyaggle_analysis/c410072c218e1bf3a9a4be122ccaab39989519a4/input/modified/nyaggle/experiment/run.py,294,93c174e291606c584cb86cfc752c8507f322501f,implement stacking and averaging,2020-02-25 14:38:26+00:00,MODIFY,305.0,350.0,0c0c86a33061240e9328a247a091184c8238fc7e,2020-02-17T15:00:06Z,2019-12-19T02:01:19Z
nyaggle/experiment/run.py,run_experiment,nyanp/nyaggle,columns_and_datatype_not_explicitly_set,1,/home/gilberto-1/github/wrapper_code_smile/output_analysis/1735158796.965824/nyanpnyaggle_analysis/2e77385e99e8abbea4c0afa220eaa0e0f76fbf60/input/modified/nyaggle/experiment/run.py,256,2e77385e99e8abbea4c0afa220eaa0e0f76fbf60,modified,2020-02-12 14:33:34+00:00,s/LGBResult/ExperimentResult,run.py,215.0,0.0,0.0,0.0,0.0,2019-12-19T02:01:19Z,350.0,other,574bed1769e3df20f90d66a143c1fb2c55e18660,2020-01-14T15:30:15Z,/home/gilberto-1/github/wrapper_code_smile/output_analysis/1735158796.965824/nyanpnyaggle_analysis/2e77385e99e8abbea4c0afa220eaa0e0f76fbf60/input/modified/nyaggle/experiment/run.py,256,d23fc797fe3eb5c9cc3ea664178b40d056b3c3ac,refactoring,2020-02-12 15:07:23+00:00,MODIFY,218.0,350.0,0c0c86a33061240e9328a247a091184c8238fc7e,2020-02-17T15:00:06Z,2019-12-19T02:01:19Z
nyaggle/experiment/gbdt.py,experiment_gbdt,nyanp/nyaggle,columns_and_datatype_not_explicitly_set,1,/home/gilberto-1/github/wrapper_code_smile/output_analysis/1735158796.965824/nyanpnyaggle_analysis/9b314cf655ce47084a17721a522696107718bc15/input/modified/nyaggle/experiment/gbdt.py,188,9b314cf655ce47084a17721a522696107718bc15,modified,2020-01-13 14:47:45+00:00,fix code style by code inspection,conf.py|kaggle_days_tokyo.py|experiment.py|gbdt.py|bert.py|__init__.py|plot_importance.py|adversarial_validate.py|cross_validate.py|setup.py|test_gbdt.py|test_cross_validate.py,111.0,0.0,1.0,0.0,0.0,2019-12-19T02:01:19Z,350.0,bug_fixing,574bed1769e3df20f90d66a143c1fb2c55e18660,2020-01-14T15:30:15Z,/home/gilberto-1/github/wrapper_code_smile/output_analysis/1735158796.965824/nyanpnyaggle_analysis/5a6f553de6eab427c9bce2a807934f57aa44e638/input/modified/nyaggle/experiment/gbdt.py,336,4468563cd60cab7180e36c70a5429f7a8f925ce7,refactoring,2020-02-04 14:44:07+00:00,RENAME,199.0,350.0,0c0c86a33061240e9328a247a091184c8238fc7e,2020-02-17T15:00:06Z,2019-12-19T02:01:19Z
nyaggle/experiment/gbdt.py,experiment_gbdt,nyanp/nyaggle,columns_and_datatype_not_explicitly_set,1,/home/gilberto-1/github/wrapper_code_smile/output_analysis/1735158796.965824/nyanpnyaggle_analysis/9b314cf655ce47084a17721a522696107718bc15/input/modified/nyaggle/experiment/gbdt.py,188,9b314cf655ce47084a17721a522696107718bc15,modified,2020-01-13 14:47:45+00:00,fix code style by code inspection,conf.py|kaggle_days_tokyo.py|experiment.py|gbdt.py|bert.py|__init__.py|plot_importance.py|adversarial_validate.py|cross_validate.py|setup.py|test_gbdt.py|test_cross_validate.py,111.0,0.0,1.0,0.0,0.0,2019-12-19T02:01:19Z,350.0,bug_fixing,574bed1769e3df20f90d66a143c1fb2c55e18660,2020-01-14T15:30:15Z,/home/gilberto-1/github/wrapper_code_smile/output_analysis/1735158796.965824/nyanpnyaggle_analysis/693609ffb0d7dd802d08ff83544b7d6006b93558/input/modified/nyaggle/experiment/gbdt.py,313,7b77100a58de265eec3d6d59319bfef2ecd86d15,interact with feature_store,2020-01-24 10:46:16+00:00,MODIFY,172.0,350.0,0c0c86a33061240e9328a247a091184c8238fc7e,2020-02-17T15:00:06Z,2019-12-19T02:01:19Z
nyaggle/experiment/gbdt.py,experiment_gbdt,nyanp/nyaggle,columns_and_datatype_not_explicitly_set,1,/home/gilberto-1/github/wrapper_code_smile/output_analysis/1735158796.965824/nyanpnyaggle_analysis/cb7c4ac0e8e4db0d1b1ac8912176913ecc180bd8/input/modified/nyaggle/experiment/gbdt.py,198,cb7c4ac0e8e4db0d1b1ac8912176913ecc180bd8,modified,2020-01-14 15:22:32+00:00,refactoring,nyaggle.rst|gbdt.py|target_encoder.py|lightgbm.py|util.py|cross_validate.py|test_gbdt.py|test_target_encoder.py|test_bert.py|test_adversarial_validate.py,118.0,0.0,0.0,0.0,1.0,2019-12-19T02:01:19Z,350.0,refactoring,574bed1769e3df20f90d66a143c1fb2c55e18660,2020-01-14T15:30:15Z,/home/gilberto-1/github/wrapper_code_smile/output_analysis/1735158796.965824/nyanpnyaggle_analysis/5a6f553de6eab427c9bce2a807934f57aa44e638/input/modified/nyaggle/experiment/gbdt.py,336,4468563cd60cab7180e36c70a5429f7a8f925ce7,refactoring,2020-02-04 14:44:07+00:00,RENAME,199.0,350.0,0c0c86a33061240e9328a247a091184c8238fc7e,2020-02-17T15:00:06Z,2019-12-19T02:01:19Z
nyaggle/experiment/gbdt.py,experiment_gbdt,nyanp/nyaggle,columns_and_datatype_not_explicitly_set,1,/home/gilberto-1/github/wrapper_code_smile/output_analysis/1735158796.965824/nyanpnyaggle_analysis/cb7c4ac0e8e4db0d1b1ac8912176913ecc180bd8/input/modified/nyaggle/experiment/gbdt.py,198,cb7c4ac0e8e4db0d1b1ac8912176913ecc180bd8,modified,2020-01-14 15:22:32+00:00,refactoring,nyaggle.rst|gbdt.py|target_encoder.py|lightgbm.py|util.py|cross_validate.py|test_gbdt.py|test_target_encoder.py|test_bert.py|test_adversarial_validate.py,118.0,0.0,0.0,0.0,1.0,2019-12-19T02:01:19Z,350.0,refactoring,574bed1769e3df20f90d66a143c1fb2c55e18660,2020-01-14T15:30:15Z,/home/gilberto-1/github/wrapper_code_smile/output_analysis/1735158796.965824/nyanpnyaggle_analysis/693609ffb0d7dd802d08ff83544b7d6006b93558/input/modified/nyaggle/experiment/gbdt.py,313,7b77100a58de265eec3d6d59319bfef2ecd86d15,interact with feature_store,2020-01-24 10:46:16+00:00,MODIFY,172.0,350.0,0c0c86a33061240e9328a247a091184c8238fc7e,2020-02-17T15:00:06Z,2019-12-19T02:01:19Z
optimization_test.py,test_adam,hanxiao/bert-as-service,tensor_array_not_used,1,/home/gilberto-1/github/wrapper_code_smile/output_analysis/1735243578.6335516/hanxiaobert-as-service_analysis/fe354751d7de010f60d362ae8d9343849ec39456/input/added/optimization_test.py,31,fe354751d7de010f60d362ae8d9343849ec39456,added,2018-10-31 15:19:12+00:00,Initial BERT release,.gitignore|CONTRIBUTING.md|LICENSE|README.md|__init__.py|create_pretraining_data.py|extract_features.py|modeling.py|modeling_test.py|optimization.py|optimization_test.py|run_classifier.py|run_pretraining.py|run_squad.py|sample_text.txt|tokenization.py|tokenization_test.py,2.0,0.0,0.0,0.0,0.0,2018-11-12T10:48:50Z,1633.0,other,5e805354251d4782bd0a172d0208c937a973ee31,2018-12-10T06:00:37Z,/home/gilberto-1/github/wrapper_code_smile/output_analysis/1735243578.6335516/hanxiaobert-as-service_analysis/d5d95c511353252bb809bf96cdda87ac76f1b036/input/modified/optimization_test.py,19,c76c2f77e560a855bda9ef6fb390a6bafb7b51d5,first commit,2018-11-12 04:48:21+00:00,RENAME,210.0,1633.0,fce57a375673ba01bce1f87356d060485b2a357d,2018-11-16T07:17:50Z,2018-11-12T10:48:50Z
pretrained/convert_tf_to_pt/original_tf/preprocessing.py,_decode_and_random_crop,lukemelas/EfficientNet-PyTorch,tensor_array_not_used,1,/home/gilberto-1/github/wrapper_code_smile/output_analysis/1735243578.6335516/lukemelasEfficientNet-PyTorch_analysis/a71f85d7492dbd8919a52b0db0d945192b83b7b3/input/added/pretrained/convert_tf_to_pt/original_tf/preprocessing.py,87,a71f85d7492dbd8919a52b0db0d945192b83b7b3,added,2019-06-01 03:17:13+00:00,Refactored loading tensorflow weights,model.py|download.sh|load_tf_weights.py|__init__.py|efficientnet_builder.py|efficientnet_model.py|eval_ckpt_main.py|preprocessing.py|utils.py|utils.py,12.0,0.0,0.0,0.0,1.0,2019-05-30T05:24:11Z,111.0,refactoring,e047e4eb9e3ac1cb11e3efa69694c150293b16b1,2020-03-01T03:17:43Z,/home/gilberto-1/github/wrapper_code_smile/output_analysis/1735243578.6335516/lukemelasEfficientNet-PyTorch_analysis/a71f85d7492dbd8919a52b0db0d945192b83b7b3/input/added/pretrained/convert_tf_to_pt/original_tf/preprocessing.py,87,b15d773699137965fc124428240f489a5f8eba56,Continued restructuring project,2019-06-01 08:14:11+00:00,RENAME,15.0,111.0,e047e4eb9e3ac1cb11e3efa69694c150293b16b1,2020-03-01T03:17:43Z,2019-05-30T05:24:11Z
pykg2vec/core/ConvE.py,predict_head_rank,Sujit-O/pykg2vec,pytorch_call_method_misused,1,/home/gilberto-1/github/wrapper_code_smile/output_analysis/1735243578.6335516/Sujit-Opykg2vec_analysis/c38ff29a2e9fd09d93f19b4ad28178e5db228356/input/modified/pykg2vec/core/ConvE.py,138,c38ff29a2e9fd09d93f19b4ad28178e5db228356,modified,2020-06-10 17:26:54+00:00,fix the ConvE model,ConvE.py,1179.0,0.0,1.0,0.0,0.0,2019-03-06T23:06:11Z,1304.0,bug_fixing,311e8d5274d8f4b3b115f5b49c7e48a4ca6e43b4,2019-06-14T23:43:27Z,/home/gilberto-1/github/wrapper_code_smile/output_analysis/1735243578.6335516/Sujit-Opykg2vec_analysis/6fa9edc26d22277430ffd668eb900d782cd1dd41/input/modified/pykg2vec/core/ConvE.py,130,74596b3a6e2ab1127570e09852f599dcc0bc8e65,change core to models,2020-06-25 07:28:03+00:00,RENAME,1250.0,1304.0,311e8d5274d8f4b3b115f5b49c7e48a4ca6e43b4,2019-06-14T23:43:27Z,2019-03-06T23:06:11Z
pykg2vec/core/ConvE.py,predict_tail_rank,Sujit-O/pykg2vec,pytorch_call_method_misused,1,/home/gilberto-1/github/wrapper_code_smile/output_analysis/1735243578.6335516/Sujit-Opykg2vec_analysis/c38ff29a2e9fd09d93f19b4ad28178e5db228356/input/modified/pykg2vec/core/ConvE.py,134,c38ff29a2e9fd09d93f19b4ad28178e5db228356,modified,2020-06-10 17:26:54+00:00,fix the ConvE model,ConvE.py,1179.0,0.0,1.0,0.0,0.0,2019-03-06T23:06:11Z,1304.0,bug_fixing,311e8d5274d8f4b3b115f5b49c7e48a4ca6e43b4,2019-06-14T23:43:27Z,/home/gilberto-1/github/wrapper_code_smile/output_analysis/1735243578.6335516/Sujit-Opykg2vec_analysis/6fa9edc26d22277430ffd668eb900d782cd1dd41/input/modified/pykg2vec/core/ConvE.py,130,74596b3a6e2ab1127570e09852f599dcc0bc8e65,change core to models,2020-06-25 07:28:03+00:00,RENAME,1250.0,1304.0,311e8d5274d8f4b3b115f5b49c7e48a4ca6e43b4,2019-06-14T23:43:27Z,2019-03-06T23:06:11Z
pykg2vec/core/ConvKB.py,def_layer,Sujit-O/pykg2vec,tensor_array_not_used,1,/home/gilberto-1/github/wrapper_code_smile/output_analysis/1735243578.6335516/Sujit-Opykg2vec_analysis/27977e07b891e94b9478976f3912310b504d6a05/input/added/pykg2vec/core/ConvKB.py,111,27977e07b891e94b9478976f3912310b504d6a05,added,2019-07-02 23:48:58+00:00,adding ConvKB,config.py|ConvKB.py,622.0,1.0,0.0,0.0,0.0,2019-03-06T23:06:11Z,1304.0,new_feature,311e8d5274d8f4b3b115f5b49c7e48a4ca6e43b4,2019-06-14T23:43:27Z,/home/gilberto-1/github/wrapper_code_smile/output_analysis/1735243578.6335516/Sujit-Opykg2vec_analysis/27977e07b891e94b9478976f3912310b504d6a05/input/added/pykg2vec/core/ConvKB.py,111,7b083e1b946ade1133672506bdc00afb8a2ce1b5,preliminary version of convkb fixed,2019-07-24 00:31:03+00:00,MODIFY,654.0,1304.0,311e8d5274d8f4b3b115f5b49c7e48a4ca6e43b4,2019-06-14T23:43:27Z,2019-03-06T23:06:11Z
pykg2vec/core/TransE.py,save_training_result,Sujit-O/pykg2vec,columns_and_datatype_not_explicitly_set,1,/home/gilberto-1/github/wrapper_code_smile/output_analysis/1735243578.6335516/Sujit-Opykg2vec_analysis/3d6e54a21c9834551a0f5f92826a48b0681be126/input/modified/pykg2vec/core/TransE.py,219,3d6e54a21c9834551a0f5f92826a48b0681be126,modified,2019-04-09 21:46:09+00:00,fix conflict with louis local changes,config.py|TransE.py|TransH.py|dataprep.py|evaluation.py,59.0,0.0,1.0,1.0,0.0,2019-03-06T23:06:11Z,1304.0,bug_fixing,311e8d5274d8f4b3b115f5b49c7e48a4ca6e43b4,2019-06-14T23:43:27Z,/home/gilberto-1/github/wrapper_code_smile/output_analysis/1735243578.6335516/Sujit-Opykg2vec_analysis/eb27d3a4abf8bc0971861b4a2dd3dfe4030ece3d/input/modified/pykg2vec/core/TransE.py,196,b660b6f1e9bcbc1fa121f76ce9bd52499a363b3e,update algorithms,2019-04-10 21:58:15+00:00,MODIFY,68.0,1304.0,311e8d5274d8f4b3b115f5b49c7e48a4ca6e43b4,2019-06-14T23:43:27Z,2019-03-06T23:06:11Z
pykg2vec/core/TuckER.py,predict_head_rank,Sujit-O/pykg2vec,pytorch_call_method_misused,1,/home/gilberto-1/github/wrapper_code_smile/output_analysis/1735243578.6335516/Sujit-Opykg2vec_analysis/2d44673c569de1d517ee4188f986a959a0d74873/input/added/pykg2vec/core/TuckER.py,100,2d44673c569de1d517ee4188f986a959a0d74873,added,2020-06-06 17:23:21+00:00,fix multiclass based training and add the TuckER model,TuckER.py|evaluator.py|generator.py|trainer.py,1169.0,1.0,1.0,0.0,0.0,2019-03-06T23:06:11Z,1304.0,bug_fixing,311e8d5274d8f4b3b115f5b49c7e48a4ca6e43b4,2019-06-14T23:43:27Z,/home/gilberto-1/github/wrapper_code_smile/output_analysis/1735243578.6335516/Sujit-Opykg2vec_analysis/735a883eabef8d31d73165ddfbd2be698cbd1e4b/input/modified/pykg2vec/core/TuckER.py,101,74596b3a6e2ab1127570e09852f599dcc0bc8e65,change core to models,2020-06-25 07:28:03+00:00,RENAME,1249.0,1304.0,311e8d5274d8f4b3b115f5b49c7e48a4ca6e43b4,2019-06-14T23:43:27Z,2019-03-06T23:06:11Z
pykg2vec/core/TuckER.py,predict_tail_rank,Sujit-O/pykg2vec,pytorch_call_method_misused,1,/home/gilberto-1/github/wrapper_code_smile/output_analysis/1735243578.6335516/Sujit-Opykg2vec_analysis/2d44673c569de1d517ee4188f986a959a0d74873/input/added/pykg2vec/core/TuckER.py,96,2d44673c569de1d517ee4188f986a959a0d74873,added,2020-06-06 17:23:21+00:00,fix multiclass based training and add the TuckER model,TuckER.py|evaluator.py|generator.py|trainer.py,1169.0,1.0,1.0,0.0,0.0,2019-03-06T23:06:11Z,1304.0,bug_fixing,311e8d5274d8f4b3b115f5b49c7e48a4ca6e43b4,2019-06-14T23:43:27Z,/home/gilberto-1/github/wrapper_code_smile/output_analysis/1735243578.6335516/Sujit-Opykg2vec_analysis/735a883eabef8d31d73165ddfbd2be698cbd1e4b/input/modified/pykg2vec/core/TuckER.py,101,74596b3a6e2ab1127570e09852f599dcc0bc8e65,change core to models,2020-06-25 07:28:03+00:00,RENAME,1249.0,1304.0,311e8d5274d8f4b3b115f5b49c7e48a4ca6e43b4,2019-06-14T23:43:27Z,2019-03-06T23:06:11Z
pykg2vec/utils/trainer.py,export_embeddings,Sujit-O/pykg2vec,columns_and_datatype_not_explicitly_set,1,/home/gilberto-1/github/wrapper_code_smile/output_analysis/1735243578.6335516/Sujit-Opykg2vec_analysis/efd8f35460be4a177ba19948c8b3547ba5bc9558/input/modified/pykg2vec/utils/trainer.py,387,efd8f35460be4a177ba19948c8b3547ba5bc9558,modified,2020-03-04 18:37:05+00:00,remove unused variables.,bayesian_optimizer.py|trainer.py,884.0,0.0,0.0,1.0,1.0,2019-03-06T23:06:11Z,1304.0,enhancement,311e8d5274d8f4b3b115f5b49c7e48a4ca6e43b4,2019-06-14T23:43:27Z,/home/gilberto-1/github/wrapper_code_smile/output_analysis/1735243578.6335516/Sujit-Opykg2vec_analysis/342a3950d836895bcef9587bd8ae0c92c3c47093/input/modified/pykg2vec/utils/trainer.py,438,f01f8f38dad8653ca6a62e0319e2049a315feed6,fix visualization,2020-06-26 07:46:25+00:00,MODIFY,1292.0,1304.0,311e8d5274d8f4b3b115f5b49c7e48a4ca6e43b4,2019-06-14T23:43:27Z,2019-03-06T23:06:11Z
pykg2vec/utils/evaluation.py,save_test_summary,Sujit-O/pykg2vec,columns_and_datatype_not_explicitly_set,1,/home/gilberto-1/github/wrapper_code_smile/output_analysis/1735243578.6335516/Sujit-Opykg2vec_analysis/4e5dd42b280a281102199b8161b14fb33cf308d6/input/modified/pykg2vec/utils/evaluation.py,110,4e5dd42b280a281102199b8161b14fb33cf308d6,modified,2019-05-23 02:45:26+00:00,updated readme,config.py|global_config.py|hyperparams.py|Complex.py|ConvE.py|DistMult.py|KG2E.py|NTN.py|ProjE_pointwise.py|Rescal.py|RotatE.py|SLM.py|SME.py|TransD.py|TransE.py|TransH.py|TransM.py|TransR.py|TuckER.py|train.py|tune_model.py|bayesian_optimizer.py|evaluation.py|generator.py|trainer.py|requirements.txt|setup.py,405.0,0.0,0.0,1.0,0.0,2019-03-06T23:06:11Z,1304.0,enhancement,311e8d5274d8f4b3b115f5b49c7e48a4ca6e43b4,2019-06-14T23:43:27Z,/home/gilberto-1/github/wrapper_code_smile/output_analysis/1735243578.6335516/Sujit-Opykg2vec_analysis/462be0c80bea4961b7c7ee7a3986db9e82982cdc/input/modified/pykg2vec/utils/evaluation.py,205,e11cc821aa0b6606da8b996b9f5eb91565c48da8,change naming of evaluators.,2020-03-04 19:40:25+00:00,RENAME,876.0,1304.0,311e8d5274d8f4b3b115f5b49c7e48a4ca6e43b4,2019-06-14T23:43:27Z,2019-03-06T23:06:11Z
pykg2vec/utils/evaluation.py,save_training_result,Sujit-O/pykg2vec,columns_and_datatype_not_explicitly_set,1,/home/gilberto-1/github/wrapper_code_smile/output_analysis/1735243578.6335516/Sujit-Opykg2vec_analysis/4e5dd42b280a281102199b8161b14fb33cf308d6/input/modified/pykg2vec/utils/evaluation.py,292,4e5dd42b280a281102199b8161b14fb33cf308d6,modified,2019-05-23 02:45:26+00:00,updated readme,config.py|global_config.py|hyperparams.py|Complex.py|ConvE.py|DistMult.py|KG2E.py|NTN.py|ProjE_pointwise.py|Rescal.py|RotatE.py|SLM.py|SME.py|TransD.py|TransE.py|TransH.py|TransM.py|TransR.py|TuckER.py|train.py|tune_model.py|bayesian_optimizer.py|evaluation.py|generator.py|trainer.py|requirements.txt|setup.py,405.0,0.0,0.0,1.0,0.0,2019-03-06T23:06:11Z,1304.0,enhancement,311e8d5274d8f4b3b115f5b49c7e48a4ca6e43b4,2019-06-14T23:43:27Z,/home/gilberto-1/github/wrapper_code_smile/output_analysis/1735243578.6335516/Sujit-Opykg2vec_analysis/462be0c80bea4961b7c7ee7a3986db9e82982cdc/input/modified/pykg2vec/utils/evaluation.py,205,e11cc821aa0b6606da8b996b9f5eb91565c48da8,change naming of evaluators.,2020-03-04 19:40:25+00:00,RENAME,876.0,1304.0,311e8d5274d8f4b3b115f5b49c7e48a4ca6e43b4,2019-06-14T23:43:27Z,2019-03-06T23:06:11Z
pykg2vec/core/TransE.py,__init__,Sujit-O/pykg2vec,in_place_apis_misused,1,/home/gilberto-1/github/wrapper_code_smile/output_analysis/1735243578.6335516/Sujit-Opykg2vec_analysis/3d5af2bc60b1686840d7ab7201a4c4678852b0e8/input/modified/pykg2vec/core/TransE.py,113,3d5af2bc60b1686840d7ab7201a4c4678852b0e8,modified,2019-04-09 19:26:41+00:00,added TranR,config.py|KGMeta.py|TransE.py|TransR.py|TransR_Result.png|transe_test.png|dataprep.py|evaluation.py,53.0,1.0,0.0,0.0,0.0,2019-03-06T23:06:11Z,1304.0,new_feature,311e8d5274d8f4b3b115f5b49c7e48a4ca6e43b4,2019-06-14T23:43:27Z,/home/gilberto-1/github/wrapper_code_smile/output_analysis/1735243578.6335516/Sujit-Opykg2vec_analysis/b756e4ac38685d27725c319d152d581af38de56b/input/modified/pykg2vec/core/TransE.py,113,eb27d3a4abf8bc0971861b4a2dd3dfe4030ece3d,"Merge branch 'development' of https://github.com/Sujit-O/pykg2vec into development

# Conflicts:
#	pykg2vec/core/TransE.py",2019-04-10 01:28:48+00:00,MODIFY,66.0,1304.0,311e8d5274d8f4b3b115f5b49c7e48a4ca6e43b4,2019-06-14T23:43:27Z,2019-03-06T23:06:11Z
pykg2vec/utils/evaluation.py,save_test_summary,Sujit-O/pykg2vec,columns_and_datatype_not_explicitly_set,1,/home/gilberto-1/github/wrapper_code_smile/output_analysis/1735243578.6335516/Sujit-Opykg2vec_analysis/3d5af2bc60b1686840d7ab7201a4c4678852b0e8/input/modified/pykg2vec/utils/evaluation.py,235,3d5af2bc60b1686840d7ab7201a4c4678852b0e8,modified,2019-04-09 19:26:41+00:00,added TranR,config.py|KGMeta.py|TransE.py|TransR.py|TransR_Result.png|transe_test.png|dataprep.py|evaluation.py,53.0,1.0,0.0,0.0,0.0,2019-03-06T23:06:11Z,1304.0,new_feature,311e8d5274d8f4b3b115f5b49c7e48a4ca6e43b4,2019-06-14T23:43:27Z,/home/gilberto-1/github/wrapper_code_smile/output_analysis/1735243578.6335516/Sujit-Opykg2vec_analysis/462be0c80bea4961b7c7ee7a3986db9e82982cdc/input/modified/pykg2vec/utils/evaluation.py,205,e11cc821aa0b6606da8b996b9f5eb91565c48da8,change naming of evaluators.,2020-03-04 19:40:25+00:00,RENAME,876.0,1304.0,311e8d5274d8f4b3b115f5b49c7e48a4ca6e43b4,2019-06-14T23:43:27Z,2019-03-06T23:06:11Z
pykg2vec/utils/evaluation.py,save_test_summary,Sujit-O/pykg2vec,in_place_apis_misused,1,/home/gilberto-1/github/wrapper_code_smile/output_analysis/1735243578.6335516/Sujit-Opykg2vec_analysis/7073ec1c84221ec11b12a81a86f2e24ceeabe6b7/input/modified/pykg2vec/utils/evaluation.py,259,7073ec1c84221ec11b12a81a86f2e24ceeabe6b7,modified,2019-05-09 23:19:45+00:00,removed unnecessary test_batch functions,evaluation.py|trainer.py,317.0,0.0,0.0,1.0,1.0,2019-03-06T23:06:11Z,1304.0,enhancement,311e8d5274d8f4b3b115f5b49c7e48a4ca6e43b4,2019-06-14T23:43:27Z,/home/gilberto-1/github/wrapper_code_smile/output_analysis/1735243578.6335516/Sujit-Opykg2vec_analysis/7073ec1c84221ec11b12a81a86f2e24ceeabe6b7/input/modified/pykg2vec/utils/evaluation.py,194,0468f7992ab73d6424e9c1c79c0f9a3cf0dcbfde,removed unnecessary test_batch functions,2019-05-10 00:16:09+00:00,MODIFY,321.0,1304.0,311e8d5274d8f4b3b115f5b49c7e48a4ca6e43b4,2019-06-14T23:43:27Z,2019-03-06T23:06:11Z
pykg2vec/utils/evaluation.py,save_test_summary,Sujit-O/pykg2vec,in_place_apis_misused,1,/home/gilberto-1/github/wrapper_code_smile/output_analysis/1735243578.6335516/Sujit-Opykg2vec_analysis/7073ec1c84221ec11b12a81a86f2e24ceeabe6b7/input/modified/pykg2vec/utils/evaluation.py,259,7073ec1c84221ec11b12a81a86f2e24ceeabe6b7,modified,2019-05-09 23:19:45+00:00,removed unnecessary test_batch functions,evaluation.py|trainer.py,317.0,0.0,0.0,1.0,1.0,2019-03-06T23:06:11Z,1304.0,enhancement,311e8d5274d8f4b3b115f5b49c7e48a4ca6e43b4,2019-06-14T23:43:27Z,/home/gilberto-1/github/wrapper_code_smile/output_analysis/1735243578.6335516/Sujit-Opykg2vec_analysis/0468f7992ab73d6424e9c1c79c0f9a3cf0dcbfde/input/modified/pykg2vec/utils/evaluation.py,258,35dc0b2f78cfdcc7128bee59836e4495bd159f63,moved test display in evaluator as static funciton,2019-05-10 00:40:40+00:00,MODIFY,324.0,1304.0,311e8d5274d8f4b3b115f5b49c7e48a4ca6e43b4,2019-06-14T23:43:27Z,2019-03-06T23:06:11Z
pykg2vec/utils/evaluation.py,save_test_summary,Sujit-O/pykg2vec,in_place_apis_misused,1,/home/gilberto-1/github/wrapper_code_smile/output_analysis/1735243578.6335516/Sujit-Opykg2vec_analysis/7073ec1c84221ec11b12a81a86f2e24ceeabe6b7/input/modified/pykg2vec/utils/evaluation.py,259,7073ec1c84221ec11b12a81a86f2e24ceeabe6b7,modified,2019-05-09 23:19:45+00:00,removed unnecessary test_batch functions,evaluation.py|trainer.py,317.0,0.0,0.0,1.0,1.0,2019-03-06T23:06:11Z,1304.0,enhancement,311e8d5274d8f4b3b115f5b49c7e48a4ca6e43b4,2019-06-14T23:43:27Z,/home/gilberto-1/github/wrapper_code_smile/output_analysis/1735243578.6335516/Sujit-Opykg2vec_analysis/7ef2bbf3e5843cb8f71888392497dfa4b116c18a/input/modified/pykg2vec/utils/evaluation.py,248,c58bfd4479702b953afd87d21e4ebe1b3672e46f,clean evaluation.py,2019-05-30 06:40:23+00:00,MODIFY,428.0,1304.0,311e8d5274d8f4b3b115f5b49c7e48a4ca6e43b4,2019-06-14T23:43:27Z,2019-03-06T23:06:11Z
pykg2vec/core/TransE.py,save_training_result,Sujit-O/pykg2vec,columns_and_datatype_not_explicitly_set,1,/home/gilberto-1/github/wrapper_code_smile/output_analysis/1735243578.6335516/Sujit-Opykg2vec_analysis/3d5af2bc60b1686840d7ab7201a4c4678852b0e8/input/modified/pykg2vec/core/TransE.py,219,3d5af2bc60b1686840d7ab7201a4c4678852b0e8,modified,2019-04-09 19:26:41+00:00,added TranR,config.py|KGMeta.py|TransE.py|TransR.py|TransR_Result.png|transe_test.png|dataprep.py|evaluation.py,53.0,1.0,0.0,0.0,0.0,2019-03-06T23:06:11Z,1304.0,new_feature,311e8d5274d8f4b3b115f5b49c7e48a4ca6e43b4,2019-06-14T23:43:27Z,/home/gilberto-1/github/wrapper_code_smile/output_analysis/1735243578.6335516/Sujit-Opykg2vec_analysis/eb27d3a4abf8bc0971861b4a2dd3dfe4030ece3d/input/modified/pykg2vec/core/TransE.py,196,b660b6f1e9bcbc1fa121f76ce9bd52499a363b3e,update algorithms,2019-04-10 21:58:15+00:00,MODIFY,68.0,1304.0,311e8d5274d8f4b3b115f5b49c7e48a4ca6e43b4,2019-06-14T23:43:27Z,2019-03-06T23:06:11Z
pykg2vec/utils/evaluation.py,stop,Sujit-O/pykg2vec,in_place_apis_misused,1,/home/gilberto-1/github/wrapper_code_smile/output_analysis/1735243578.6335516/Sujit-Opykg2vec_analysis/7bef49566c2050fa2029b18a53cdc8bfa3e945bb/input/modified/pykg2vec/utils/evaluation.py,241,7bef49566c2050fa2029b18a53cdc8bfa3e945bb,modified,2019-05-10 01:09:28+00:00,changed trainer to have one function for training,config.py|evaluation.py|trainer.py,327.0,0.0,0.0,1.0,0.0,2019-03-06T23:06:11Z,1304.0,enhancement,311e8d5274d8f4b3b115f5b49c7e48a4ca6e43b4,2019-06-14T23:43:27Z,/home/gilberto-1/github/wrapper_code_smile/output_analysis/1735243578.6335516/Sujit-Opykg2vec_analysis/7ef2bbf3e5843cb8f71888392497dfa4b116c18a/input/modified/pykg2vec/utils/evaluation.py,248,c58bfd4479702b953afd87d21e4ebe1b3672e46f,clean evaluation.py,2019-05-30 06:40:23+00:00,MODIFY,428.0,1304.0,311e8d5274d8f4b3b115f5b49c7e48a4ca6e43b4,2019-06-14T23:43:27Z,2019-03-06T23:06:11Z
pykg2vec/utils/evaluation.py,test,Sujit-O/pykg2vec,in_place_apis_misused,1,/home/gilberto-1/github/wrapper_code_smile/output_analysis/1735243578.6335516/Sujit-Opykg2vec_analysis/3d5af2bc60b1686840d7ab7201a4c4678852b0e8/input/modified/pykg2vec/utils/evaluation.py,67,3d5af2bc60b1686840d7ab7201a4c4678852b0e8,modified,2019-04-09 19:26:41+00:00,added TranR,config.py|KGMeta.py|TransE.py|TransR.py|TransR_Result.png|transe_test.png|dataprep.py|evaluation.py,53.0,1.0,0.0,0.0,0.0,2019-03-06T23:06:11Z,1304.0,new_feature,311e8d5274d8f4b3b115f5b49c7e48a4ca6e43b4,2019-06-14T23:43:27Z,/home/gilberto-1/github/wrapper_code_smile/output_analysis/1735243578.6335516/Sujit-Opykg2vec_analysis/7073ec1c84221ec11b12a81a86f2e24ceeabe6b7/input/modified/pykg2vec/utils/evaluation.py,194,0468f7992ab73d6424e9c1c79c0f9a3cf0dcbfde,removed unnecessary test_batch functions,2019-05-10 00:16:09+00:00,MODIFY,321.0,1304.0,311e8d5274d8f4b3b115f5b49c7e48a4ca6e43b4,2019-06-14T23:43:27Z,2019-03-06T23:06:11Z
pykg2vec/utils/evaluation.py,test,Sujit-O/pykg2vec,in_place_apis_misused,1,/home/gilberto-1/github/wrapper_code_smile/output_analysis/1735243578.6335516/Sujit-Opykg2vec_analysis/3d5af2bc60b1686840d7ab7201a4c4678852b0e8/input/modified/pykg2vec/utils/evaluation.py,67,3d5af2bc60b1686840d7ab7201a4c4678852b0e8,modified,2019-04-09 19:26:41+00:00,added TranR,config.py|KGMeta.py|TransE.py|TransR.py|TransR_Result.png|transe_test.png|dataprep.py|evaluation.py,53.0,1.0,0.0,0.0,0.0,2019-03-06T23:06:11Z,1304.0,new_feature,311e8d5274d8f4b3b115f5b49c7e48a4ca6e43b4,2019-06-14T23:43:27Z,/home/gilberto-1/github/wrapper_code_smile/output_analysis/1735243578.6335516/Sujit-Opykg2vec_analysis/0468f7992ab73d6424e9c1c79c0f9a3cf0dcbfde/input/modified/pykg2vec/utils/evaluation.py,258,35dc0b2f78cfdcc7128bee59836e4495bd159f63,moved test display in evaluator as static funciton,2019-05-10 00:40:40+00:00,MODIFY,324.0,1304.0,311e8d5274d8f4b3b115f5b49c7e48a4ca6e43b4,2019-06-14T23:43:27Z,2019-03-06T23:06:11Z
pykg2vec/utils/evaluation.py,test,Sujit-O/pykg2vec,in_place_apis_misused,1,/home/gilberto-1/github/wrapper_code_smile/output_analysis/1735243578.6335516/Sujit-Opykg2vec_analysis/3d5af2bc60b1686840d7ab7201a4c4678852b0e8/input/modified/pykg2vec/utils/evaluation.py,67,3d5af2bc60b1686840d7ab7201a4c4678852b0e8,modified,2019-04-09 19:26:41+00:00,added TranR,config.py|KGMeta.py|TransE.py|TransR.py|TransR_Result.png|transe_test.png|dataprep.py|evaluation.py,53.0,1.0,0.0,0.0,0.0,2019-03-06T23:06:11Z,1304.0,new_feature,311e8d5274d8f4b3b115f5b49c7e48a4ca6e43b4,2019-06-14T23:43:27Z,/home/gilberto-1/github/wrapper_code_smile/output_analysis/1735243578.6335516/Sujit-Opykg2vec_analysis/082ae4e00fde253b8b818988169c2bd4fe04ef90/input/modified/pykg2vec/utils/evaluation.py,128,2698e4900ae47c5017557825bf2022a064b0b1a5,added test_batch for transR,2019-04-29 23:04:46+00:00,MODIFY,223.0,1304.0,311e8d5274d8f4b3b115f5b49c7e48a4ca6e43b4,2019-06-14T23:43:27Z,2019-03-06T23:06:11Z
pykg2vec/utils/evaluation.py,test,Sujit-O/pykg2vec,in_place_apis_misused,1,/home/gilberto-1/github/wrapper_code_smile/output_analysis/1735243578.6335516/Sujit-Opykg2vec_analysis/3d5af2bc60b1686840d7ab7201a4c4678852b0e8/input/modified/pykg2vec/utils/evaluation.py,67,3d5af2bc60b1686840d7ab7201a4c4678852b0e8,modified,2019-04-09 19:26:41+00:00,added TranR,config.py|KGMeta.py|TransE.py|TransR.py|TransR_Result.png|transe_test.png|dataprep.py|evaluation.py,53.0,1.0,0.0,0.0,0.0,2019-03-06T23:06:11Z,1304.0,new_feature,311e8d5274d8f4b3b115f5b49c7e48a4ca6e43b4,2019-06-14T23:43:27Z,/home/gilberto-1/github/wrapper_code_smile/output_analysis/1735243578.6335516/Sujit-Opykg2vec_analysis/7ef2bbf3e5843cb8f71888392497dfa4b116c18a/input/modified/pykg2vec/utils/evaluation.py,248,c58bfd4479702b953afd87d21e4ebe1b3672e46f,clean evaluation.py,2019-05-30 06:40:23+00:00,MODIFY,428.0,1304.0,311e8d5274d8f4b3b115f5b49c7e48a4ca6e43b4,2019-06-14T23:43:27Z,2019-03-06T23:06:11Z
pykg2vec/utils/evaluation.py,test,Sujit-O/pykg2vec,in_place_apis_misused,1,/home/gilberto-1/github/wrapper_code_smile/output_analysis/1735243578.6335516/Sujit-Opykg2vec_analysis/3d5af2bc60b1686840d7ab7201a4c4678852b0e8/input/modified/pykg2vec/utils/evaluation.py,67,3d5af2bc60b1686840d7ab7201a4c4678852b0e8,modified,2019-04-09 19:26:41+00:00,added TranR,config.py|KGMeta.py|TransE.py|TransR.py|TransR_Result.png|transe_test.png|dataprep.py|evaluation.py,53.0,1.0,0.0,0.0,0.0,2019-03-06T23:06:11Z,1304.0,new_feature,311e8d5274d8f4b3b115f5b49c7e48a4ca6e43b4,2019-06-14T23:43:27Z,/home/gilberto-1/github/wrapper_code_smile/output_analysis/1735243578.6335516/Sujit-Opykg2vec_analysis/61fe8d78fe4726b4a24aaebb7257458e943e37d9/input/modified/pykg2vec/utils/evaluation.py,368,28f422232f7be445e6a3cb2045216974a0bde3fa,removed unnecessary test_batch functions,2019-05-09 21:53:31+00:00,MODIFY,314.0,1304.0,311e8d5274d8f4b3b115f5b49c7e48a4ca6e43b4,2019-06-14T23:43:27Z,2019-03-06T23:06:11Z
pykg2vec/utils/evaluation.py,test,Sujit-O/pykg2vec,in_place_apis_misused,1,/home/gilberto-1/github/wrapper_code_smile/output_analysis/1735243578.6335516/Sujit-Opykg2vec_analysis/3d5af2bc60b1686840d7ab7201a4c4678852b0e8/input/modified/pykg2vec/utils/evaluation.py,67,3d5af2bc60b1686840d7ab7201a4c4678852b0e8,modified,2019-04-09 19:26:41+00:00,added TranR,config.py|KGMeta.py|TransE.py|TransR.py|TransR_Result.png|transe_test.png|dataprep.py|evaluation.py,53.0,1.0,0.0,0.0,0.0,2019-03-06T23:06:11Z,1304.0,new_feature,311e8d5274d8f4b3b115f5b49c7e48a4ca6e43b4,2019-06-14T23:43:27Z,/home/gilberto-1/github/wrapper_code_smile/output_analysis/1735243578.6335516/Sujit-Opykg2vec_analysis/1ed437a9507c0d813c875bb8ec5a807573849f81/input/modified/pykg2vec/utils/evaluation.py,138,87e8bb166f514fe9b8a88c1b6f07b94c8055775b,add testing batch size in config and rename,2019-05-08 19:08:55+00:00,MODIFY,304.0,1304.0,311e8d5274d8f4b3b115f5b49c7e48a4ca6e43b4,2019-06-14T23:43:27Z,2019-03-06T23:06:11Z
pykg2vec/utils/evaluation.py,test_batch,Sujit-O/pykg2vec,in_place_apis_misused,1,/home/gilberto-1/github/wrapper_code_smile/output_analysis/1735243578.6335516/Sujit-Opykg2vec_analysis/284fc6545de40bb640e58d10572d590d2efc6a66/input/modified/pykg2vec/utils/evaluation.py,56,284fc6545de40bb640e58d10572d590d2efc6a66,modified,2019-04-27 01:15:19+00:00,added batch testing for TransE,config.py|Complex.py|TransE.py|train_ConvE.py|train_transE.py|evaluation.py|trainer.py,206.0,1.0,0.0,0.0,0.0,2019-03-06T23:06:11Z,1304.0,new_feature,311e8d5274d8f4b3b115f5b49c7e48a4ca6e43b4,2019-06-14T23:43:27Z,/home/gilberto-1/github/wrapper_code_smile/output_analysis/1735243578.6335516/Sujit-Opykg2vec_analysis/7073ec1c84221ec11b12a81a86f2e24ceeabe6b7/input/modified/pykg2vec/utils/evaluation.py,194,0468f7992ab73d6424e9c1c79c0f9a3cf0dcbfde,removed unnecessary test_batch functions,2019-05-10 00:16:09+00:00,MODIFY,321.0,1304.0,311e8d5274d8f4b3b115f5b49c7e48a4ca6e43b4,2019-06-14T23:43:27Z,2019-03-06T23:06:11Z
pykg2vec/utils/evaluation.py,test_batch,Sujit-O/pykg2vec,in_place_apis_misused,1,/home/gilberto-1/github/wrapper_code_smile/output_analysis/1735243578.6335516/Sujit-Opykg2vec_analysis/284fc6545de40bb640e58d10572d590d2efc6a66/input/modified/pykg2vec/utils/evaluation.py,56,284fc6545de40bb640e58d10572d590d2efc6a66,modified,2019-04-27 01:15:19+00:00,added batch testing for TransE,config.py|Complex.py|TransE.py|train_ConvE.py|train_transE.py|evaluation.py|trainer.py,206.0,1.0,0.0,0.0,0.0,2019-03-06T23:06:11Z,1304.0,new_feature,311e8d5274d8f4b3b115f5b49c7e48a4ca6e43b4,2019-06-14T23:43:27Z,/home/gilberto-1/github/wrapper_code_smile/output_analysis/1735243578.6335516/Sujit-Opykg2vec_analysis/0468f7992ab73d6424e9c1c79c0f9a3cf0dcbfde/input/modified/pykg2vec/utils/evaluation.py,258,35dc0b2f78cfdcc7128bee59836e4495bd159f63,moved test display in evaluator as static funciton,2019-05-10 00:40:40+00:00,MODIFY,324.0,1304.0,311e8d5274d8f4b3b115f5b49c7e48a4ca6e43b4,2019-06-14T23:43:27Z,2019-03-06T23:06:11Z
pykg2vec/utils/evaluation.py,test_batch,Sujit-O/pykg2vec,in_place_apis_misused,1,/home/gilberto-1/github/wrapper_code_smile/output_analysis/1735243578.6335516/Sujit-Opykg2vec_analysis/284fc6545de40bb640e58d10572d590d2efc6a66/input/modified/pykg2vec/utils/evaluation.py,56,284fc6545de40bb640e58d10572d590d2efc6a66,modified,2019-04-27 01:15:19+00:00,added batch testing for TransE,config.py|Complex.py|TransE.py|train_ConvE.py|train_transE.py|evaluation.py|trainer.py,206.0,1.0,0.0,0.0,0.0,2019-03-06T23:06:11Z,1304.0,new_feature,311e8d5274d8f4b3b115f5b49c7e48a4ca6e43b4,2019-06-14T23:43:27Z,/home/gilberto-1/github/wrapper_code_smile/output_analysis/1735243578.6335516/Sujit-Opykg2vec_analysis/082ae4e00fde253b8b818988169c2bd4fe04ef90/input/modified/pykg2vec/utils/evaluation.py,128,2698e4900ae47c5017557825bf2022a064b0b1a5,added test_batch for transR,2019-04-29 23:04:46+00:00,MODIFY,223.0,1304.0,311e8d5274d8f4b3b115f5b49c7e48a4ca6e43b4,2019-06-14T23:43:27Z,2019-03-06T23:06:11Z
pykg2vec/utils/evaluation.py,test_batch,Sujit-O/pykg2vec,in_place_apis_misused,1,/home/gilberto-1/github/wrapper_code_smile/output_analysis/1735243578.6335516/Sujit-Opykg2vec_analysis/284fc6545de40bb640e58d10572d590d2efc6a66/input/modified/pykg2vec/utils/evaluation.py,56,284fc6545de40bb640e58d10572d590d2efc6a66,modified,2019-04-27 01:15:19+00:00,added batch testing for TransE,config.py|Complex.py|TransE.py|train_ConvE.py|train_transE.py|evaluation.py|trainer.py,206.0,1.0,0.0,0.0,0.0,2019-03-06T23:06:11Z,1304.0,new_feature,311e8d5274d8f4b3b115f5b49c7e48a4ca6e43b4,2019-06-14T23:43:27Z,/home/gilberto-1/github/wrapper_code_smile/output_analysis/1735243578.6335516/Sujit-Opykg2vec_analysis/7ef2bbf3e5843cb8f71888392497dfa4b116c18a/input/modified/pykg2vec/utils/evaluation.py,248,c58bfd4479702b953afd87d21e4ebe1b3672e46f,clean evaluation.py,2019-05-30 06:40:23+00:00,MODIFY,428.0,1304.0,311e8d5274d8f4b3b115f5b49c7e48a4ca6e43b4,2019-06-14T23:43:27Z,2019-03-06T23:06:11Z
pykg2vec/utils/evaluation.py,test_batch,Sujit-O/pykg2vec,in_place_apis_misused,1,/home/gilberto-1/github/wrapper_code_smile/output_analysis/1735243578.6335516/Sujit-Opykg2vec_analysis/284fc6545de40bb640e58d10572d590d2efc6a66/input/modified/pykg2vec/utils/evaluation.py,56,284fc6545de40bb640e58d10572d590d2efc6a66,modified,2019-04-27 01:15:19+00:00,added batch testing for TransE,config.py|Complex.py|TransE.py|train_ConvE.py|train_transE.py|evaluation.py|trainer.py,206.0,1.0,0.0,0.0,0.0,2019-03-06T23:06:11Z,1304.0,new_feature,311e8d5274d8f4b3b115f5b49c7e48a4ca6e43b4,2019-06-14T23:43:27Z,/home/gilberto-1/github/wrapper_code_smile/output_analysis/1735243578.6335516/Sujit-Opykg2vec_analysis/61fe8d78fe4726b4a24aaebb7257458e943e37d9/input/modified/pykg2vec/utils/evaluation.py,368,28f422232f7be445e6a3cb2045216974a0bde3fa,removed unnecessary test_batch functions,2019-05-09 21:53:31+00:00,MODIFY,314.0,1304.0,311e8d5274d8f4b3b115f5b49c7e48a4ca6e43b4,2019-06-14T23:43:27Z,2019-03-06T23:06:11Z
pykg2vec/utils/evaluation.py,test_batch,Sujit-O/pykg2vec,in_place_apis_misused,1,/home/gilberto-1/github/wrapper_code_smile/output_analysis/1735243578.6335516/Sujit-Opykg2vec_analysis/284fc6545de40bb640e58d10572d590d2efc6a66/input/modified/pykg2vec/utils/evaluation.py,56,284fc6545de40bb640e58d10572d590d2efc6a66,modified,2019-04-27 01:15:19+00:00,added batch testing for TransE,config.py|Complex.py|TransE.py|train_ConvE.py|train_transE.py|evaluation.py|trainer.py,206.0,1.0,0.0,0.0,0.0,2019-03-06T23:06:11Z,1304.0,new_feature,311e8d5274d8f4b3b115f5b49c7e48a4ca6e43b4,2019-06-14T23:43:27Z,/home/gilberto-1/github/wrapper_code_smile/output_analysis/1735243578.6335516/Sujit-Opykg2vec_analysis/1ed437a9507c0d813c875bb8ec5a807573849f81/input/modified/pykg2vec/utils/evaluation.py,138,87e8bb166f514fe9b8a88c1b6f07b94c8055775b,add testing batch size in config and rename,2019-05-08 19:08:55+00:00,MODIFY,304.0,1304.0,311e8d5274d8f4b3b115f5b49c7e48a4ca6e43b4,2019-06-14T23:43:27Z,2019-03-06T23:06:11Z
pykg2vec/utils/evaluation.py,test_conve,Sujit-O/pykg2vec,in_place_apis_misused,1,/home/gilberto-1/github/wrapper_code_smile/output_analysis/1735243578.6335516/Sujit-Opykg2vec_analysis/d3efd43e19e3df472551bbb747d2227b9892f553/input/modified/pykg2vec/utils/evaluation.py,189,d3efd43e19e3df472551bbb747d2227b9892f553,modified,2019-04-26 00:56:41+00:00,tested generator with all algos,NTN.py|ProjE_pointwise.py|Rescal.py|RotatE.py|SLM.py|SMEBilinear.py|SMELinear.py|train_ConvE.py|train_NTN.py|train_ProjE_pointwise.py|train_RotatE.py|train_SLM.py|train_SME_bilinear.py|train_SME_linear.py|train_rescal.py|train_transE.py|train_transH.py|train_transR.py|dataprep.py|evaluation.py|generator.py|trainer.py,196.0,0.0,0.0,1.0,0.0,2019-03-06T23:06:11Z,1304.0,enhancement,311e8d5274d8f4b3b115f5b49c7e48a4ca6e43b4,2019-06-14T23:43:27Z,/home/gilberto-1/github/wrapper_code_smile/output_analysis/1735243578.6335516/Sujit-Opykg2vec_analysis/7073ec1c84221ec11b12a81a86f2e24ceeabe6b7/input/modified/pykg2vec/utils/evaluation.py,194,0468f7992ab73d6424e9c1c79c0f9a3cf0dcbfde,removed unnecessary test_batch functions,2019-05-10 00:16:09+00:00,MODIFY,321.0,1304.0,311e8d5274d8f4b3b115f5b49c7e48a4ca6e43b4,2019-06-14T23:43:27Z,2019-03-06T23:06:11Z
pykg2vec/utils/evaluation.py,test_conve,Sujit-O/pykg2vec,in_place_apis_misused,1,/home/gilberto-1/github/wrapper_code_smile/output_analysis/1735243578.6335516/Sujit-Opykg2vec_analysis/d3efd43e19e3df472551bbb747d2227b9892f553/input/modified/pykg2vec/utils/evaluation.py,189,d3efd43e19e3df472551bbb747d2227b9892f553,modified,2019-04-26 00:56:41+00:00,tested generator with all algos,NTN.py|ProjE_pointwise.py|Rescal.py|RotatE.py|SLM.py|SMEBilinear.py|SMELinear.py|train_ConvE.py|train_NTN.py|train_ProjE_pointwise.py|train_RotatE.py|train_SLM.py|train_SME_bilinear.py|train_SME_linear.py|train_rescal.py|train_transE.py|train_transH.py|train_transR.py|dataprep.py|evaluation.py|generator.py|trainer.py,196.0,0.0,0.0,1.0,0.0,2019-03-06T23:06:11Z,1304.0,enhancement,311e8d5274d8f4b3b115f5b49c7e48a4ca6e43b4,2019-06-14T23:43:27Z,/home/gilberto-1/github/wrapper_code_smile/output_analysis/1735243578.6335516/Sujit-Opykg2vec_analysis/0468f7992ab73d6424e9c1c79c0f9a3cf0dcbfde/input/modified/pykg2vec/utils/evaluation.py,258,35dc0b2f78cfdcc7128bee59836e4495bd159f63,moved test display in evaluator as static funciton,2019-05-10 00:40:40+00:00,MODIFY,324.0,1304.0,311e8d5274d8f4b3b115f5b49c7e48a4ca6e43b4,2019-06-14T23:43:27Z,2019-03-06T23:06:11Z
pykg2vec/utils/evaluation.py,test_conve,Sujit-O/pykg2vec,in_place_apis_misused,1,/home/gilberto-1/github/wrapper_code_smile/output_analysis/1735243578.6335516/Sujit-Opykg2vec_analysis/d3efd43e19e3df472551bbb747d2227b9892f553/input/modified/pykg2vec/utils/evaluation.py,189,d3efd43e19e3df472551bbb747d2227b9892f553,modified,2019-04-26 00:56:41+00:00,tested generator with all algos,NTN.py|ProjE_pointwise.py|Rescal.py|RotatE.py|SLM.py|SMEBilinear.py|SMELinear.py|train_ConvE.py|train_NTN.py|train_ProjE_pointwise.py|train_RotatE.py|train_SLM.py|train_SME_bilinear.py|train_SME_linear.py|train_rescal.py|train_transE.py|train_transH.py|train_transR.py|dataprep.py|evaluation.py|generator.py|trainer.py,196.0,0.0,0.0,1.0,0.0,2019-03-06T23:06:11Z,1304.0,enhancement,311e8d5274d8f4b3b115f5b49c7e48a4ca6e43b4,2019-06-14T23:43:27Z,/home/gilberto-1/github/wrapper_code_smile/output_analysis/1735243578.6335516/Sujit-Opykg2vec_analysis/082ae4e00fde253b8b818988169c2bd4fe04ef90/input/modified/pykg2vec/utils/evaluation.py,128,2698e4900ae47c5017557825bf2022a064b0b1a5,added test_batch for transR,2019-04-29 23:04:46+00:00,MODIFY,223.0,1304.0,311e8d5274d8f4b3b115f5b49c7e48a4ca6e43b4,2019-06-14T23:43:27Z,2019-03-06T23:06:11Z
pykg2vec/utils/evaluation.py,test_conve,Sujit-O/pykg2vec,in_place_apis_misused,1,/home/gilberto-1/github/wrapper_code_smile/output_analysis/1735243578.6335516/Sujit-Opykg2vec_analysis/d3efd43e19e3df472551bbb747d2227b9892f553/input/modified/pykg2vec/utils/evaluation.py,189,d3efd43e19e3df472551bbb747d2227b9892f553,modified,2019-04-26 00:56:41+00:00,tested generator with all algos,NTN.py|ProjE_pointwise.py|Rescal.py|RotatE.py|SLM.py|SMEBilinear.py|SMELinear.py|train_ConvE.py|train_NTN.py|train_ProjE_pointwise.py|train_RotatE.py|train_SLM.py|train_SME_bilinear.py|train_SME_linear.py|train_rescal.py|train_transE.py|train_transH.py|train_transR.py|dataprep.py|evaluation.py|generator.py|trainer.py,196.0,0.0,0.0,1.0,0.0,2019-03-06T23:06:11Z,1304.0,enhancement,311e8d5274d8f4b3b115f5b49c7e48a4ca6e43b4,2019-06-14T23:43:27Z,/home/gilberto-1/github/wrapper_code_smile/output_analysis/1735243578.6335516/Sujit-Opykg2vec_analysis/7ef2bbf3e5843cb8f71888392497dfa4b116c18a/input/modified/pykg2vec/utils/evaluation.py,248,c58bfd4479702b953afd87d21e4ebe1b3672e46f,clean evaluation.py,2019-05-30 06:40:23+00:00,MODIFY,428.0,1304.0,311e8d5274d8f4b3b115f5b49c7e48a4ca6e43b4,2019-06-14T23:43:27Z,2019-03-06T23:06:11Z
pykg2vec/utils/evaluation.py,test_conve,Sujit-O/pykg2vec,in_place_apis_misused,1,/home/gilberto-1/github/wrapper_code_smile/output_analysis/1735243578.6335516/Sujit-Opykg2vec_analysis/d3efd43e19e3df472551bbb747d2227b9892f553/input/modified/pykg2vec/utils/evaluation.py,189,d3efd43e19e3df472551bbb747d2227b9892f553,modified,2019-04-26 00:56:41+00:00,tested generator with all algos,NTN.py|ProjE_pointwise.py|Rescal.py|RotatE.py|SLM.py|SMEBilinear.py|SMELinear.py|train_ConvE.py|train_NTN.py|train_ProjE_pointwise.py|train_RotatE.py|train_SLM.py|train_SME_bilinear.py|train_SME_linear.py|train_rescal.py|train_transE.py|train_transH.py|train_transR.py|dataprep.py|evaluation.py|generator.py|trainer.py,196.0,0.0,0.0,1.0,0.0,2019-03-06T23:06:11Z,1304.0,enhancement,311e8d5274d8f4b3b115f5b49c7e48a4ca6e43b4,2019-06-14T23:43:27Z,/home/gilberto-1/github/wrapper_code_smile/output_analysis/1735243578.6335516/Sujit-Opykg2vec_analysis/61fe8d78fe4726b4a24aaebb7257458e943e37d9/input/modified/pykg2vec/utils/evaluation.py,368,28f422232f7be445e6a3cb2045216974a0bde3fa,removed unnecessary test_batch functions,2019-05-09 21:53:31+00:00,MODIFY,314.0,1304.0,311e8d5274d8f4b3b115f5b49c7e48a4ca6e43b4,2019-06-14T23:43:27Z,2019-03-06T23:06:11Z
pykg2vec/utils/evaluation.py,test_conve,Sujit-O/pykg2vec,in_place_apis_misused,1,/home/gilberto-1/github/wrapper_code_smile/output_analysis/1735243578.6335516/Sujit-Opykg2vec_analysis/d3efd43e19e3df472551bbb747d2227b9892f553/input/modified/pykg2vec/utils/evaluation.py,189,d3efd43e19e3df472551bbb747d2227b9892f553,modified,2019-04-26 00:56:41+00:00,tested generator with all algos,NTN.py|ProjE_pointwise.py|Rescal.py|RotatE.py|SLM.py|SMEBilinear.py|SMELinear.py|train_ConvE.py|train_NTN.py|train_ProjE_pointwise.py|train_RotatE.py|train_SLM.py|train_SME_bilinear.py|train_SME_linear.py|train_rescal.py|train_transE.py|train_transH.py|train_transR.py|dataprep.py|evaluation.py|generator.py|trainer.py,196.0,0.0,0.0,1.0,0.0,2019-03-06T23:06:11Z,1304.0,enhancement,311e8d5274d8f4b3b115f5b49c7e48a4ca6e43b4,2019-06-14T23:43:27Z,/home/gilberto-1/github/wrapper_code_smile/output_analysis/1735243578.6335516/Sujit-Opykg2vec_analysis/1ed437a9507c0d813c875bb8ec5a807573849f81/input/modified/pykg2vec/utils/evaluation.py,138,87e8bb166f514fe9b8a88c1b6f07b94c8055775b,add testing batch size in config and rename,2019-05-08 19:08:55+00:00,MODIFY,304.0,1304.0,311e8d5274d8f4b3b115f5b49c7e48a4ca6e43b4,2019-06-14T23:43:27Z,2019-03-06T23:06:11Z
pykg2vec/utils/evaluation.py,test_proje,Sujit-O/pykg2vec,in_place_apis_misused,1,/home/gilberto-1/github/wrapper_code_smile/output_analysis/1735243578.6335516/Sujit-Opykg2vec_analysis/affe9cd685fb4bdea2e75cca87d16be9d62535c6/input/modified/pykg2vec/utils/evaluation.py,188,affe9cd685fb4bdea2e75cca87d16be9d62535c6,modified,2019-04-23 03:35:46+00:00,support multiprocessing for projE,test.py|dataprep.py|evaluation.py|trainer.py,176.0,0.0,0.0,1.0,0.0,2019-03-06T23:06:11Z,1304.0,enhancement,311e8d5274d8f4b3b115f5b49c7e48a4ca6e43b4,2019-06-14T23:43:27Z,/home/gilberto-1/github/wrapper_code_smile/output_analysis/1735243578.6335516/Sujit-Opykg2vec_analysis/7073ec1c84221ec11b12a81a86f2e24ceeabe6b7/input/modified/pykg2vec/utils/evaluation.py,194,0468f7992ab73d6424e9c1c79c0f9a3cf0dcbfde,removed unnecessary test_batch functions,2019-05-10 00:16:09+00:00,MODIFY,321.0,1304.0,311e8d5274d8f4b3b115f5b49c7e48a4ca6e43b4,2019-06-14T23:43:27Z,2019-03-06T23:06:11Z
pykg2vec/utils/evaluation.py,test_proje,Sujit-O/pykg2vec,in_place_apis_misused,1,/home/gilberto-1/github/wrapper_code_smile/output_analysis/1735243578.6335516/Sujit-Opykg2vec_analysis/affe9cd685fb4bdea2e75cca87d16be9d62535c6/input/modified/pykg2vec/utils/evaluation.py,188,affe9cd685fb4bdea2e75cca87d16be9d62535c6,modified,2019-04-23 03:35:46+00:00,support multiprocessing for projE,test.py|dataprep.py|evaluation.py|trainer.py,176.0,0.0,0.0,1.0,0.0,2019-03-06T23:06:11Z,1304.0,enhancement,311e8d5274d8f4b3b115f5b49c7e48a4ca6e43b4,2019-06-14T23:43:27Z,/home/gilberto-1/github/wrapper_code_smile/output_analysis/1735243578.6335516/Sujit-Opykg2vec_analysis/0468f7992ab73d6424e9c1c79c0f9a3cf0dcbfde/input/modified/pykg2vec/utils/evaluation.py,258,35dc0b2f78cfdcc7128bee59836e4495bd159f63,moved test display in evaluator as static funciton,2019-05-10 00:40:40+00:00,MODIFY,324.0,1304.0,311e8d5274d8f4b3b115f5b49c7e48a4ca6e43b4,2019-06-14T23:43:27Z,2019-03-06T23:06:11Z
pykg2vec/utils/evaluation.py,test_proje,Sujit-O/pykg2vec,in_place_apis_misused,1,/home/gilberto-1/github/wrapper_code_smile/output_analysis/1735243578.6335516/Sujit-Opykg2vec_analysis/affe9cd685fb4bdea2e75cca87d16be9d62535c6/input/modified/pykg2vec/utils/evaluation.py,188,affe9cd685fb4bdea2e75cca87d16be9d62535c6,modified,2019-04-23 03:35:46+00:00,support multiprocessing for projE,test.py|dataprep.py|evaluation.py|trainer.py,176.0,0.0,0.0,1.0,0.0,2019-03-06T23:06:11Z,1304.0,enhancement,311e8d5274d8f4b3b115f5b49c7e48a4ca6e43b4,2019-06-14T23:43:27Z,/home/gilberto-1/github/wrapper_code_smile/output_analysis/1735243578.6335516/Sujit-Opykg2vec_analysis/082ae4e00fde253b8b818988169c2bd4fe04ef90/input/modified/pykg2vec/utils/evaluation.py,128,2698e4900ae47c5017557825bf2022a064b0b1a5,added test_batch for transR,2019-04-29 23:04:46+00:00,MODIFY,223.0,1304.0,311e8d5274d8f4b3b115f5b49c7e48a4ca6e43b4,2019-06-14T23:43:27Z,2019-03-06T23:06:11Z
pykg2vec/utils/evaluation.py,test_proje,Sujit-O/pykg2vec,in_place_apis_misused,1,/home/gilberto-1/github/wrapper_code_smile/output_analysis/1735243578.6335516/Sujit-Opykg2vec_analysis/affe9cd685fb4bdea2e75cca87d16be9d62535c6/input/modified/pykg2vec/utils/evaluation.py,188,affe9cd685fb4bdea2e75cca87d16be9d62535c6,modified,2019-04-23 03:35:46+00:00,support multiprocessing for projE,test.py|dataprep.py|evaluation.py|trainer.py,176.0,0.0,0.0,1.0,0.0,2019-03-06T23:06:11Z,1304.0,enhancement,311e8d5274d8f4b3b115f5b49c7e48a4ca6e43b4,2019-06-14T23:43:27Z,/home/gilberto-1/github/wrapper_code_smile/output_analysis/1735243578.6335516/Sujit-Opykg2vec_analysis/7ef2bbf3e5843cb8f71888392497dfa4b116c18a/input/modified/pykg2vec/utils/evaluation.py,248,c58bfd4479702b953afd87d21e4ebe1b3672e46f,clean evaluation.py,2019-05-30 06:40:23+00:00,MODIFY,428.0,1304.0,311e8d5274d8f4b3b115f5b49c7e48a4ca6e43b4,2019-06-14T23:43:27Z,2019-03-06T23:06:11Z
pykg2vec/utils/evaluation.py,test_proje,Sujit-O/pykg2vec,in_place_apis_misused,1,/home/gilberto-1/github/wrapper_code_smile/output_analysis/1735243578.6335516/Sujit-Opykg2vec_analysis/affe9cd685fb4bdea2e75cca87d16be9d62535c6/input/modified/pykg2vec/utils/evaluation.py,188,affe9cd685fb4bdea2e75cca87d16be9d62535c6,modified,2019-04-23 03:35:46+00:00,support multiprocessing for projE,test.py|dataprep.py|evaluation.py|trainer.py,176.0,0.0,0.0,1.0,0.0,2019-03-06T23:06:11Z,1304.0,enhancement,311e8d5274d8f4b3b115f5b49c7e48a4ca6e43b4,2019-06-14T23:43:27Z,/home/gilberto-1/github/wrapper_code_smile/output_analysis/1735243578.6335516/Sujit-Opykg2vec_analysis/61fe8d78fe4726b4a24aaebb7257458e943e37d9/input/modified/pykg2vec/utils/evaluation.py,368,28f422232f7be445e6a3cb2045216974a0bde3fa,removed unnecessary test_batch functions,2019-05-09 21:53:31+00:00,MODIFY,314.0,1304.0,311e8d5274d8f4b3b115f5b49c7e48a4ca6e43b4,2019-06-14T23:43:27Z,2019-03-06T23:06:11Z
pykg2vec/utils/evaluation.py,test_proje,Sujit-O/pykg2vec,in_place_apis_misused,1,/home/gilberto-1/github/wrapper_code_smile/output_analysis/1735243578.6335516/Sujit-Opykg2vec_analysis/affe9cd685fb4bdea2e75cca87d16be9d62535c6/input/modified/pykg2vec/utils/evaluation.py,188,affe9cd685fb4bdea2e75cca87d16be9d62535c6,modified,2019-04-23 03:35:46+00:00,support multiprocessing for projE,test.py|dataprep.py|evaluation.py|trainer.py,176.0,0.0,0.0,1.0,0.0,2019-03-06T23:06:11Z,1304.0,enhancement,311e8d5274d8f4b3b115f5b49c7e48a4ca6e43b4,2019-06-14T23:43:27Z,/home/gilberto-1/github/wrapper_code_smile/output_analysis/1735243578.6335516/Sujit-Opykg2vec_analysis/1ed437a9507c0d813c875bb8ec5a807573849f81/input/modified/pykg2vec/utils/evaluation.py,138,87e8bb166f514fe9b8a88c1b6f07b94c8055775b,add testing batch size in config and rename,2019-05-08 19:08:55+00:00,MODIFY,304.0,1304.0,311e8d5274d8f4b3b115f5b49c7e48a4ca6e43b4,2019-06-14T23:43:27Z,2019-03-06T23:06:11Z
pykg2vec/utils/evaluation.py,test_simple,Sujit-O/pykg2vec,in_place_apis_misused,1,/home/gilberto-1/github/wrapper_code_smile/output_analysis/1735243578.6335516/Sujit-Opykg2vec_analysis/9cb2d0600e1751ba5acdc84bfa1431acea873aaa/input/modified/pykg2vec/utils/evaluation.py,269,9cb2d0600e1751ba5acdc84bfa1431acea873aaa,modified,2019-05-02 20:54:19+00:00,added figs to devs,README.md|ConvE.py|DistMult.py|TuckER.py|dataprep.py|evaluation.py|generator.py|trainer.py,263.0,1.0,0.0,0.0,0.0,2019-03-06T23:06:11Z,1304.0,new_feature,311e8d5274d8f4b3b115f5b49c7e48a4ca6e43b4,2019-06-14T23:43:27Z,/home/gilberto-1/github/wrapper_code_smile/output_analysis/1735243578.6335516/Sujit-Opykg2vec_analysis/7073ec1c84221ec11b12a81a86f2e24ceeabe6b7/input/modified/pykg2vec/utils/evaluation.py,194,0468f7992ab73d6424e9c1c79c0f9a3cf0dcbfde,removed unnecessary test_batch functions,2019-05-10 00:16:09+00:00,MODIFY,321.0,1304.0,311e8d5274d8f4b3b115f5b49c7e48a4ca6e43b4,2019-06-14T23:43:27Z,2019-03-06T23:06:11Z
pykg2vec/utils/evaluation.py,test_simple,Sujit-O/pykg2vec,in_place_apis_misused,1,/home/gilberto-1/github/wrapper_code_smile/output_analysis/1735243578.6335516/Sujit-Opykg2vec_analysis/9cb2d0600e1751ba5acdc84bfa1431acea873aaa/input/modified/pykg2vec/utils/evaluation.py,269,9cb2d0600e1751ba5acdc84bfa1431acea873aaa,modified,2019-05-02 20:54:19+00:00,added figs to devs,README.md|ConvE.py|DistMult.py|TuckER.py|dataprep.py|evaluation.py|generator.py|trainer.py,263.0,1.0,0.0,0.0,0.0,2019-03-06T23:06:11Z,1304.0,new_feature,311e8d5274d8f4b3b115f5b49c7e48a4ca6e43b4,2019-06-14T23:43:27Z,/home/gilberto-1/github/wrapper_code_smile/output_analysis/1735243578.6335516/Sujit-Opykg2vec_analysis/0468f7992ab73d6424e9c1c79c0f9a3cf0dcbfde/input/modified/pykg2vec/utils/evaluation.py,258,35dc0b2f78cfdcc7128bee59836e4495bd159f63,moved test display in evaluator as static funciton,2019-05-10 00:40:40+00:00,MODIFY,324.0,1304.0,311e8d5274d8f4b3b115f5b49c7e48a4ca6e43b4,2019-06-14T23:43:27Z,2019-03-06T23:06:11Z
pykg2vec/utils/evaluation.py,test_simple,Sujit-O/pykg2vec,in_place_apis_misused,1,/home/gilberto-1/github/wrapper_code_smile/output_analysis/1735243578.6335516/Sujit-Opykg2vec_analysis/9cb2d0600e1751ba5acdc84bfa1431acea873aaa/input/modified/pykg2vec/utils/evaluation.py,269,9cb2d0600e1751ba5acdc84bfa1431acea873aaa,modified,2019-05-02 20:54:19+00:00,added figs to devs,README.md|ConvE.py|DistMult.py|TuckER.py|dataprep.py|evaluation.py|generator.py|trainer.py,263.0,1.0,0.0,0.0,0.0,2019-03-06T23:06:11Z,1304.0,new_feature,311e8d5274d8f4b3b115f5b49c7e48a4ca6e43b4,2019-06-14T23:43:27Z,/home/gilberto-1/github/wrapper_code_smile/output_analysis/1735243578.6335516/Sujit-Opykg2vec_analysis/7ef2bbf3e5843cb8f71888392497dfa4b116c18a/input/modified/pykg2vec/utils/evaluation.py,248,c58bfd4479702b953afd87d21e4ebe1b3672e46f,clean evaluation.py,2019-05-30 06:40:23+00:00,MODIFY,428.0,1304.0,311e8d5274d8f4b3b115f5b49c7e48a4ca6e43b4,2019-06-14T23:43:27Z,2019-03-06T23:06:11Z
pykg2vec/utils/evaluation.py,test_simple,Sujit-O/pykg2vec,in_place_apis_misused,1,/home/gilberto-1/github/wrapper_code_smile/output_analysis/1735243578.6335516/Sujit-Opykg2vec_analysis/9cb2d0600e1751ba5acdc84bfa1431acea873aaa/input/modified/pykg2vec/utils/evaluation.py,269,9cb2d0600e1751ba5acdc84bfa1431acea873aaa,modified,2019-05-02 20:54:19+00:00,added figs to devs,README.md|ConvE.py|DistMult.py|TuckER.py|dataprep.py|evaluation.py|generator.py|trainer.py,263.0,1.0,0.0,0.0,0.0,2019-03-06T23:06:11Z,1304.0,new_feature,311e8d5274d8f4b3b115f5b49c7e48a4ca6e43b4,2019-06-14T23:43:27Z,/home/gilberto-1/github/wrapper_code_smile/output_analysis/1735243578.6335516/Sujit-Opykg2vec_analysis/61fe8d78fe4726b4a24aaebb7257458e943e37d9/input/modified/pykg2vec/utils/evaluation.py,368,28f422232f7be445e6a3cb2045216974a0bde3fa,removed unnecessary test_batch functions,2019-05-09 21:53:31+00:00,MODIFY,314.0,1304.0,311e8d5274d8f4b3b115f5b49c7e48a4ca6e43b4,2019-06-14T23:43:27Z,2019-03-06T23:06:11Z
pykg2vec/utils/evaluation.py,test_simple,Sujit-O/pykg2vec,in_place_apis_misused,1,/home/gilberto-1/github/wrapper_code_smile/output_analysis/1735243578.6335516/Sujit-Opykg2vec_analysis/9cb2d0600e1751ba5acdc84bfa1431acea873aaa/input/modified/pykg2vec/utils/evaluation.py,269,9cb2d0600e1751ba5acdc84bfa1431acea873aaa,modified,2019-05-02 20:54:19+00:00,added figs to devs,README.md|ConvE.py|DistMult.py|TuckER.py|dataprep.py|evaluation.py|generator.py|trainer.py,263.0,1.0,0.0,0.0,0.0,2019-03-06T23:06:11Z,1304.0,new_feature,311e8d5274d8f4b3b115f5b49c7e48a4ca6e43b4,2019-06-14T23:43:27Z,/home/gilberto-1/github/wrapper_code_smile/output_analysis/1735243578.6335516/Sujit-Opykg2vec_analysis/1ed437a9507c0d813c875bb8ec5a807573849f81/input/modified/pykg2vec/utils/evaluation.py,138,87e8bb166f514fe9b8a88c1b6f07b94c8055775b,add testing batch size in config and rename,2019-05-08 19:08:55+00:00,MODIFY,304.0,1304.0,311e8d5274d8f4b3b115f5b49c7e48a4ca6e43b4,2019-06-14T23:43:27Z,2019-03-06T23:06:11Z
pykg2vec/utils/evaluation.py,test_step,Sujit-O/pykg2vec,in_place_apis_misused,1,/home/gilberto-1/github/wrapper_code_smile/output_analysis/1735243578.6335516/Sujit-Opykg2vec_analysis/2698e4900ae47c5017557825bf2022a064b0b1a5/input/modified/pykg2vec/utils/evaluation.py,139,2698e4900ae47c5017557825bf2022a064b0b1a5,modified,2019-04-29 23:04:46+00:00,added test_batch for transR,TransE.py|TransH.py|TransR.py|train_transE.py|train_transR.py|evaluation.py|trainer.py,223.0,1.0,0.0,0.0,0.0,2019-03-06T23:06:11Z,1304.0,new_feature,311e8d5274d8f4b3b115f5b49c7e48a4ca6e43b4,2019-06-14T23:43:27Z,/home/gilberto-1/github/wrapper_code_smile/output_analysis/1735243578.6335516/Sujit-Opykg2vec_analysis/7073ec1c84221ec11b12a81a86f2e24ceeabe6b7/input/modified/pykg2vec/utils/evaluation.py,194,0468f7992ab73d6424e9c1c79c0f9a3cf0dcbfde,removed unnecessary test_batch functions,2019-05-10 00:16:09+00:00,MODIFY,321.0,1304.0,311e8d5274d8f4b3b115f5b49c7e48a4ca6e43b4,2019-06-14T23:43:27Z,2019-03-06T23:06:11Z
pykg2vec/utils/evaluation.py,test_step,Sujit-O/pykg2vec,in_place_apis_misused,1,/home/gilberto-1/github/wrapper_code_smile/output_analysis/1735243578.6335516/Sujit-Opykg2vec_analysis/2698e4900ae47c5017557825bf2022a064b0b1a5/input/modified/pykg2vec/utils/evaluation.py,139,2698e4900ae47c5017557825bf2022a064b0b1a5,modified,2019-04-29 23:04:46+00:00,added test_batch for transR,TransE.py|TransH.py|TransR.py|train_transE.py|train_transR.py|evaluation.py|trainer.py,223.0,1.0,0.0,0.0,0.0,2019-03-06T23:06:11Z,1304.0,new_feature,311e8d5274d8f4b3b115f5b49c7e48a4ca6e43b4,2019-06-14T23:43:27Z,/home/gilberto-1/github/wrapper_code_smile/output_analysis/1735243578.6335516/Sujit-Opykg2vec_analysis/0468f7992ab73d6424e9c1c79c0f9a3cf0dcbfde/input/modified/pykg2vec/utils/evaluation.py,258,35dc0b2f78cfdcc7128bee59836e4495bd159f63,moved test display in evaluator as static funciton,2019-05-10 00:40:40+00:00,MODIFY,324.0,1304.0,311e8d5274d8f4b3b115f5b49c7e48a4ca6e43b4,2019-06-14T23:43:27Z,2019-03-06T23:06:11Z
pykg2vec/utils/evaluation.py,test_step,Sujit-O/pykg2vec,in_place_apis_misused,1,/home/gilberto-1/github/wrapper_code_smile/output_analysis/1735243578.6335516/Sujit-Opykg2vec_analysis/2698e4900ae47c5017557825bf2022a064b0b1a5/input/modified/pykg2vec/utils/evaluation.py,139,2698e4900ae47c5017557825bf2022a064b0b1a5,modified,2019-04-29 23:04:46+00:00,added test_batch for transR,TransE.py|TransH.py|TransR.py|train_transE.py|train_transR.py|evaluation.py|trainer.py,223.0,1.0,0.0,0.0,0.0,2019-03-06T23:06:11Z,1304.0,new_feature,311e8d5274d8f4b3b115f5b49c7e48a4ca6e43b4,2019-06-14T23:43:27Z,/home/gilberto-1/github/wrapper_code_smile/output_analysis/1735243578.6335516/Sujit-Opykg2vec_analysis/7ef2bbf3e5843cb8f71888392497dfa4b116c18a/input/modified/pykg2vec/utils/evaluation.py,248,c58bfd4479702b953afd87d21e4ebe1b3672e46f,clean evaluation.py,2019-05-30 06:40:23+00:00,MODIFY,428.0,1304.0,311e8d5274d8f4b3b115f5b49c7e48a4ca6e43b4,2019-06-14T23:43:27Z,2019-03-06T23:06:11Z
pykg2vec/utils/evaluation.py,test_step,Sujit-O/pykg2vec,in_place_apis_misused,1,/home/gilberto-1/github/wrapper_code_smile/output_analysis/1735243578.6335516/Sujit-Opykg2vec_analysis/2698e4900ae47c5017557825bf2022a064b0b1a5/input/modified/pykg2vec/utils/evaluation.py,139,2698e4900ae47c5017557825bf2022a064b0b1a5,modified,2019-04-29 23:04:46+00:00,added test_batch for transR,TransE.py|TransH.py|TransR.py|train_transE.py|train_transR.py|evaluation.py|trainer.py,223.0,1.0,0.0,0.0,0.0,2019-03-06T23:06:11Z,1304.0,new_feature,311e8d5274d8f4b3b115f5b49c7e48a4ca6e43b4,2019-06-14T23:43:27Z,/home/gilberto-1/github/wrapper_code_smile/output_analysis/1735243578.6335516/Sujit-Opykg2vec_analysis/61fe8d78fe4726b4a24aaebb7257458e943e37d9/input/modified/pykg2vec/utils/evaluation.py,368,28f422232f7be445e6a3cb2045216974a0bde3fa,removed unnecessary test_batch functions,2019-05-09 21:53:31+00:00,MODIFY,314.0,1304.0,311e8d5274d8f4b3b115f5b49c7e48a4ca6e43b4,2019-06-14T23:43:27Z,2019-03-06T23:06:11Z
pykg2vec/utils/evaluation.py,test_step,Sujit-O/pykg2vec,in_place_apis_misused,1,/home/gilberto-1/github/wrapper_code_smile/output_analysis/1735243578.6335516/Sujit-Opykg2vec_analysis/2698e4900ae47c5017557825bf2022a064b0b1a5/input/modified/pykg2vec/utils/evaluation.py,139,2698e4900ae47c5017557825bf2022a064b0b1a5,modified,2019-04-29 23:04:46+00:00,added test_batch for transR,TransE.py|TransH.py|TransR.py|train_transE.py|train_transR.py|evaluation.py|trainer.py,223.0,1.0,0.0,0.0,0.0,2019-03-06T23:06:11Z,1304.0,new_feature,311e8d5274d8f4b3b115f5b49c7e48a4ca6e43b4,2019-06-14T23:43:27Z,/home/gilberto-1/github/wrapper_code_smile/output_analysis/1735243578.6335516/Sujit-Opykg2vec_analysis/1ed437a9507c0d813c875bb8ec5a807573849f81/input/modified/pykg2vec/utils/evaluation.py,138,87e8bb166f514fe9b8a88c1b6f07b94c8055775b,add testing batch size in config and rename,2019-05-08 19:08:55+00:00,MODIFY,304.0,1304.0,311e8d5274d8f4b3b115f5b49c7e48a4ca6e43b4,2019-06-14T23:43:27Z,2019-03-06T23:06:11Z
pykg2vec/utils/evaluation.py,test_tucker_v2,Sujit-O/pykg2vec,in_place_apis_misused,1,/home/gilberto-1/github/wrapper_code_smile/output_analysis/1735243578.6335516/Sujit-Opykg2vec_analysis/d43b559697e142f1c0588282e3e96581698a3bc4/input/modified/pykg2vec/utils/evaluation.py,261,d43b559697e142f1c0588282e3e96581698a3bc4,modified,2019-05-03 02:20:57+00:00,modified tucker,global_config.py|TuckER_v2.py|train_TuckER_v2.py|evaluation.py|generator.py|trainer.py,276.0,0.0,0.0,1.0,0.0,2019-03-06T23:06:11Z,1304.0,enhancement,311e8d5274d8f4b3b115f5b49c7e48a4ca6e43b4,2019-06-14T23:43:27Z,/home/gilberto-1/github/wrapper_code_smile/output_analysis/1735243578.6335516/Sujit-Opykg2vec_analysis/7073ec1c84221ec11b12a81a86f2e24ceeabe6b7/input/modified/pykg2vec/utils/evaluation.py,194,0468f7992ab73d6424e9c1c79c0f9a3cf0dcbfde,removed unnecessary test_batch functions,2019-05-10 00:16:09+00:00,MODIFY,321.0,1304.0,311e8d5274d8f4b3b115f5b49c7e48a4ca6e43b4,2019-06-14T23:43:27Z,2019-03-06T23:06:11Z
pykg2vec/utils/evaluation.py,test_tucker_v2,Sujit-O/pykg2vec,in_place_apis_misused,1,/home/gilberto-1/github/wrapper_code_smile/output_analysis/1735243578.6335516/Sujit-Opykg2vec_analysis/d43b559697e142f1c0588282e3e96581698a3bc4/input/modified/pykg2vec/utils/evaluation.py,261,d43b559697e142f1c0588282e3e96581698a3bc4,modified,2019-05-03 02:20:57+00:00,modified tucker,global_config.py|TuckER_v2.py|train_TuckER_v2.py|evaluation.py|generator.py|trainer.py,276.0,0.0,0.0,1.0,0.0,2019-03-06T23:06:11Z,1304.0,enhancement,311e8d5274d8f4b3b115f5b49c7e48a4ca6e43b4,2019-06-14T23:43:27Z,/home/gilberto-1/github/wrapper_code_smile/output_analysis/1735243578.6335516/Sujit-Opykg2vec_analysis/0468f7992ab73d6424e9c1c79c0f9a3cf0dcbfde/input/modified/pykg2vec/utils/evaluation.py,258,35dc0b2f78cfdcc7128bee59836e4495bd159f63,moved test display in evaluator as static funciton,2019-05-10 00:40:40+00:00,MODIFY,324.0,1304.0,311e8d5274d8f4b3b115f5b49c7e48a4ca6e43b4,2019-06-14T23:43:27Z,2019-03-06T23:06:11Z
pykg2vec/utils/evaluation.py,test_tucker_v2,Sujit-O/pykg2vec,in_place_apis_misused,1,/home/gilberto-1/github/wrapper_code_smile/output_analysis/1735243578.6335516/Sujit-Opykg2vec_analysis/d43b559697e142f1c0588282e3e96581698a3bc4/input/modified/pykg2vec/utils/evaluation.py,261,d43b559697e142f1c0588282e3e96581698a3bc4,modified,2019-05-03 02:20:57+00:00,modified tucker,global_config.py|TuckER_v2.py|train_TuckER_v2.py|evaluation.py|generator.py|trainer.py,276.0,0.0,0.0,1.0,0.0,2019-03-06T23:06:11Z,1304.0,enhancement,311e8d5274d8f4b3b115f5b49c7e48a4ca6e43b4,2019-06-14T23:43:27Z,/home/gilberto-1/github/wrapper_code_smile/output_analysis/1735243578.6335516/Sujit-Opykg2vec_analysis/7ef2bbf3e5843cb8f71888392497dfa4b116c18a/input/modified/pykg2vec/utils/evaluation.py,248,c58bfd4479702b953afd87d21e4ebe1b3672e46f,clean evaluation.py,2019-05-30 06:40:23+00:00,MODIFY,428.0,1304.0,311e8d5274d8f4b3b115f5b49c7e48a4ca6e43b4,2019-06-14T23:43:27Z,2019-03-06T23:06:11Z
pykg2vec/utils/evaluation.py,test_tucker_v2,Sujit-O/pykg2vec,in_place_apis_misused,1,/home/gilberto-1/github/wrapper_code_smile/output_analysis/1735243578.6335516/Sujit-Opykg2vec_analysis/d43b559697e142f1c0588282e3e96581698a3bc4/input/modified/pykg2vec/utils/evaluation.py,261,d43b559697e142f1c0588282e3e96581698a3bc4,modified,2019-05-03 02:20:57+00:00,modified tucker,global_config.py|TuckER_v2.py|train_TuckER_v2.py|evaluation.py|generator.py|trainer.py,276.0,0.0,0.0,1.0,0.0,2019-03-06T23:06:11Z,1304.0,enhancement,311e8d5274d8f4b3b115f5b49c7e48a4ca6e43b4,2019-06-14T23:43:27Z,/home/gilberto-1/github/wrapper_code_smile/output_analysis/1735243578.6335516/Sujit-Opykg2vec_analysis/61fe8d78fe4726b4a24aaebb7257458e943e37d9/input/modified/pykg2vec/utils/evaluation.py,368,28f422232f7be445e6a3cb2045216974a0bde3fa,removed unnecessary test_batch functions,2019-05-09 21:53:31+00:00,MODIFY,314.0,1304.0,311e8d5274d8f4b3b115f5b49c7e48a4ca6e43b4,2019-06-14T23:43:27Z,2019-03-06T23:06:11Z
pykg2vec/utils/evaluation.py,test_tucker_v2,Sujit-O/pykg2vec,in_place_apis_misused,1,/home/gilberto-1/github/wrapper_code_smile/output_analysis/1735243578.6335516/Sujit-Opykg2vec_analysis/d43b559697e142f1c0588282e3e96581698a3bc4/input/modified/pykg2vec/utils/evaluation.py,261,d43b559697e142f1c0588282e3e96581698a3bc4,modified,2019-05-03 02:20:57+00:00,modified tucker,global_config.py|TuckER_v2.py|train_TuckER_v2.py|evaluation.py|generator.py|trainer.py,276.0,0.0,0.0,1.0,0.0,2019-03-06T23:06:11Z,1304.0,enhancement,311e8d5274d8f4b3b115f5b49c7e48a4ca6e43b4,2019-06-14T23:43:27Z,/home/gilberto-1/github/wrapper_code_smile/output_analysis/1735243578.6335516/Sujit-Opykg2vec_analysis/1ed437a9507c0d813c875bb8ec5a807573849f81/input/modified/pykg2vec/utils/evaluation.py,138,87e8bb166f514fe9b8a88c1b6f07b94c8055775b,add testing batch size in config and rename,2019-05-08 19:08:55+00:00,MODIFY,304.0,1304.0,311e8d5274d8f4b3b115f5b49c7e48a4ca6e43b4,2019-06-14T23:43:27Z,2019-03-06T23:06:11Z
pykg2vec/utils/evaluator.py,append_result,Sujit-O/pykg2vec,in_place_apis_misused,1,/home/gilberto-1/github/wrapper_code_smile/output_analysis/1735243578.6335516/Sujit-Opykg2vec_analysis/f0d2098613b8aeb791231b10f7489c62f4fd7792/input/modified/pykg2vec/utils/evaluator.py,56,f0d2098613b8aeb791231b10f7489c62f4fd7792,modified,2020-03-11 01:32:00+00:00,remove batch testings.,config.py|Complex.py|DistMult.py|KG2E.py|Rescal.py|TransD.py|TransE.py|TransH.py|TransM.py|TransR.py|evaluator.py|trainer.py,959.0,0.0,0.0,1.0,1.0,2019-03-06T23:06:11Z,1304.0,enhancement,311e8d5274d8f4b3b115f5b49c7e48a4ca6e43b4,2019-06-14T23:43:27Z,/home/gilberto-1/github/wrapper_code_smile/output_analysis/1735243578.6335516/Sujit-Opykg2vec_analysis/3757566300478718b3719f351903179ff7293727/input/modified/pykg2vec/utils/evaluator.py,315,4e8ecab2e557387d3c747be38fc967758cb98edb,adding non multiprocess mode evaluator.,2020-03-12 23:35:56+00:00,MODIFY,1017.0,1304.0,311e8d5274d8f4b3b115f5b49c7e48a4ca6e43b4,2019-06-14T23:43:27Z,2019-03-06T23:06:11Z
pykg2vec/utils/evaluator.py,append_result_new,Sujit-O/pykg2vec,in_place_apis_misused,1,/home/gilberto-1/github/wrapper_code_smile/output_analysis/1735243578.6335516/Sujit-Opykg2vec_analysis/41155a126a15f6595dae25ad9fa2d9b67ebef8a4/input/modified/pykg2vec/utils/evaluator.py,79,41155a126a15f6595dae25ad9fa2d9b67ebef8a4,modified,2020-03-05 20:22:51+00:00,use -bt 1 to enable testing per sample.,TransE.py|evaluator.py|trainer.py,907.0,0.0,0.0,0.0,0.0,2019-03-06T23:06:11Z,1304.0,other,311e8d5274d8f4b3b115f5b49c7e48a4ca6e43b4,2019-06-14T23:43:27Z,/home/gilberto-1/github/wrapper_code_smile/output_analysis/1735243578.6335516/Sujit-Opykg2vec_analysis/bf877de233e473b21c8db080377086789363bf44/input/modified/pykg2vec/utils/evaluator.py,78,f0d2098613b8aeb791231b10f7489c62f4fd7792,remove batch testings.,2020-03-11 01:32:00+00:00,MODIFY,959.0,1304.0,311e8d5274d8f4b3b115f5b49c7e48a4ca6e43b4,2019-06-14T23:43:27Z,2019-03-06T23:06:11Z
pykg2vec/utils/evaluator.py,append_result_new,Sujit-O/pykg2vec,in_place_apis_misused,1,/home/gilberto-1/github/wrapper_code_smile/output_analysis/1735243578.6335516/Sujit-Opykg2vec_analysis/41155a126a15f6595dae25ad9fa2d9b67ebef8a4/input/modified/pykg2vec/utils/evaluator.py,79,41155a126a15f6595dae25ad9fa2d9b67ebef8a4,modified,2020-03-05 20:22:51+00:00,use -bt 1 to enable testing per sample.,TransE.py|evaluator.py|trainer.py,907.0,0.0,0.0,0.0,0.0,2019-03-06T23:06:11Z,1304.0,other,311e8d5274d8f4b3b115f5b49c7e48a4ca6e43b4,2019-06-14T23:43:27Z,/home/gilberto-1/github/wrapper_code_smile/output_analysis/1735243578.6335516/Sujit-Opykg2vec_analysis/3757566300478718b3719f351903179ff7293727/input/modified/pykg2vec/utils/evaluator.py,315,4e8ecab2e557387d3c747be38fc967758cb98edb,adding non multiprocess mode evaluator.,2020-03-12 23:35:56+00:00,MODIFY,1017.0,1304.0,311e8d5274d8f4b3b115f5b49c7e48a4ca6e43b4,2019-06-14T23:43:27Z,2019-03-06T23:06:11Z
pykg2vec/utils/trainer.py,export_embeddings,Sujit-O/pykg2vec,columns_and_datatype_not_explicitly_set,1,/home/gilberto-1/github/wrapper_code_smile/output_analysis/1735243578.6335516/Sujit-Opykg2vec_analysis/41155a126a15f6595dae25ad9fa2d9b67ebef8a4/input/modified/pykg2vec/utils/trainer.py,414,41155a126a15f6595dae25ad9fa2d9b67ebef8a4,modified,2020-03-05 20:22:51+00:00,use -bt 1 to enable testing per sample.,TransE.py|evaluator.py|trainer.py,907.0,0.0,0.0,0.0,0.0,2019-03-06T23:06:11Z,1304.0,other,311e8d5274d8f4b3b115f5b49c7e48a4ca6e43b4,2019-06-14T23:43:27Z,/home/gilberto-1/github/wrapper_code_smile/output_analysis/1735243578.6335516/Sujit-Opykg2vec_analysis/342a3950d836895bcef9587bd8ae0c92c3c47093/input/modified/pykg2vec/utils/trainer.py,438,f01f8f38dad8653ca6a62e0319e2049a315feed6,fix visualization,2020-06-26 07:46:25+00:00,MODIFY,1292.0,1304.0,311e8d5274d8f4b3b115f5b49c7e48a4ca6e43b4,2019-06-14T23:43:27Z,2019-03-06T23:06:11Z
pykg2vec/utils/trainer.py,infer_heads,Sujit-O/pykg2vec,in_place_apis_misused,1,/home/gilberto-1/github/wrapper_code_smile/output_analysis/1735243578.6335516/Sujit-Opykg2vec_analysis/cc473bec9ee9e3755df65b7e9ccd3e0fe97c3196/input/modified/pykg2vec/utils/trainer.py,289,cc473bec9ee9e3755df65b7e9ccd3e0fe97c3196,modified,2020-03-16 18:20:33+00:00,add the initial logger,experiment.py|config.py|bayesian_optimizer.py|evaluator.py|generator.py|kgcontroller.py|logger.py|trainer.py|visualization.py,1061.0,1.0,0.0,0.0,0.0,2019-03-06T23:06:11Z,1304.0,new_feature,311e8d5274d8f4b3b115f5b49c7e48a4ca6e43b4,2019-06-14T23:43:27Z,/home/gilberto-1/github/wrapper_code_smile/output_analysis/1735243578.6335516/Sujit-Opykg2vec_analysis/5db2e7befe04b8e50a955d6cbb728fdcf14425aa/input/modified/pykg2vec/utils/trainer.py,334,86c3f76741c71a1fb7bbe0a1015353e37f8cb3cd,"add linting, improve named embedding and error handling",2020-06-29 08:36:14+00:00,MODIFY,1305.0,1304.0,311e8d5274d8f4b3b115f5b49c7e48a4ca6e43b4,2019-06-14T23:43:27Z,2019-03-06T23:06:11Z
pykg2vec/utils/trainer.py,infer_heads,Sujit-O/pykg2vec,in_place_apis_misused,5,/home/gilberto-1/github/wrapper_code_smile/output_analysis/1735243578.6335516/Sujit-Opykg2vec_analysis/cc473bec9ee9e3755df65b7e9ccd3e0fe97c3196/input/modified/pykg2vec/utils/trainer.py,295,cc473bec9ee9e3755df65b7e9ccd3e0fe97c3196,modified,2020-03-16 18:20:33+00:00,add the initial logger,experiment.py|config.py|bayesian_optimizer.py|evaluator.py|generator.py|kgcontroller.py|logger.py|trainer.py|visualization.py,1061.0,1.0,0.0,0.0,0.0,2019-03-06T23:06:11Z,1304.0,new_feature,311e8d5274d8f4b3b115f5b49c7e48a4ca6e43b4,2019-06-14T23:43:27Z,/home/gilberto-1/github/wrapper_code_smile/output_analysis/1735243578.6335516/Sujit-Opykg2vec_analysis/65bc13909d56f10dba0f20bb9ccb0dd6c62f3bb3/input/deleted/pykg2vec/utils/trainer.py,366,74596b3a6e2ab1127570e09852f599dcc0bc8e65,change core to models,2020-06-25 07:28:03+00:00,MODIFY,1251.0,1304.0,311e8d5274d8f4b3b115f5b49c7e48a4ca6e43b4,2019-06-14T23:43:27Z,2019-03-06T23:06:11Z
pykg2vec/utils/trainer.py,infer_rels,Sujit-O/pykg2vec,in_place_apis_misused,1,/home/gilberto-1/github/wrapper_code_smile/output_analysis/1735243578.6335516/Sujit-Opykg2vec_analysis/cc473bec9ee9e3755df65b7e9ccd3e0fe97c3196/input/modified/pykg2vec/utils/trainer.py,306,cc473bec9ee9e3755df65b7e9ccd3e0fe97c3196,modified,2020-03-16 18:20:33+00:00,add the initial logger,experiment.py|config.py|bayesian_optimizer.py|evaluator.py|generator.py|kgcontroller.py|logger.py|trainer.py|visualization.py,1061.0,1.0,0.0,0.0,0.0,2019-03-06T23:06:11Z,1304.0,new_feature,311e8d5274d8f4b3b115f5b49c7e48a4ca6e43b4,2019-06-14T23:43:27Z,/home/gilberto-1/github/wrapper_code_smile/output_analysis/1735243578.6335516/Sujit-Opykg2vec_analysis/5db2e7befe04b8e50a955d6cbb728fdcf14425aa/input/modified/pykg2vec/utils/trainer.py,334,86c3f76741c71a1fb7bbe0a1015353e37f8cb3cd,"add linting, improve named embedding and error handling",2020-06-29 08:36:14+00:00,MODIFY,1305.0,1304.0,311e8d5274d8f4b3b115f5b49c7e48a4ca6e43b4,2019-06-14T23:43:27Z,2019-03-06T23:06:11Z
pykg2vec/utils/trainer.py,infer_rels,Sujit-O/pykg2vec,in_place_apis_misused,5,/home/gilberto-1/github/wrapper_code_smile/output_analysis/1735243578.6335516/Sujit-Opykg2vec_analysis/cc473bec9ee9e3755df65b7e9ccd3e0fe97c3196/input/modified/pykg2vec/utils/trainer.py,312,cc473bec9ee9e3755df65b7e9ccd3e0fe97c3196,modified,2020-03-16 18:20:33+00:00,add the initial logger,experiment.py|config.py|bayesian_optimizer.py|evaluator.py|generator.py|kgcontroller.py|logger.py|trainer.py|visualization.py,1061.0,1.0,0.0,0.0,0.0,2019-03-06T23:06:11Z,1304.0,new_feature,311e8d5274d8f4b3b115f5b49c7e48a4ca6e43b4,2019-06-14T23:43:27Z,/home/gilberto-1/github/wrapper_code_smile/output_analysis/1735243578.6335516/Sujit-Opykg2vec_analysis/65bc13909d56f10dba0f20bb9ccb0dd6c62f3bb3/input/deleted/pykg2vec/utils/trainer.py,366,74596b3a6e2ab1127570e09852f599dcc0bc8e65,change core to models,2020-06-25 07:28:03+00:00,MODIFY,1251.0,1304.0,311e8d5274d8f4b3b115f5b49c7e48a4ca6e43b4,2019-06-14T23:43:27Z,2019-03-06T23:06:11Z
pykg2vec/utils/trainer.py,infer_tails,Sujit-O/pykg2vec,in_place_apis_misused,1,/home/gilberto-1/github/wrapper_code_smile/output_analysis/1735243578.6335516/Sujit-Opykg2vec_analysis/cc473bec9ee9e3755df65b7e9ccd3e0fe97c3196/input/modified/pykg2vec/utils/trainer.py,272,cc473bec9ee9e3755df65b7e9ccd3e0fe97c3196,modified,2020-03-16 18:20:33+00:00,add the initial logger,experiment.py|config.py|bayesian_optimizer.py|evaluator.py|generator.py|kgcontroller.py|logger.py|trainer.py|visualization.py,1061.0,1.0,0.0,0.0,0.0,2019-03-06T23:06:11Z,1304.0,new_feature,311e8d5274d8f4b3b115f5b49c7e48a4ca6e43b4,2019-06-14T23:43:27Z,/home/gilberto-1/github/wrapper_code_smile/output_analysis/1735243578.6335516/Sujit-Opykg2vec_analysis/5db2e7befe04b8e50a955d6cbb728fdcf14425aa/input/modified/pykg2vec/utils/trainer.py,334,86c3f76741c71a1fb7bbe0a1015353e37f8cb3cd,"add linting, improve named embedding and error handling",2020-06-29 08:36:14+00:00,MODIFY,1305.0,1304.0,311e8d5274d8f4b3b115f5b49c7e48a4ca6e43b4,2019-06-14T23:43:27Z,2019-03-06T23:06:11Z
pykg2vec/utils/trainer.py,infer_tails,Sujit-O/pykg2vec,in_place_apis_misused,5,/home/gilberto-1/github/wrapper_code_smile/output_analysis/1735243578.6335516/Sujit-Opykg2vec_analysis/cc473bec9ee9e3755df65b7e9ccd3e0fe97c3196/input/modified/pykg2vec/utils/trainer.py,278,cc473bec9ee9e3755df65b7e9ccd3e0fe97c3196,modified,2020-03-16 18:20:33+00:00,add the initial logger,experiment.py|config.py|bayesian_optimizer.py|evaluator.py|generator.py|kgcontroller.py|logger.py|trainer.py|visualization.py,1061.0,1.0,0.0,0.0,0.0,2019-03-06T23:06:11Z,1304.0,new_feature,311e8d5274d8f4b3b115f5b49c7e48a4ca6e43b4,2019-06-14T23:43:27Z,/home/gilberto-1/github/wrapper_code_smile/output_analysis/1735243578.6335516/Sujit-Opykg2vec_analysis/65bc13909d56f10dba0f20bb9ccb0dd6c62f3bb3/input/deleted/pykg2vec/utils/trainer.py,366,74596b3a6e2ab1127570e09852f599dcc0bc8e65,change core to models,2020-06-25 07:28:03+00:00,MODIFY,1251.0,1304.0,311e8d5274d8f4b3b115f5b49c7e48a4ca6e43b4,2019-06-14T23:43:27Z,2019-03-06T23:06:11Z
pykg2vec/utils/evaluator.py,save_test_summary,Sujit-O/pykg2vec,columns_and_datatype_not_explicitly_set,1,/home/gilberto-1/github/wrapper_code_smile/output_analysis/1735243578.6335516/Sujit-Opykg2vec_analysis/41155a126a15f6595dae25ad9fa2d9b67ebef8a4/input/modified/pykg2vec/utils/evaluator.py,221,41155a126a15f6595dae25ad9fa2d9b67ebef8a4,modified,2020-03-05 20:22:51+00:00,use -bt 1 to enable testing per sample.,TransE.py|evaluator.py|trainer.py,907.0,0.0,0.0,0.0,0.0,2019-03-06T23:06:11Z,1304.0,other,311e8d5274d8f4b3b115f5b49c7e48a4ca6e43b4,2019-06-14T23:43:27Z,/home/gilberto-1/github/wrapper_code_smile/output_analysis/1735243578.6335516/Sujit-Opykg2vec_analysis/42f77994422dc7954491d9eef0cd611a2b10ed9b/input/modified/pykg2vec/utils/evaluator.py,392,1c6a7766a3102e4f13903c7144eb16236f74d48d,remove multprocess in evaluator.,2020-03-13 06:10:02+00:00,MODIFY,1031.0,1304.0,311e8d5274d8f4b3b115f5b49c7e48a4ca6e43b4,2019-06-14T23:43:27Z,2019-03-06T23:06:11Z
pykg2vec/utils/evaluator.py,save_training_result,Sujit-O/pykg2vec,columns_and_datatype_not_explicitly_set,1,/home/gilberto-1/github/wrapper_code_smile/output_analysis/1735243578.6335516/Sujit-Opykg2vec_analysis/41155a126a15f6595dae25ad9fa2d9b67ebef8a4/input/modified/pykg2vec/utils/evaluator.py,432,41155a126a15f6595dae25ad9fa2d9b67ebef8a4,modified,2020-03-05 20:22:51+00:00,use -bt 1 to enable testing per sample.,TransE.py|evaluator.py|trainer.py,907.0,0.0,0.0,0.0,0.0,2019-03-06T23:06:11Z,1304.0,other,311e8d5274d8f4b3b115f5b49c7e48a4ca6e43b4,2019-06-14T23:43:27Z,/home/gilberto-1/github/wrapper_code_smile/output_analysis/1735243578.6335516/Sujit-Opykg2vec_analysis/42f77994422dc7954491d9eef0cd611a2b10ed9b/input/modified/pykg2vec/utils/evaluator.py,392,1c6a7766a3102e4f13903c7144eb16236f74d48d,remove multprocess in evaluator.,2020-03-13 06:10:02+00:00,MODIFY,1031.0,1304.0,311e8d5274d8f4b3b115f5b49c7e48a4ca6e43b4,2019-06-14T23:43:27Z,2019-03-06T23:06:11Z
pykg2vec/utils/evaluator.py,stop,Sujit-O/pykg2vec,in_place_apis_misused,1,/home/gilberto-1/github/wrapper_code_smile/output_analysis/1735243578.6335516/Sujit-Opykg2vec_analysis/41155a126a15f6595dae25ad9fa2d9b67ebef8a4/input/modified/pykg2vec/utils/evaluator.py,352,41155a126a15f6595dae25ad9fa2d9b67ebef8a4,modified,2020-03-05 20:22:51+00:00,use -bt 1 to enable testing per sample.,TransE.py|evaluator.py|trainer.py,907.0,0.0,0.0,0.0,0.0,2019-03-06T23:06:11Z,1304.0,other,311e8d5274d8f4b3b115f5b49c7e48a4ca6e43b4,2019-06-14T23:43:27Z,/home/gilberto-1/github/wrapper_code_smile/output_analysis/1735243578.6335516/Sujit-Opykg2vec_analysis/bf877de233e473b21c8db080377086789363bf44/input/modified/pykg2vec/utils/evaluator.py,78,f0d2098613b8aeb791231b10f7489c62f4fd7792,remove batch testings.,2020-03-11 01:32:00+00:00,MODIFY,959.0,1304.0,311e8d5274d8f4b3b115f5b49c7e48a4ca6e43b4,2019-06-14T23:43:27Z,2019-03-06T23:06:11Z
pykg2vec/utils/evaluator.py,stop,Sujit-O/pykg2vec,in_place_apis_misused,1,/home/gilberto-1/github/wrapper_code_smile/output_analysis/1735243578.6335516/Sujit-Opykg2vec_analysis/41155a126a15f6595dae25ad9fa2d9b67ebef8a4/input/modified/pykg2vec/utils/evaluator.py,352,41155a126a15f6595dae25ad9fa2d9b67ebef8a4,modified,2020-03-05 20:22:51+00:00,use -bt 1 to enable testing per sample.,TransE.py|evaluator.py|trainer.py,907.0,0.0,0.0,0.0,0.0,2019-03-06T23:06:11Z,1304.0,other,311e8d5274d8f4b3b115f5b49c7e48a4ca6e43b4,2019-06-14T23:43:27Z,/home/gilberto-1/github/wrapper_code_smile/output_analysis/1735243578.6335516/Sujit-Opykg2vec_analysis/3757566300478718b3719f351903179ff7293727/input/modified/pykg2vec/utils/evaluator.py,315,4e8ecab2e557387d3c747be38fc967758cb98edb,adding non multiprocess mode evaluator.,2020-03-12 23:35:56+00:00,MODIFY,1017.0,1304.0,311e8d5274d8f4b3b115f5b49c7e48a4ca6e43b4,2019-06-14T23:43:27Z,2019-03-06T23:06:11Z
pykg2vec/utils/trainer.py,train_model_epoch,Sujit-O/pykg2vec,in_place_apis_misused,1,/home/gilberto-1/github/wrapper_code_smile/output_analysis/1735243578.6335516/Sujit-Opykg2vec_analysis/41155a126a15f6595dae25ad9fa2d9b67ebef8a4/input/modified/pykg2vec/utils/trainer.py,237,41155a126a15f6595dae25ad9fa2d9b67ebef8a4,modified,2020-03-05 20:22:51+00:00,use -bt 1 to enable testing per sample.,TransE.py|evaluator.py|trainer.py,907.0,0.0,0.0,0.0,0.0,2019-03-06T23:06:11Z,1304.0,other,311e8d5274d8f4b3b115f5b49c7e48a4ca6e43b4,2019-06-14T23:43:27Z,/home/gilberto-1/github/wrapper_code_smile/output_analysis/1735243578.6335516/Sujit-Opykg2vec_analysis/5db2e7befe04b8e50a955d6cbb728fdcf14425aa/input/modified/pykg2vec/utils/trainer.py,334,86c3f76741c71a1fb7bbe0a1015353e37f8cb3cd,"add linting, improve named embedding and error handling",2020-06-29 08:36:14+00:00,MODIFY,1305.0,1304.0,311e8d5274d8f4b3b115f5b49c7e48a4ca6e43b4,2019-06-14T23:43:27Z,2019-03-06T23:06:11Z
pykg2vec/utils/trainer.py,export_embeddings,Sujit-O/pykg2vec,columns_and_datatype_not_explicitly_set,1,/home/gilberto-1/github/wrapper_code_smile/output_analysis/1735243578.6335516/Sujit-Opykg2vec_analysis/13e407483212cc1c292f2a90e3c68eac58a5ea32/input/modified/pykg2vec/utils/trainer.py,358,13e407483212cc1c292f2a90e3c68eac58a5ea32,modified,2020-01-13 18:39:52+00:00,Added pandas export support for trainer's export_embeddings. The exports are pandas Series and DataFrame in pickle format,trainer.py,735.0,1.0,0.0,1.0,1.0,2019-03-06T23:06:11Z,1304.0,new_feature,311e8d5274d8f4b3b115f5b49c7e48a4ca6e43b4,2019-06-14T23:43:27Z,/home/gilberto-1/github/wrapper_code_smile/output_analysis/1735243578.6335516/Sujit-Opykg2vec_analysis/342a3950d836895bcef9587bd8ae0c92c3c47093/input/modified/pykg2vec/utils/trainer.py,438,f01f8f38dad8653ca6a62e0319e2049a315feed6,fix visualization,2020-06-26 07:46:25+00:00,MODIFY,1292.0,1304.0,311e8d5274d8f4b3b115f5b49c7e48a4ca6e43b4,2019-06-14T23:43:27Z,2019-03-06T23:06:11Z
pykg2vec/utils/trainer.py,infer_heads,Sujit-O/pykg2vec,in_place_apis_misused,1,/home/gilberto-1/github/wrapper_code_smile/output_analysis/1735243578.6335516/Sujit-Opykg2vec_analysis/81401ff13fa43292cda02b30e633017932ed9217/input/modified/pykg2vec/utils/trainer.py,291,81401ff13fa43292cda02b30e633017932ed9217,modified,2020-03-17 03:01:20+00:00,Update trainer.py,trainer.py,1073.0,0.0,0.0,1.0,0.0,2019-03-06T23:06:11Z,1304.0,enhancement,311e8d5274d8f4b3b115f5b49c7e48a4ca6e43b4,2019-06-14T23:43:27Z,/home/gilberto-1/github/wrapper_code_smile/output_analysis/1735243578.6335516/Sujit-Opykg2vec_analysis/5db2e7befe04b8e50a955d6cbb728fdcf14425aa/input/modified/pykg2vec/utils/trainer.py,334,86c3f76741c71a1fb7bbe0a1015353e37f8cb3cd,"add linting, improve named embedding and error handling",2020-06-29 08:36:14+00:00,MODIFY,1305.0,1304.0,311e8d5274d8f4b3b115f5b49c7e48a4ca6e43b4,2019-06-14T23:43:27Z,2019-03-06T23:06:11Z
pykg2vec/utils/trainer.py,infer_heads,Sujit-O/pykg2vec,in_place_apis_misused,5,/home/gilberto-1/github/wrapper_code_smile/output_analysis/1735243578.6335516/Sujit-Opykg2vec_analysis/81401ff13fa43292cda02b30e633017932ed9217/input/modified/pykg2vec/utils/trainer.py,297,81401ff13fa43292cda02b30e633017932ed9217,modified,2020-03-17 03:01:20+00:00,Update trainer.py,trainer.py,1073.0,0.0,0.0,1.0,0.0,2019-03-06T23:06:11Z,1304.0,enhancement,311e8d5274d8f4b3b115f5b49c7e48a4ca6e43b4,2019-06-14T23:43:27Z,/home/gilberto-1/github/wrapper_code_smile/output_analysis/1735243578.6335516/Sujit-Opykg2vec_analysis/65bc13909d56f10dba0f20bb9ccb0dd6c62f3bb3/input/deleted/pykg2vec/utils/trainer.py,366,74596b3a6e2ab1127570e09852f599dcc0bc8e65,change core to models,2020-06-25 07:28:03+00:00,MODIFY,1251.0,1304.0,311e8d5274d8f4b3b115f5b49c7e48a4ca6e43b4,2019-06-14T23:43:27Z,2019-03-06T23:06:11Z
pykg2vec/utils/trainer.py,infer_rels,Sujit-O/pykg2vec,in_place_apis_misused,1,/home/gilberto-1/github/wrapper_code_smile/output_analysis/1735243578.6335516/Sujit-Opykg2vec_analysis/81401ff13fa43292cda02b30e633017932ed9217/input/modified/pykg2vec/utils/trainer.py,308,81401ff13fa43292cda02b30e633017932ed9217,modified,2020-03-17 03:01:20+00:00,Update trainer.py,trainer.py,1073.0,0.0,0.0,1.0,0.0,2019-03-06T23:06:11Z,1304.0,enhancement,311e8d5274d8f4b3b115f5b49c7e48a4ca6e43b4,2019-06-14T23:43:27Z,/home/gilberto-1/github/wrapper_code_smile/output_analysis/1735243578.6335516/Sujit-Opykg2vec_analysis/5db2e7befe04b8e50a955d6cbb728fdcf14425aa/input/modified/pykg2vec/utils/trainer.py,334,86c3f76741c71a1fb7bbe0a1015353e37f8cb3cd,"add linting, improve named embedding and error handling",2020-06-29 08:36:14+00:00,MODIFY,1305.0,1304.0,311e8d5274d8f4b3b115f5b49c7e48a4ca6e43b4,2019-06-14T23:43:27Z,2019-03-06T23:06:11Z
pykg2vec/utils/trainer.py,infer_rels,Sujit-O/pykg2vec,in_place_apis_misused,5,/home/gilberto-1/github/wrapper_code_smile/output_analysis/1735243578.6335516/Sujit-Opykg2vec_analysis/81401ff13fa43292cda02b30e633017932ed9217/input/modified/pykg2vec/utils/trainer.py,314,81401ff13fa43292cda02b30e633017932ed9217,modified,2020-03-17 03:01:20+00:00,Update trainer.py,trainer.py,1073.0,0.0,0.0,1.0,0.0,2019-03-06T23:06:11Z,1304.0,enhancement,311e8d5274d8f4b3b115f5b49c7e48a4ca6e43b4,2019-06-14T23:43:27Z,/home/gilberto-1/github/wrapper_code_smile/output_analysis/1735243578.6335516/Sujit-Opykg2vec_analysis/65bc13909d56f10dba0f20bb9ccb0dd6c62f3bb3/input/deleted/pykg2vec/utils/trainer.py,366,74596b3a6e2ab1127570e09852f599dcc0bc8e65,change core to models,2020-06-25 07:28:03+00:00,MODIFY,1251.0,1304.0,311e8d5274d8f4b3b115f5b49c7e48a4ca6e43b4,2019-06-14T23:43:27Z,2019-03-06T23:06:11Z
pykg2vec/utils/trainer.py,infer_tails,Sujit-O/pykg2vec,in_place_apis_misused,1,/home/gilberto-1/github/wrapper_code_smile/output_analysis/1735243578.6335516/Sujit-Opykg2vec_analysis/81401ff13fa43292cda02b30e633017932ed9217/input/modified/pykg2vec/utils/trainer.py,274,81401ff13fa43292cda02b30e633017932ed9217,modified,2020-03-17 03:01:20+00:00,Update trainer.py,trainer.py,1073.0,0.0,0.0,1.0,0.0,2019-03-06T23:06:11Z,1304.0,enhancement,311e8d5274d8f4b3b115f5b49c7e48a4ca6e43b4,2019-06-14T23:43:27Z,/home/gilberto-1/github/wrapper_code_smile/output_analysis/1735243578.6335516/Sujit-Opykg2vec_analysis/5db2e7befe04b8e50a955d6cbb728fdcf14425aa/input/modified/pykg2vec/utils/trainer.py,334,86c3f76741c71a1fb7bbe0a1015353e37f8cb3cd,"add linting, improve named embedding and error handling",2020-06-29 08:36:14+00:00,MODIFY,1305.0,1304.0,311e8d5274d8f4b3b115f5b49c7e48a4ca6e43b4,2019-06-14T23:43:27Z,2019-03-06T23:06:11Z
pykg2vec/utils/trainer.py,infer_tails,Sujit-O/pykg2vec,in_place_apis_misused,5,/home/gilberto-1/github/wrapper_code_smile/output_analysis/1735243578.6335516/Sujit-Opykg2vec_analysis/81401ff13fa43292cda02b30e633017932ed9217/input/modified/pykg2vec/utils/trainer.py,280,81401ff13fa43292cda02b30e633017932ed9217,modified,2020-03-17 03:01:20+00:00,Update trainer.py,trainer.py,1073.0,0.0,0.0,1.0,0.0,2019-03-06T23:06:11Z,1304.0,enhancement,311e8d5274d8f4b3b115f5b49c7e48a4ca6e43b4,2019-06-14T23:43:27Z,/home/gilberto-1/github/wrapper_code_smile/output_analysis/1735243578.6335516/Sujit-Opykg2vec_analysis/65bc13909d56f10dba0f20bb9ccb0dd6c62f3bb3/input/deleted/pykg2vec/utils/trainer.py,366,74596b3a6e2ab1127570e09852f599dcc0bc8e65,change core to models,2020-06-25 07:28:03+00:00,MODIFY,1251.0,1304.0,311e8d5274d8f4b3b115f5b49c7e48a4ca6e43b4,2019-06-14T23:43:27Z,2019-03-06T23:06:11Z
pykg2vec/utils/evaluation.py,save_test_summary,Sujit-O/pykg2vec,columns_and_datatype_not_explicitly_set,1,/home/gilberto-1/github/wrapper_code_smile/output_analysis/1735243578.6335516/Sujit-Opykg2vec_analysis/462be0c80bea4961b7c7ee7a3986db9e82982cdc/input/modified/pykg2vec/utils/evaluation.py,205,462be0c80bea4961b7c7ee7a3986db9e82982cdc,modified,2020-03-02 10:48:10+00:00,add patience to the trainer for early stopping,test_trainer.py|evaluation.py|trainer.py,861.0,1.0,0.0,0.0,0.0,2019-03-06T23:06:11Z,1304.0,new_feature,311e8d5274d8f4b3b115f5b49c7e48a4ca6e43b4,2019-06-14T23:43:27Z,/home/gilberto-1/github/wrapper_code_smile/output_analysis/1735243578.6335516/Sujit-Opykg2vec_analysis/462be0c80bea4961b7c7ee7a3986db9e82982cdc/input/modified/pykg2vec/utils/evaluation.py,205,e11cc821aa0b6606da8b996b9f5eb91565c48da8,change naming of evaluators.,2020-03-04 19:40:25+00:00,RENAME,876.0,1304.0,311e8d5274d8f4b3b115f5b49c7e48a4ca6e43b4,2019-06-14T23:43:27Z,2019-03-06T23:06:11Z
pykg2vec/utils/evaluation.py,save_training_result,Sujit-O/pykg2vec,columns_and_datatype_not_explicitly_set,1,/home/gilberto-1/github/wrapper_code_smile/output_analysis/1735243578.6335516/Sujit-Opykg2vec_analysis/462be0c80bea4961b7c7ee7a3986db9e82982cdc/input/modified/pykg2vec/utils/evaluation.py,374,462be0c80bea4961b7c7ee7a3986db9e82982cdc,modified,2020-03-02 10:48:10+00:00,add patience to the trainer for early stopping,test_trainer.py|evaluation.py|trainer.py,861.0,1.0,0.0,0.0,0.0,2019-03-06T23:06:11Z,1304.0,new_feature,311e8d5274d8f4b3b115f5b49c7e48a4ca6e43b4,2019-06-14T23:43:27Z,/home/gilberto-1/github/wrapper_code_smile/output_analysis/1735243578.6335516/Sujit-Opykg2vec_analysis/462be0c80bea4961b7c7ee7a3986db9e82982cdc/input/modified/pykg2vec/utils/evaluation.py,205,e11cc821aa0b6606da8b996b9f5eb91565c48da8,change naming of evaluators.,2020-03-04 19:40:25+00:00,RENAME,876.0,1304.0,311e8d5274d8f4b3b115f5b49c7e48a4ca6e43b4,2019-06-14T23:43:27Z,2019-03-06T23:06:11Z
pykg2vec/utils/trainer.py,train_model_epoch,Sujit-O/pykg2vec,in_place_apis_misused,1,/home/gilberto-1/github/wrapper_code_smile/output_analysis/1735243578.6335516/Sujit-Opykg2vec_analysis/d0ee989d40158fc41e5373f295f07aeb8953d597/input/modified/pykg2vec/utils/trainer.py,92,d0ee989d40158fc41e5373f295f07aeb8953d597,modified,2019-04-14 18:37:18+00:00,update save/load models in trainer,KGMeta.py|Rescal.py|SMEBilinear.py|SMELinear.py|TransE.py|TransH.py|TransR.py|trainer.py,78.0,0.0,0.0,1.0,0.0,2019-03-06T23:06:11Z,1304.0,enhancement,311e8d5274d8f4b3b115f5b49c7e48a4ca6e43b4,2019-06-14T23:43:27Z,/home/gilberto-1/github/wrapper_code_smile/output_analysis/1735243578.6335516/Sujit-Opykg2vec_analysis/5db2e7befe04b8e50a955d6cbb728fdcf14425aa/input/modified/pykg2vec/utils/trainer.py,334,86c3f76741c71a1fb7bbe0a1015353e37f8cb3cd,"add linting, improve named embedding and error handling",2020-06-29 08:36:14+00:00,MODIFY,1305.0,1304.0,311e8d5274d8f4b3b115f5b49c7e48a4ca6e43b4,2019-06-14T23:43:27Z,2019-03-06T23:06:11Z
pykg2vec/utils/evaluation.py,save_test_summary,Sujit-O/pykg2vec,columns_and_datatype_not_explicitly_set,1,/home/gilberto-1/github/wrapper_code_smile/output_analysis/1735243578.6335516/Sujit-Opykg2vec_analysis/b756e4ac38685d27725c319d152d581af38de56b/input/modified/pykg2vec/utils/evaluation.py,238,b756e4ac38685d27725c319d152d581af38de56b,modified,2019-04-10 01:18:49+00:00,added visualization,config.py|TransE.py|evaluation.py|visualization.py,64.0,1.0,0.0,0.0,0.0,2019-03-06T23:06:11Z,1304.0,new_feature,311e8d5274d8f4b3b115f5b49c7e48a4ca6e43b4,2019-06-14T23:43:27Z,/home/gilberto-1/github/wrapper_code_smile/output_analysis/1735243578.6335516/Sujit-Opykg2vec_analysis/462be0c80bea4961b7c7ee7a3986db9e82982cdc/input/modified/pykg2vec/utils/evaluation.py,205,e11cc821aa0b6606da8b996b9f5eb91565c48da8,change naming of evaluators.,2020-03-04 19:40:25+00:00,RENAME,876.0,1304.0,311e8d5274d8f4b3b115f5b49c7e48a4ca6e43b4,2019-06-14T23:43:27Z,2019-03-06T23:06:11Z
pykg2vec/core/TransE.py,save_training_result,Sujit-O/pykg2vec,columns_and_datatype_not_explicitly_set,1,/home/gilberto-1/github/wrapper_code_smile/output_analysis/1735243578.6335516/Sujit-Opykg2vec_analysis/b756e4ac38685d27725c319d152d581af38de56b/input/modified/pykg2vec/core/TransE.py,219,b756e4ac38685d27725c319d152d581af38de56b,modified,2019-04-10 01:18:49+00:00,added visualization,config.py|TransE.py|evaluation.py|visualization.py,64.0,1.0,0.0,0.0,0.0,2019-03-06T23:06:11Z,1304.0,new_feature,311e8d5274d8f4b3b115f5b49c7e48a4ca6e43b4,2019-06-14T23:43:27Z,/home/gilberto-1/github/wrapper_code_smile/output_analysis/1735243578.6335516/Sujit-Opykg2vec_analysis/eb27d3a4abf8bc0971861b4a2dd3dfe4030ece3d/input/modified/pykg2vec/core/TransE.py,196,b660b6f1e9bcbc1fa121f76ce9bd52499a363b3e,update algorithms,2019-04-10 21:58:15+00:00,MODIFY,68.0,1304.0,311e8d5274d8f4b3b115f5b49c7e48a4ca6e43b4,2019-06-14T23:43:27Z,2019-03-06T23:06:11Z
pykg2vec/utils/visualization.py,test_visualization,Sujit-O/pykg2vec,in_place_apis_misused,1,/home/gilberto-1/github/wrapper_code_smile/output_analysis/1735243578.6335516/Sujit-Opykg2vec_analysis/008531446bcac86cdc0efb974175b564c62ee7c6/input/modified/pykg2vec/utils/visualization.py,420,008531446bcac86cdc0efb974175b564c62ee7c6,modified,2019-05-30 23:07:12+00:00,modify test case for visualization,visualization.py,453.0,0.0,0.0,1.0,0.0,2019-03-06T23:06:11Z,1304.0,enhancement,311e8d5274d8f4b3b115f5b49c7e48a4ca6e43b4,2019-06-14T23:43:27Z,/home/gilberto-1/github/wrapper_code_smile/output_analysis/1735243578.6335516/Sujit-Opykg2vec_analysis/21e82477164f128e00276d2e137f865a8277fcc5/input/modified/pykg2vec/utils/visualization.py,420,98c3b652825fa528e17054fe432067df63c62395,add vis,2019-06-13 16:43:10+00:00,MODIFY,555.0,1304.0,311e8d5274d8f4b3b115f5b49c7e48a4ca6e43b4,2019-06-14T23:43:27Z,2019-03-06T23:06:11Z
python/interpret_text/common/preprocessor/bert_preprocessor.py,preprocess,interpretml/interpret-text,columns_and_datatype_not_explicitly_set,1,/home/gilberto-1/github/wrapper_code_smile/output_analysis/1735158796.965824/interpretmlinterpret-text_analysis/88a54d28012c9b8bd5c179bd80c15a8b9fd9b217/input/added/python/interpret_text/common/preprocessor/bert_preprocessor.py,81,88a54d28012c9b8bd5c179bd80c15a8b9fd9b217,added,2020-04-12 04:02:51+00:00,"[WIP] Refactored code to include abstract classes for explainers (#84)

* Refactored code to include abstract classes

* Refactored introspective rationale explainer, related tests, added base abstract classes,

* renamed test class

* pydantic dependency added to conda generator file

* skip introspective_rationale_test till new notebook changes are pushed to repo

* implemented abstract method get_model

* fixed breaking test

* fixed arg error in glove preprocessor

* added missing buildvocab step

* flake8 error fixes

* flake8 fix",base_explainer.py|base_text_model.py|base_text_tokenizer.py|base_model_config.py|introspective_rationale_model_config.py|model_config_constants.py|base_text_preprocessor.py|bert_preprocessor.py|glove_preprocessor.py|utils_introspective_rationale.py|introspective_rationale_explainer.py|introspective_rationale_model.py|cpu_integration_test_linux.yml|model_config_constants.py|test_introspective_rationale_explainer.py|utils_test.py|generate_conda_files.py,107.0,1.0,1.0,1.0,1.0,2019-09-04T16:39:48Z,135.0,refactoring,6609c4104dff9a5da0d470e46fd071d60e36f845,2020-05-05T19:52:00Z,/home/gilberto-1/github/wrapper_code_smile/output_analysis/1735158796.965824/interpretmlinterpret-text_analysis/88a54d28012c9b8bd5c179bd80c15a8b9fd9b217/input/added/python/interpret_text/common/preprocessor/bert_preprocessor.py,81,981f08ae1fab048cc5dbffbb0208b03aad58e9a7,"Moving `interpret-text` to `interpret-text.experimental` package. (#86)

* Moved code under experimental

* tests updated with .experimental path

* fixed broken package paths

* flake8 and TODO added to classicalexplainer and unifiedinformation

* updated package name from interpret-text to interpret-text.experimental",2020-04-20 15:53:27+00:00,RENAME,109.0,135.0,6609c4104dff9a5da0d470e46fd071d60e36f845,2020-05-05T19:52:00Z,2019-09-04T16:39:48Z
python/interpret_text/common/utils_introspective_rationale.py,preprocess,interpretml/interpret-text,columns_and_datatype_not_explicitly_set,1,/home/gilberto-1/github/wrapper_code_smile/output_analysis/1735158796.965824/interpretmlinterpret-text_analysis/be4f9c834608467473e9d3ca8dec1221cf2ff7ba/input/added/python/interpret_text/common/utils_introspective_rationale.py,272,be4f9c834608467473e9d3ca8dec1221cf2ff7ba,added,2020-03-21 04:31:38+00:00,"Three player introspective explainer (#46)

* first draft of three player introspective explainer

Signed-off-by: Janhavi Mahajan <jamahaja@microsoft.com>

* using load_pandas_df to load text files and fixed text highlighting in visualize

Signed-off-by: Janhavi Mahajan <jamahaja@microsoft.com>

* cleaned up notebook and explain_local

Signed-off-by: Janhavi Mahajan <jamahaja@microsoft.com>

* made explain_local use model tokenization

Signed-off-by: Janhavi Mahajan <jamahaja@microsoft.com>

* added docstrings for utils and reorganized dataset utils

Signed-off-by: Janhavi Mahajan <jamahaja@microsoft.com>

* modularize classifier and generator

Signed-off-by: Janhavi Mahajan <jamahaja@microsoft.com>

* temp script to run notebook easily

Signed-off-by: Janhavi Mahajan <jamahaja@microsoft.com>

* cleaned up merged introspective model, renamed load_sst2_pandas_df, exposed pretrain classifier iteration options

Signed-off-by: Janhavi Mahajan <jamahaja@microsoft.com>

* bert and rnn for 3 player model

Signed-off-by: Janhavi Mahajan <jamahaja@microsoft.com>

* added docstrings in model components, changed methods and models to be compatible with bert

Signed-off-by: Janhavi Mahajan <jamahaja@microsoft.com>

* working RNN and BERT models for three player model

Signed-off-by: Janhavi Mahajan <jamahaja@microsoft.com>

* added embedding file loader, changed .tokenize() to .preprocess()

Signed-off-by: Janhavi Mahajan <jamahaja@microsoft.com>

* public facing explainer methods no longer return tuples, updated utils docstrings

Signed-off-by: Janhavi Mahajan <jamahaja@microsoft.com>

* linted with flake8

Signed-off-by: Janhavi Mahajan <jamahaja@microsoft.com>

* cleaned up explainer init, fixed nb imports

Signed-off-by: Janhavi Mahajan <jamahaja@microsoft.com>

* model now returns dicts instead of tuples, fixed local_importance_value_ format for heatmap visualization

Signed-off-by: Janhavi Mahajan <jamahaja@microsoft.com>

* clean up test functions and output to log

Signed-off-by: Janhavi Mahajan <jamahaja@microsoft.com>

* added training params to args, moved num epochs and batch size to model constructor, cleaned up comments

Signed-off-by: Janhavi Mahajan <jamahaja@microsoft.com>

* Delete ThreePlayerIntrospectiveSST2.py

Signed-off-by: Janhavi Mahajan <jamahaja@microsoft.com>

* debug classifier wrapper

Signed-off-by: Janhavi Mahajan <jamahaja@microsoft.com>

* clean up Argument()

Signed-off-by: Janhavi Mahajan <jamahaja@microsoft.com>

* cleaned up notebook and linted

Signed-off-by: Janhavi Mahajan <jamahaja@microsoft.com>

* fixed notebook/display_local_importances incompatibility with bert

Signed-off-by: Janhavi Mahajan <jamahaja@microsoft.com>

* modularized components for RNN, BERT, and BERT-RNN training modes

Signed-off-by: Janhavi Mahajan <jamahaja@microsoft.com>

* merge clearing of the cells

Signed-off-by: Janhavi Mahajan <jamahaja@microsoft.com>

* added docstrings

Signed-off-by: Janhavi Mahajan <jamahaja@microsoft.com>

* addressing PR comments and fixing visualization methods

Signed-off-by: Janhavi Mahajan <jamahaja@microsoft.com>

* allow for any number of labels

Signed-off-by: Janhavi Mahajan <jamahaja@microsoft.com>

* add regulation for desired sparsity, explain model arguments

Signed-off-by: Janhavi Mahajan <jamahaja@microsoft.com>

* assert embedding path exists for RNN modules

Signed-off-by: Janhavi Mahajan <jamahaja@microsoft.com>

* adding back needed params and first draft of integration test

Signed-off-by: Janhavi Mahajan <jamahaja@microsoft.com>

* more accurate integration test stats, fixed some flake8 errors

Signed-off-by: Janhavi Mahajan <jamahaja@microsoft.com>

* explain default arguments

Signed-off-by: Janhavi Mahajan <jamahaja@microsoft.com>

* folder for test/example scripts to run 3 Player Model

Signed-off-by: Janhavi Mahajan <jamahaja@microsoft.com>

* making notebook compatible with integration test, first draft of explainer unit tests

Signed-off-by: Janhavi Mahajan <jamahaja@microsoft.com>

* 100 example bert tokenization sst2

Signed-off-by: Janhavi Mahajan <jamahaja@microsoft.com>

* updating environment file

Signed-off-by: Janhavi Mahajan <jamahaja@microsoft.com>

* Update generate_conda_files.py

add transformers to pip dependencies

Signed-off-by: Janhavi Mahajan <jamahaja@microsoft.com>

* fixing test files

Signed-off-by: Janhavi Mahajan <jamahaja@microsoft.com>

* Delete interpret_cpu.yaml

Signed-off-by: Janhavi Mahajan <jamahaja@microsoft.com>

* temp test script folder

Signed-off-by: Janhavi Mahajan <jamahaja@microsoft.com>

* Update test_three_player_explainer.py

Signed-off-by: Janhavi Mahajan <jamahaja@microsoft.com>

* removing test scripts folder

Signed-off-by: Janhavi Mahajan <jamahaja@microsoft.com>

* fix basic typos

Signed-off-by: Janhavi Mahajan <jamahaja@microsoft.com>

* rearrange pipeline tests

Signed-off-by: Janhavi Mahajan <jamahaja@microsoft.com>

* Added Introspective rationale to the table

Signed-off-by: Janhavi Mahajan <jamahaja@microsoft.com>

* Renamed three_player_rationale to introspective_rationale, addressed some nit comments in open PR 46

Signed-off-by: Janhavi Mahajan <jamahaja@microsoft.com>

* Delete .test and .train file from PR

Signed-off-by: Janhavi Mahajan <jamahaja@microsoft.com>

* Cleared metadata in notebook for IR explainer

Signed-off-by: Janhavi Mahajan <jamahaja@microsoft.com>

* added .test and .train to gitignore

Signed-off-by: Janhavi Mahajan <jamahaja@microsoft.com>

* recommit metadata changes

Signed-off-by: Janhavi Mahajan <jamahaja@microsoft.com>

* Fixed broken README link

Signed-off-by: Janhavi Mahajan <jamahaja@microsoft.com>

* rearranged utils and removed duplcaited code across files

Signed-off-by: Janhavi Mahajan <jamahaja@microsoft.com>

* moved dataset utils to notebooks

Signed-off-by: Janhavi Mahajan <jamahaja@microsoft.com>

* Fixed typo in Rationale

Signed-off-by: Janhavi Mahajan <jamahaja@microsoft.com>

* fixed typo in Rationale

Signed-off-by: Janhavi Mahajan <jamahaja@microsoft.com>

* reordered parameters in get_sst2_dataset method

Signed-off-by: Janhavi Mahajan <jamahaja@microsoft.com>

* unit test for bert and rnn model

Signed-off-by: Janhavi Mahajan <jamahaja@microsoft.com>

* Fixed comment in ci/intergration and removed init file from test_utils per Eduardo de Leon's PR comment

Signed-off-by: Janhavi Mahajan <jamahaja@microsoft.com>

Co-authored-by: Shannon Hwang <v-yohwa@microsoft.com>
Co-authored-by: Kenneth Derek (Populus Group) <v-kedere@microsoft.com>
Co-authored-by: Kenny Derek <kderek@mit.edu>
Co-authored-by: chhetri22 <abishkarchhetri@gmail.com>
Co-authored-by: Ehi Nosakhare <ehnosakh@microsoft.com>
Co-authored-by: Janhavi Mahajan <jamahaja@microsoft.com>",.gitignore|README.md|utils_data_shared.py|utils_mnli.py|utils_sst2.py|text_classification_introspective_rationale_explainer.ipynb|utils_introspective_rationale.py|utils_unified.py|__init__.py|introspective_rationale_components.py|introspective_rationale_explainer.py|introspective_rationale_model.py|cpu_integration_tests_linux.yml|cpu_unit_tests_linux.yml|conftest.py|test_notebook_three_player_explainer.py|test_introspective_rationale_explainer.py|utils_test.py|generate_conda_files.py,99.0,1.0,1.0,1.0,1.0,2019-09-04T16:39:48Z,135.0,bug_fixing,6609c4104dff9a5da0d470e46fd071d60e36f845,2020-05-05T19:52:00Z,/home/gilberto-1/github/wrapper_code_smile/output_analysis/1735158796.965824/interpretmlinterpret-text_analysis/f7b715e4448b7f02cde2618849dba22a56bc13e9/input/modified/python/interpret_text/common/utils_introspective_rationale.py,272,88a54d28012c9b8bd5c179bd80c15a8b9fd9b217,"[WIP] Refactored code to include abstract classes for explainers (#84)

* Refactored code to include abstract classes

* Refactored introspective rationale explainer, related tests, added base abstract classes,

* renamed test class

* pydantic dependency added to conda generator file

* skip introspective_rationale_test till new notebook changes are pushed to repo

* implemented abstract method get_model

* fixed breaking test

* fixed arg error in glove preprocessor

* added missing buildvocab step

* flake8 error fixes

* flake8 fix",2020-04-12 04:02:51+00:00,MODIFY,107.0,135.0,6609c4104dff9a5da0d470e46fd071d60e36f845,2020-05-05T19:52:00Z,2019-09-04T16:39:48Z
python/interpret_text/introspective_rationale/introspective_rationale_model.py,_train_one_step,interpretml/interpret-text,pytorch_call_method_misused,1,/home/gilberto-1/github/wrapper_code_smile/output_analysis/1735158796.965824/interpretmlinterpret-text_analysis/be4f9c834608467473e9d3ca8dec1221cf2ff7ba/input/added/python/interpret_text/introspective_rationale/introspective_rationale_model.py,177,be4f9c834608467473e9d3ca8dec1221cf2ff7ba,added,2020-03-21 04:31:38+00:00,"Three player introspective explainer (#46)

* first draft of three player introspective explainer

Signed-off-by: Janhavi Mahajan <jamahaja@microsoft.com>

* using load_pandas_df to load text files and fixed text highlighting in visualize

Signed-off-by: Janhavi Mahajan <jamahaja@microsoft.com>

* cleaned up notebook and explain_local

Signed-off-by: Janhavi Mahajan <jamahaja@microsoft.com>

* made explain_local use model tokenization

Signed-off-by: Janhavi Mahajan <jamahaja@microsoft.com>

* added docstrings for utils and reorganized dataset utils

Signed-off-by: Janhavi Mahajan <jamahaja@microsoft.com>

* modularize classifier and generator

Signed-off-by: Janhavi Mahajan <jamahaja@microsoft.com>

* temp script to run notebook easily

Signed-off-by: Janhavi Mahajan <jamahaja@microsoft.com>

* cleaned up merged introspective model, renamed load_sst2_pandas_df, exposed pretrain classifier iteration options

Signed-off-by: Janhavi Mahajan <jamahaja@microsoft.com>

* bert and rnn for 3 player model

Signed-off-by: Janhavi Mahajan <jamahaja@microsoft.com>

* added docstrings in model components, changed methods and models to be compatible with bert

Signed-off-by: Janhavi Mahajan <jamahaja@microsoft.com>

* working RNN and BERT models for three player model

Signed-off-by: Janhavi Mahajan <jamahaja@microsoft.com>

* added embedding file loader, changed .tokenize() to .preprocess()

Signed-off-by: Janhavi Mahajan <jamahaja@microsoft.com>

* public facing explainer methods no longer return tuples, updated utils docstrings

Signed-off-by: Janhavi Mahajan <jamahaja@microsoft.com>

* linted with flake8

Signed-off-by: Janhavi Mahajan <jamahaja@microsoft.com>

* cleaned up explainer init, fixed nb imports

Signed-off-by: Janhavi Mahajan <jamahaja@microsoft.com>

* model now returns dicts instead of tuples, fixed local_importance_value_ format for heatmap visualization

Signed-off-by: Janhavi Mahajan <jamahaja@microsoft.com>

* clean up test functions and output to log

Signed-off-by: Janhavi Mahajan <jamahaja@microsoft.com>

* added training params to args, moved num epochs and batch size to model constructor, cleaned up comments

Signed-off-by: Janhavi Mahajan <jamahaja@microsoft.com>

* Delete ThreePlayerIntrospectiveSST2.py

Signed-off-by: Janhavi Mahajan <jamahaja@microsoft.com>

* debug classifier wrapper

Signed-off-by: Janhavi Mahajan <jamahaja@microsoft.com>

* clean up Argument()

Signed-off-by: Janhavi Mahajan <jamahaja@microsoft.com>

* cleaned up notebook and linted

Signed-off-by: Janhavi Mahajan <jamahaja@microsoft.com>

* fixed notebook/display_local_importances incompatibility with bert

Signed-off-by: Janhavi Mahajan <jamahaja@microsoft.com>

* modularized components for RNN, BERT, and BERT-RNN training modes

Signed-off-by: Janhavi Mahajan <jamahaja@microsoft.com>

* merge clearing of the cells

Signed-off-by: Janhavi Mahajan <jamahaja@microsoft.com>

* added docstrings

Signed-off-by: Janhavi Mahajan <jamahaja@microsoft.com>

* addressing PR comments and fixing visualization methods

Signed-off-by: Janhavi Mahajan <jamahaja@microsoft.com>

* allow for any number of labels

Signed-off-by: Janhavi Mahajan <jamahaja@microsoft.com>

* add regulation for desired sparsity, explain model arguments

Signed-off-by: Janhavi Mahajan <jamahaja@microsoft.com>

* assert embedding path exists for RNN modules

Signed-off-by: Janhavi Mahajan <jamahaja@microsoft.com>

* adding back needed params and first draft of integration test

Signed-off-by: Janhavi Mahajan <jamahaja@microsoft.com>

* more accurate integration test stats, fixed some flake8 errors

Signed-off-by: Janhavi Mahajan <jamahaja@microsoft.com>

* explain default arguments

Signed-off-by: Janhavi Mahajan <jamahaja@microsoft.com>

* folder for test/example scripts to run 3 Player Model

Signed-off-by: Janhavi Mahajan <jamahaja@microsoft.com>

* making notebook compatible with integration test, first draft of explainer unit tests

Signed-off-by: Janhavi Mahajan <jamahaja@microsoft.com>

* 100 example bert tokenization sst2

Signed-off-by: Janhavi Mahajan <jamahaja@microsoft.com>

* updating environment file

Signed-off-by: Janhavi Mahajan <jamahaja@microsoft.com>

* Update generate_conda_files.py

add transformers to pip dependencies

Signed-off-by: Janhavi Mahajan <jamahaja@microsoft.com>

* fixing test files

Signed-off-by: Janhavi Mahajan <jamahaja@microsoft.com>

* Delete interpret_cpu.yaml

Signed-off-by: Janhavi Mahajan <jamahaja@microsoft.com>

* temp test script folder

Signed-off-by: Janhavi Mahajan <jamahaja@microsoft.com>

* Update test_three_player_explainer.py

Signed-off-by: Janhavi Mahajan <jamahaja@microsoft.com>

* removing test scripts folder

Signed-off-by: Janhavi Mahajan <jamahaja@microsoft.com>

* fix basic typos

Signed-off-by: Janhavi Mahajan <jamahaja@microsoft.com>

* rearrange pipeline tests

Signed-off-by: Janhavi Mahajan <jamahaja@microsoft.com>

* Added Introspective rationale to the table

Signed-off-by: Janhavi Mahajan <jamahaja@microsoft.com>

* Renamed three_player_rationale to introspective_rationale, addressed some nit comments in open PR 46

Signed-off-by: Janhavi Mahajan <jamahaja@microsoft.com>

* Delete .test and .train file from PR

Signed-off-by: Janhavi Mahajan <jamahaja@microsoft.com>

* Cleared metadata in notebook for IR explainer

Signed-off-by: Janhavi Mahajan <jamahaja@microsoft.com>

* added .test and .train to gitignore

Signed-off-by: Janhavi Mahajan <jamahaja@microsoft.com>

* recommit metadata changes

Signed-off-by: Janhavi Mahajan <jamahaja@microsoft.com>

* Fixed broken README link

Signed-off-by: Janhavi Mahajan <jamahaja@microsoft.com>

* rearranged utils and removed duplcaited code across files

Signed-off-by: Janhavi Mahajan <jamahaja@microsoft.com>

* moved dataset utils to notebooks

Signed-off-by: Janhavi Mahajan <jamahaja@microsoft.com>

* Fixed typo in Rationale

Signed-off-by: Janhavi Mahajan <jamahaja@microsoft.com>

* fixed typo in Rationale

Signed-off-by: Janhavi Mahajan <jamahaja@microsoft.com>

* reordered parameters in get_sst2_dataset method

Signed-off-by: Janhavi Mahajan <jamahaja@microsoft.com>

* unit test for bert and rnn model

Signed-off-by: Janhavi Mahajan <jamahaja@microsoft.com>

* Fixed comment in ci/intergration and removed init file from test_utils per Eduardo de Leon's PR comment

Signed-off-by: Janhavi Mahajan <jamahaja@microsoft.com>

Co-authored-by: Shannon Hwang <v-yohwa@microsoft.com>
Co-authored-by: Kenneth Derek (Populus Group) <v-kedere@microsoft.com>
Co-authored-by: Kenny Derek <kderek@mit.edu>
Co-authored-by: chhetri22 <abishkarchhetri@gmail.com>
Co-authored-by: Ehi Nosakhare <ehnosakh@microsoft.com>
Co-authored-by: Janhavi Mahajan <jamahaja@microsoft.com>",.gitignore|README.md|utils_data_shared.py|utils_mnli.py|utils_sst2.py|text_classification_introspective_rationale_explainer.ipynb|utils_introspective_rationale.py|utils_unified.py|__init__.py|introspective_rationale_components.py|introspective_rationale_explainer.py|introspective_rationale_model.py|cpu_integration_tests_linux.yml|cpu_unit_tests_linux.yml|conftest.py|test_notebook_three_player_explainer.py|test_introspective_rationale_explainer.py|utils_test.py|generate_conda_files.py,99.0,1.0,1.0,1.0,1.0,2019-09-04T16:39:48Z,135.0,bug_fixing,6609c4104dff9a5da0d470e46fd071d60e36f845,2020-05-05T19:52:00Z,/home/gilberto-1/github/wrapper_code_smile/output_analysis/1735158796.965824/interpretmlinterpret-text_analysis/88a54d28012c9b8bd5c179bd80c15a8b9fd9b217/input/modified/python/interpret_text/introspective_rationale/introspective_rationale_model.py,178,981f08ae1fab048cc5dbffbb0208b03aad58e9a7,"Moving `interpret-text` to `interpret-text.experimental` package. (#86)

* Moved code under experimental

* tests updated with .experimental path

* fixed broken package paths

* flake8 and TODO added to classicalexplainer and unifiedinformation

* updated package name from interpret-text to interpret-text.experimental",2020-04-20 15:53:27+00:00,RENAME,109.0,135.0,6609c4104dff9a5da0d470e46fd071d60e36f845,2020-05-05T19:52:00Z,2019-09-04T16:39:48Z
python/interpret_text/introspective_rationale/introspective_rationale_model.py,test,interpretml/interpret-text,pytorch_call_method_misused,1,/home/gilberto-1/github/wrapper_code_smile/output_analysis/1735158796.965824/interpretmlinterpret-text_analysis/be4f9c834608467473e9d3ca8dec1221cf2ff7ba/input/added/python/interpret_text/introspective_rationale/introspective_rationale_model.py,528,be4f9c834608467473e9d3ca8dec1221cf2ff7ba,added,2020-03-21 04:31:38+00:00,"Three player introspective explainer (#46)

* first draft of three player introspective explainer

Signed-off-by: Janhavi Mahajan <jamahaja@microsoft.com>

* using load_pandas_df to load text files and fixed text highlighting in visualize

Signed-off-by: Janhavi Mahajan <jamahaja@microsoft.com>

* cleaned up notebook and explain_local

Signed-off-by: Janhavi Mahajan <jamahaja@microsoft.com>

* made explain_local use model tokenization

Signed-off-by: Janhavi Mahajan <jamahaja@microsoft.com>

* added docstrings for utils and reorganized dataset utils

Signed-off-by: Janhavi Mahajan <jamahaja@microsoft.com>

* modularize classifier and generator

Signed-off-by: Janhavi Mahajan <jamahaja@microsoft.com>

* temp script to run notebook easily

Signed-off-by: Janhavi Mahajan <jamahaja@microsoft.com>

* cleaned up merged introspective model, renamed load_sst2_pandas_df, exposed pretrain classifier iteration options

Signed-off-by: Janhavi Mahajan <jamahaja@microsoft.com>

* bert and rnn for 3 player model

Signed-off-by: Janhavi Mahajan <jamahaja@microsoft.com>

* added docstrings in model components, changed methods and models to be compatible with bert

Signed-off-by: Janhavi Mahajan <jamahaja@microsoft.com>

* working RNN and BERT models for three player model

Signed-off-by: Janhavi Mahajan <jamahaja@microsoft.com>

* added embedding file loader, changed .tokenize() to .preprocess()

Signed-off-by: Janhavi Mahajan <jamahaja@microsoft.com>

* public facing explainer methods no longer return tuples, updated utils docstrings

Signed-off-by: Janhavi Mahajan <jamahaja@microsoft.com>

* linted with flake8

Signed-off-by: Janhavi Mahajan <jamahaja@microsoft.com>

* cleaned up explainer init, fixed nb imports

Signed-off-by: Janhavi Mahajan <jamahaja@microsoft.com>

* model now returns dicts instead of tuples, fixed local_importance_value_ format for heatmap visualization

Signed-off-by: Janhavi Mahajan <jamahaja@microsoft.com>

* clean up test functions and output to log

Signed-off-by: Janhavi Mahajan <jamahaja@microsoft.com>

* added training params to args, moved num epochs and batch size to model constructor, cleaned up comments

Signed-off-by: Janhavi Mahajan <jamahaja@microsoft.com>

* Delete ThreePlayerIntrospectiveSST2.py

Signed-off-by: Janhavi Mahajan <jamahaja@microsoft.com>

* debug classifier wrapper

Signed-off-by: Janhavi Mahajan <jamahaja@microsoft.com>

* clean up Argument()

Signed-off-by: Janhavi Mahajan <jamahaja@microsoft.com>

* cleaned up notebook and linted

Signed-off-by: Janhavi Mahajan <jamahaja@microsoft.com>

* fixed notebook/display_local_importances incompatibility with bert

Signed-off-by: Janhavi Mahajan <jamahaja@microsoft.com>

* modularized components for RNN, BERT, and BERT-RNN training modes

Signed-off-by: Janhavi Mahajan <jamahaja@microsoft.com>

* merge clearing of the cells

Signed-off-by: Janhavi Mahajan <jamahaja@microsoft.com>

* added docstrings

Signed-off-by: Janhavi Mahajan <jamahaja@microsoft.com>

* addressing PR comments and fixing visualization methods

Signed-off-by: Janhavi Mahajan <jamahaja@microsoft.com>

* allow for any number of labels

Signed-off-by: Janhavi Mahajan <jamahaja@microsoft.com>

* add regulation for desired sparsity, explain model arguments

Signed-off-by: Janhavi Mahajan <jamahaja@microsoft.com>

* assert embedding path exists for RNN modules

Signed-off-by: Janhavi Mahajan <jamahaja@microsoft.com>

* adding back needed params and first draft of integration test

Signed-off-by: Janhavi Mahajan <jamahaja@microsoft.com>

* more accurate integration test stats, fixed some flake8 errors

Signed-off-by: Janhavi Mahajan <jamahaja@microsoft.com>

* explain default arguments

Signed-off-by: Janhavi Mahajan <jamahaja@microsoft.com>

* folder for test/example scripts to run 3 Player Model

Signed-off-by: Janhavi Mahajan <jamahaja@microsoft.com>

* making notebook compatible with integration test, first draft of explainer unit tests

Signed-off-by: Janhavi Mahajan <jamahaja@microsoft.com>

* 100 example bert tokenization sst2

Signed-off-by: Janhavi Mahajan <jamahaja@microsoft.com>

* updating environment file

Signed-off-by: Janhavi Mahajan <jamahaja@microsoft.com>

* Update generate_conda_files.py

add transformers to pip dependencies

Signed-off-by: Janhavi Mahajan <jamahaja@microsoft.com>

* fixing test files

Signed-off-by: Janhavi Mahajan <jamahaja@microsoft.com>

* Delete interpret_cpu.yaml

Signed-off-by: Janhavi Mahajan <jamahaja@microsoft.com>

* temp test script folder

Signed-off-by: Janhavi Mahajan <jamahaja@microsoft.com>

* Update test_three_player_explainer.py

Signed-off-by: Janhavi Mahajan <jamahaja@microsoft.com>

* removing test scripts folder

Signed-off-by: Janhavi Mahajan <jamahaja@microsoft.com>

* fix basic typos

Signed-off-by: Janhavi Mahajan <jamahaja@microsoft.com>

* rearrange pipeline tests

Signed-off-by: Janhavi Mahajan <jamahaja@microsoft.com>

* Added Introspective rationale to the table

Signed-off-by: Janhavi Mahajan <jamahaja@microsoft.com>

* Renamed three_player_rationale to introspective_rationale, addressed some nit comments in open PR 46

Signed-off-by: Janhavi Mahajan <jamahaja@microsoft.com>

* Delete .test and .train file from PR

Signed-off-by: Janhavi Mahajan <jamahaja@microsoft.com>

* Cleared metadata in notebook for IR explainer

Signed-off-by: Janhavi Mahajan <jamahaja@microsoft.com>

* added .test and .train to gitignore

Signed-off-by: Janhavi Mahajan <jamahaja@microsoft.com>

* recommit metadata changes

Signed-off-by: Janhavi Mahajan <jamahaja@microsoft.com>

* Fixed broken README link

Signed-off-by: Janhavi Mahajan <jamahaja@microsoft.com>

* rearranged utils and removed duplcaited code across files

Signed-off-by: Janhavi Mahajan <jamahaja@microsoft.com>

* moved dataset utils to notebooks

Signed-off-by: Janhavi Mahajan <jamahaja@microsoft.com>

* Fixed typo in Rationale

Signed-off-by: Janhavi Mahajan <jamahaja@microsoft.com>

* fixed typo in Rationale

Signed-off-by: Janhavi Mahajan <jamahaja@microsoft.com>

* reordered parameters in get_sst2_dataset method

Signed-off-by: Janhavi Mahajan <jamahaja@microsoft.com>

* unit test for bert and rnn model

Signed-off-by: Janhavi Mahajan <jamahaja@microsoft.com>

* Fixed comment in ci/intergration and removed init file from test_utils per Eduardo de Leon's PR comment

Signed-off-by: Janhavi Mahajan <jamahaja@microsoft.com>

Co-authored-by: Shannon Hwang <v-yohwa@microsoft.com>
Co-authored-by: Kenneth Derek (Populus Group) <v-kedere@microsoft.com>
Co-authored-by: Kenny Derek <kderek@mit.edu>
Co-authored-by: chhetri22 <abishkarchhetri@gmail.com>
Co-authored-by: Ehi Nosakhare <ehnosakh@microsoft.com>
Co-authored-by: Janhavi Mahajan <jamahaja@microsoft.com>",.gitignore|README.md|utils_data_shared.py|utils_mnli.py|utils_sst2.py|text_classification_introspective_rationale_explainer.ipynb|utils_introspective_rationale.py|utils_unified.py|__init__.py|introspective_rationale_components.py|introspective_rationale_explainer.py|introspective_rationale_model.py|cpu_integration_tests_linux.yml|cpu_unit_tests_linux.yml|conftest.py|test_notebook_three_player_explainer.py|test_introspective_rationale_explainer.py|utils_test.py|generate_conda_files.py,99.0,1.0,1.0,1.0,1.0,2019-09-04T16:39:48Z,135.0,bug_fixing,6609c4104dff9a5da0d470e46fd071d60e36f845,2020-05-05T19:52:00Z,/home/gilberto-1/github/wrapper_code_smile/output_analysis/1735158796.965824/interpretmlinterpret-text_analysis/88a54d28012c9b8bd5c179bd80c15a8b9fd9b217/input/modified/python/interpret_text/introspective_rationale/introspective_rationale_model.py,178,981f08ae1fab048cc5dbffbb0208b03aad58e9a7,"Moving `interpret-text` to `interpret-text.experimental` package. (#86)

* Moved code under experimental

* tests updated with .experimental path

* fixed broken package paths

* flake8 and TODO added to classicalexplainer and unifiedinformation

* updated package name from interpret-text to interpret-text.experimental",2020-04-20 15:53:27+00:00,RENAME,109.0,135.0,6609c4104dff9a5da0d470e46fd071d60e36f845,2020-05-05T19:52:00Z,2019-09-04T16:39:48Z
scripts/download_dataset.py,main,molecularsets/moses,columns_and_datatype_not_explicitly_set,1,/home/gilberto-1/github/wrapper_code_smile/output_analysis/1735243578.6335516/molecularsetsmoses_analysis/f4a74d5d4b71e71bfa58e1ea2706480f80808788/input/modified/scripts/download_dataset.py,36,f4a74d5d4b71e71bfa58e1ea2706480f80808788,modified,2018-10-11 11:16:23+00:00,fix script for dataset,download_dataset.py,85.0,0.0,1.0,0.0,0.0,2018-11-28T11:51:17Z,207.0,bug_fixing,,,/home/gilberto-1/github/wrapper_code_smile/output_analysis/1735243578.6335516/molecularsetsmoses_analysis/617c6b0c714f56c5feeb6e64cbe6861081e75d4a/input/modified/scripts/download_dataset.py,36,0dc27b1fb6432da0363d009fa8a71e22a947b98d,"Runner configuration (#15)

* run_all usability

* installation script

* run_all

* fixed session close warning

* fixed session close warning

* fix import error

* seed

* CuDNN

* reproducibility

* pep8

* pep8",2018-10-24 14:48:42+00:00,RENAME,104.0,207.0,,,2018-11-28T11:51:17Z
scripts/prepare_dataset.py,main,molecularsets/moses,columns_and_datatype_not_explicitly_set,1,/home/gilberto-1/github/wrapper_code_smile/output_analysis/1735243578.6335516/molecularsetsmoses_analysis/46f0673d15e4c10771f0ba4629b4e2976a6ca0b2/input/added/scripts/prepare_dataset.py,46,46f0673d15e4c10771f0ba4629b4e2976a6ca0b2,added,2018-10-16 16:53:15+00:00,prepare_dataset script,utils.py|prepare_dataset.ipynb|prepare_dataset.py|setup.py,93.0,0.0,0.0,0.0,0.0,2018-11-28T11:51:17Z,207.0,other,,,/home/gilberto-1/github/wrapper_code_smile/output_analysis/1735243578.6335516/molecularsetsmoses_analysis/b1db431ebef23ea17539cfcffc9b4f9fe07affd1/input/modified/scripts/prepare_dataset.py,47,f59448a2c9325ee730a7bfffa79bef5e444d4a50,logger,2018-10-16 18:13:36+00:00,MODIFY,96.0,207.0,,,2018-11-28T11:51:17Z
scripts/download_dataset.py,main,molecularsets/moses,columns_and_datatype_not_explicitly_set,1,/home/gilberto-1/github/wrapper_code_smile/output_analysis/1735243578.6335516/molecularsetsmoses_analysis/f27251195fa87b29755bd810313014d9fdac2b2c/input/modified/scripts/download_dataset.py,36,f27251195fa87b29755bd810313014d9fdac2b2c,modified,2018-10-11 11:34:12+00:00,small fixes,__init__.py|trainer.py|trainer.py|model.py|download_dataset.py|train.py|run.py|setup.py,86.0,0.0,1.0,0.0,0.0,2018-11-28T11:51:17Z,207.0,bug_fixing,,,/home/gilberto-1/github/wrapper_code_smile/output_analysis/1735243578.6335516/molecularsetsmoses_analysis/617c6b0c714f56c5feeb6e64cbe6861081e75d4a/input/modified/scripts/download_dataset.py,36,0dc27b1fb6432da0363d009fa8a71e22a947b98d,"Runner configuration (#15)

* run_all usability

* installation script

* run_all

* fixed session close warning

* fixed session close warning

* fix import error

* seed

* CuDNN

* reproducibility

* pep8

* pep8",2018-10-24 14:48:42+00:00,RENAME,104.0,207.0,,,2018-11-28T11:51:17Z
shorttext/utils/dtm.py,generate_dtm_dataframe,stephenhky/PyShortTextCategorization,columns_and_datatype_not_explicitly_set,1,/home/gilberto-1/github/wrapper_code_smile/output_analysis/1735158796.965824/stephenhkyPyShortTextCategorization_analysis/d1b7c4480db136c12062c26f1621fe7f9f5bfdd0/input/modified/shorttext/utils/dtm.py,158,d1b7c4480db136c12062c26f1621fe7f9f5bfdd0,modified,2018-07-05 19:42:52+00:00,changed all map function/objects,MaxEntClassification.py|SkLearnClassification.py|VarNNEmbedVecClassification.py|VarNNSumEmbedVecClassification.py|data_retrieval.py|char2vec.py|sakaguchi.py|dtm.py|textpreprocessing.py,614.0,0.0,0.0,1.0,0.0,2016-10-06T03:11:10Z,908.0,enhancement,c2abe62f8b7512a4d789180869407ad16ae6b658,2018-01-15T21:11:36Z,/home/gilberto-1/github/wrapper_code_smile/output_analysis/1735158796.965824/stephenhkyPyShortTextCategorization_analysis/e76499c841ef3d422624e04dfa3392f92427eede/input/modified/shorttext/utils/dtm.py,157,ca346733450f1cade0f58da88f5281b3867a237a,removed pandas dependence in Document-Term Matrix (DTM) class,2018-09-28 03:13:18+00:00,MODIFY,697.0,908.0,871b9e3e8707a83174059bd1cc74b806c24a1dba,2018-10-03T16:18:18Z,2016-10-06T03:11:10Z
shorttext/data/data_retrieval.py,nihreports,stephenhky/PyShortTextCategorization,columns_and_datatype_not_explicitly_set,1,/home/gilberto-1/github/wrapper_code_smile/output_analysis/1735158796.965824/stephenhkyPyShortTextCategorization_analysis/7b386b157e69bf78b85d9a3e1228f2132f511ccf/input/modified/shorttext/data/data_retrieval.py,148,7b386b157e69bf78b85d9a3e1228f2132f511ccf,modified,2016-11-30 22:17:19+00:00,added NIH dataset as the example data set,MANIFEST.in|setup.py|data_retrieval.py|nih_full.csv.zip,92.0,1.0,0.0,0.0,0.0,2016-10-06T03:11:10Z,908.0,new_feature,c2abe62f8b7512a4d789180869407ad16ae6b658,2018-01-15T21:11:36Z,/home/gilberto-1/github/wrapper_code_smile/output_analysis/1735158796.965824/stephenhkyPyShortTextCategorization_analysis/9c500df9f9cb96223b5d55ba5ec5ad736077bdf4/input/modified/shorttext/data/data_retrieval.py,31,d0edf95a4c389daf9e40677800c4ed51b669a837,rewritten load_csvdata function to save memory by without loading all data into a pandas data frame,2018-09-29 03:04:14+00:00,MODIFY,701.0,908.0,871b9e3e8707a83174059bd1cc74b806c24a1dba,2018-10-03T16:18:18Z,2016-10-06T03:11:10Z
shorttext/data/data_retrieval.py,retrieve_csvdata_as_dict,stephenhky/PyShortTextCategorization,columns_and_datatype_not_explicitly_set,1,/home/gilberto-1/github/wrapper_code_smile/output_analysis/1735158796.965824/stephenhkyPyShortTextCategorization_analysis/a0cff3e2cfb0ab2edcf6d63fcdde1a2cbd6e778e/input/modified/shorttext/data/data_retrieval.py,19,a0cff3e2cfb0ab2edcf6d63fcdde1a2cbd6e778e,modified,2016-11-14 20:19:25+00:00,added documentation,codes.rst|conf.py|index.rst|refs.rst|setup.py|SumWord2VecClassification.py|data_retrieval.py|kerasmodel_io.py,49.0,1.0,0.0,0.0,0.0,2016-10-06T03:11:10Z,908.0,new_feature,c2abe62f8b7512a4d789180869407ad16ae6b658,2018-01-15T21:11:36Z,/home/gilberto-1/github/wrapper_code_smile/output_analysis/1735158796.965824/stephenhkyPyShortTextCategorization_analysis/9c500df9f9cb96223b5d55ba5ec5ad736077bdf4/input/modified/shorttext/data/data_retrieval.py,31,d0edf95a4c389daf9e40677800c4ed51b669a837,rewritten load_csvdata function to save memory by without loading all data into a pandas data frame,2018-09-29 03:04:14+00:00,MODIFY,701.0,908.0,871b9e3e8707a83174059bd1cc74b806c24a1dba,2018-10-03T16:18:18Z,2016-10-06T03:11:10Z
shorttext/data/data_retrieval.py,retrieve_data_as_dict,stephenhky/PyShortTextCategorization,columns_and_datatype_not_explicitly_set,1,/home/gilberto-1/github/wrapper_code_smile/output_analysis/1735158796.965824/stephenhkyPyShortTextCategorization_analysis/e6d469020f7138f93d85678f612c468c23dd60e3/input/added/shorttext/data/data_retrieval.py,5,e6d469020f7138f93d85678f612c468c23dd60e3,added,2016-11-03 21:44:12+00:00,refactoring repository for PyPI packaging,setup.py|AutoencoderEmbedVecClassification.py|CNNEmbedVecClassification.py|SumWord2VecClassification.py|VarNNEmbedVecClassification.py|__init__.py|__init__.py|data_retrieval.py|shorttext_exampledata.csv|__init__.py|frameworks.py|__init__.py|classification_exceptions.py|kerasmodel_io.py,37.0,0.0,0.0,0.0,1.0,2016-10-06T03:11:10Z,908.0,refactoring,c2abe62f8b7512a4d789180869407ad16ae6b658,2018-01-15T21:11:36Z,/home/gilberto-1/github/wrapper_code_smile/output_analysis/1735158796.965824/stephenhkyPyShortTextCategorization_analysis/9c500df9f9cb96223b5d55ba5ec5ad736077bdf4/input/modified/shorttext/data/data_retrieval.py,31,d0edf95a4c389daf9e40677800c4ed51b669a837,rewritten load_csvdata function to save memory by without loading all data into a pandas data frame,2018-09-29 03:04:14+00:00,MODIFY,701.0,908.0,871b9e3e8707a83174059bd1cc74b806c24a1dba,2018-10-03T16:18:18Z,2016-10-06T03:11:10Z
shorttext/data/data_retrieval.py,retrieve_data_as_dict,stephenhky/PyShortTextCategorization,columns_and_datatype_not_explicitly_set,1,/home/gilberto-1/github/wrapper_code_smile/output_analysis/1735158796.965824/stephenhkyPyShortTextCategorization_analysis/e6d469020f7138f93d85678f612c468c23dd60e3/input/added/shorttext/data/data_retrieval.py,5,e6d469020f7138f93d85678f612c468c23dd60e3,added,2016-11-03 21:44:12+00:00,refactoring repository for PyPI packaging,setup.py|AutoencoderEmbedVecClassification.py|CNNEmbedVecClassification.py|SumWord2VecClassification.py|VarNNEmbedVecClassification.py|__init__.py|__init__.py|data_retrieval.py|shorttext_exampledata.csv|__init__.py|frameworks.py|__init__.py|classification_exceptions.py|kerasmodel_io.py,37.0,0.0,0.0,0.0,1.0,2016-10-06T03:11:10Z,908.0,refactoring,c2abe62f8b7512a4d789180869407ad16ae6b658,2018-01-15T21:11:36Z,/home/gilberto-1/github/wrapper_code_smile/output_analysis/1735158796.965824/stephenhkyPyShortTextCategorization_analysis/e6d469020f7138f93d85678f612c468c23dd60e3/input/added/shorttext/data/data_retrieval.py,5,a0cff3e2cfb0ab2edcf6d63fcdde1a2cbd6e778e,added documentation,2016-11-14 20:19:25+00:00,MODIFY,49.0,908.0,871b9e3e8707a83174059bd1cc74b806c24a1dba,2018-10-03T16:18:18Z,2016-10-06T03:11:10Z
shorttext/utils/dtm.py,generate_dtm_dataframe,stephenhky/PyShortTextCategorization,columns_and_datatype_not_explicitly_set,1,/home/gilberto-1/github/wrapper_code_smile/output_analysis/1735158796.965824/stephenhkyPyShortTextCategorization_analysis/7b50bf0fd4666679c9471981ec7fe4c6af0334b0/input/added/shorttext/utils/dtm.py,50,7b50bf0fd4666679c9471981ec7fe4c6af0334b0,added,2018-01-11 19:46:53+00:00,initialize document-term matrix (dtm) class,__init__.py|dtm.py,439.0,0.0,0.0,0.0,1.0,2016-10-06T03:11:10Z,908.0,refactoring,c2abe62f8b7512a4d789180869407ad16ae6b658,2018-01-15T21:11:36Z,/home/gilberto-1/github/wrapper_code_smile/output_analysis/1735158796.965824/stephenhkyPyShortTextCategorization_analysis/e76499c841ef3d422624e04dfa3392f92427eede/input/modified/shorttext/utils/dtm.py,157,ca346733450f1cade0f58da88f5281b3867a237a,removed pandas dependence in Document-Term Matrix (DTM) class,2018-09-28 03:13:18+00:00,MODIFY,697.0,908.0,871b9e3e8707a83174059bd1cc74b806c24a1dba,2018-10-03T16:18:18Z,2016-10-06T03:11:10Z
src/covidify/data_prep.py,get_data,AaronWard/covidify,columns_and_datatype_not_explicitly_set,1,/home/gilberto-1/github/wrapper_code_smile/output_analysis/1735243578.6335516/AaronWardcovidify_analysis/2cf46f3619f5b212d40c7b8c7478d04e14571c6e/input/added/src/covidify/data_prep.py,98,2cf46f3619f5b212d40c7b8c7478d04e14571c6e,added,2020-03-02 16:14:39+00:00,UPDATE - made repo into installable python package,LICENSE|requirements.txt|setup.cfg|setup.py|README.md|__init__.py|cli.py|config.py|data_exploration.py|data_prep.py|pipeline.sh,109.0,0.0,0.0,1.0,0.0,2020-01-30T00:08:53Z,270.0,enhancement,c3e722b60824c8739045ac4c57b50b1478a995b2,2020-06-17T09:18:27Z,/home/gilberto-1/github/wrapper_code_smile/output_analysis/1735243578.6335516/AaronWardcovidify_analysis/580b20000b34eea9b2d3d50f5ff1e1484c20f033/input/modified/src/covidify/data_prep.py,120,7bb9af4d636c7e78d491d83312346223d5adf710,UPDATE - did a code clean up and moved github extraction to a separate script,2020-03-11 14:04:57+00:00,MODIFY,162.0,270.0,c3e722b60824c8739045ac4c57b50b1478a995b2,2020-06-17T09:18:27Z,2020-01-30T00:08:53Z
src/inpainting_model.py,train,knazeri/edge-connect,gradients_not_cleared_before_backward_propagation,1,/home/gilberto-1/github/wrapper_code_smile/output_analysis/1735158796.965824/knazeriedge-connect_analysis/db0e9308857e248ffe2fc527118cb69ec00d8047/input/added/src/inpainting_model.py,111,db0e9308857e248ffe2fc527118cb69ec00d8047,added,2018-12-19 03:04:50+00:00,init,.gitignore|config.yml.example|main.py|requirements.txt|fid_score.py|flist.py|inception.py|metrics.py|setup.cfg|__init__.py|config.py|dataset.py|inpainting_model.py|loss.py|metrics.py|models.py|networks.py|utils.py|test.py|train.py,3.0,0.0,0.0,0.0,0.0,2018-12-16T02:14:19Z,112.0,other,,,/home/gilberto-1/github/wrapper_code_smile/output_analysis/1735158796.965824/knazeriedge-connect_analysis/69dc4fbf9acd8bdeae00b65e18572f8c23ee23e9/input/modified/src/inpainting_model.py,111,4231c39508699adced1c0859d7a9006ff69c3d33,EdgeConnect model,2018-12-25 14:47:44+00:00,RENAME,30.0,112.0,,,2018-12-16T02:14:19Z
src/nets/wavenet.py,generate,kan-bayashi/PytorchWaveNetVocoder,pytorch_call_method_misused,1,/home/gilberto-1/github/wrapper_code_smile/output_analysis/1735158796.965824/kan-bayashiPytorchWaveNetVocoder_analysis/6f3720a307594f00beaf8b7f51199fc34a7b43a1/input/modified/src/nets/wavenet.py,227,6f3720a307594f00beaf8b7f51199fc34a7b43a1,modified,2018-01-12 04:51:36+00:00,added upsampling function,decode.py|train.py|wavenet.py,36.0,1.0,0.0,0.0,0.0,2017-12-24T13:32:21Z,384.0,new_feature,45bcf633230b763d4130645c0ec392bdad29c89f,2019-04-08T14:20:33Z,/home/gilberto-1/github/wrapper_code_smile/output_analysis/1735158796.965824/kan-bayashiPytorchWaveNetVocoder_analysis/6f3720a307594f00beaf8b7f51199fc34a7b43a1/input/modified/src/nets/wavenet.py,227,4e034e7ff0f58ccfcfcabbb5fd976ceb774f21ae,adde docstring,2018-01-12 06:45:21+00:00,MODIFY,37.0,384.0,45bcf633230b763d4130645c0ec392bdad29c89f,2019-04-08T14:20:33Z,2017-12-24T13:32:21Z
stargan_attention/solver.py,train,Ha0Tang/AttentionGAN,gradients_not_cleared_before_backward_propagation,1,/home/gilberto-1/github/wrapper_code_smile/output_analysis/1735158796.965824/Ha0TangAttentionGAN_analysis/84582a7a8f13d840ec8a40e040e26f2844f68668/input/added/stargan_attention/solver.py,262,84582a7a8f13d840ec8a40e040e26f2844f68668,added,2019-12-04 16:21:11+00:00,updatae multi-domain code,.DS_Store|.DS_Store|LICENSE|README.md|data_loader.cpython-37.pyc|logger.cpython-37.pyc|model.cpython-37.pyc|solver.cpython-37.pyc|.DS_Store|.DS_Store|data_loader.py|download.sh|CelebA.md|RaFD.md|logo.jpg|main.jpg|model.jpg|model2.jpg|result_celeba1.jpg|result_celeba2.jpg|result_rafd.jpg|logger.py|main.py|model.py|solver.py|test_celeba.sh|test_stargan.sh|train_celeba.sh|train_stargan.sh,124.0,0.0,0.0,1.0,0.0,2019-07-09T13:54:20Z,216.0,enhancement,,,/home/gilberto-1/github/wrapper_code_smile/output_analysis/1735158796.965824/Ha0TangAttentionGAN_analysis/84582a7a8f13d840ec8a40e040e26f2844f68668/input/added/stargan_attention/solver.py,262,965429592689b55f0851f773433fabd0d0d7690d,update readme,2019-12-04 16:28:28+00:00,RENAME,126.0,216.0,,,2019-07-09T13:54:20Z
tape_pytorch/main.py,_run_train_epoch,songlab-cal/tape,gradients_not_cleared_before_backward_propagation,1,/home/gilberto-1/github/wrapper_code_smile/output_analysis/1735243578.6335516/songlab-caltape_analysis/63a4155ac8e2b60c8a57f7294bec7d5eee89bc99/input/modified/tape_pytorch/main.py,340,63a4155ac8e2b60c8a57f7294bec7d5eee89bc99,modified,2019-09-03 21:36:17+00:00,use the click library,bert_config.json|__init__.py|main.py,13.0,0.0,0.0,0.0,0.0,2019-12-09T06:02:49Z,333.0,other,ab49d242a81f7a1d0b291507c8a0b0f5fd6d960c,2020-05-01T16:45:02Z,/home/gilberto-1/github/wrapper_code_smile/output_analysis/1735243578.6335516/songlab-caltape_analysis/152960e708fd5edabbd867f9f972bdf8af66038f/input/modified/tape_pytorch/main.py,423,2e0b0a6c756a790c6eeb113eb1688090d0dddf35,rewrite the main.py loop,2019-09-13 17:24:06+00:00,MODIFY,82.0,333.0,ab49d242a81f7a1d0b291507c8a0b0f5fd6d960c,2020-05-01T16:45:02Z,2019-12-09T06:02:49Z
tape_pytorch/main.py,_run_train_epoch,songlab-cal/tape,gradients_not_cleared_before_backward_propagation,1,/home/gilberto-1/github/wrapper_code_smile/output_analysis/1735243578.6335516/songlab-caltape_analysis/63a4155ac8e2b60c8a57f7294bec7d5eee89bc99/input/modified/tape_pytorch/main.py,340,63a4155ac8e2b60c8a57f7294bec7d5eee89bc99,modified,2019-09-03 21:36:17+00:00,use the click library,bert_config.json|__init__.py|main.py,13.0,0.0,0.0,0.0,0.0,2019-12-09T06:02:49Z,333.0,other,ab49d242a81f7a1d0b291507c8a0b0f5fd6d960c,2020-05-01T16:45:02Z,/home/gilberto-1/github/wrapper_code_smile/output_analysis/1735243578.6335516/songlab-caltape_analysis/81a4b0adf94246dbba51ce8808d6249be092b7ed/input/modified/tape_pytorch/main.py,79,75232c04e037a126d25d99273fe568a782ecce0f,update tape-refactor again,2019-10-18 21:36:28+00:00,MODIFY,128.0,333.0,ab49d242a81f7a1d0b291507c8a0b0f5fd6d960c,2020-05-01T16:45:02Z,2019-12-09T06:02:49Z
tape_pytorch/main.py,_run_train_epoch,songlab-cal/tape,gradients_not_cleared_before_backward_propagation,2,/home/gilberto-1/github/wrapper_code_smile/output_analysis/1735243578.6335516/songlab-caltape_analysis/63a4155ac8e2b60c8a57f7294bec7d5eee89bc99/input/modified/tape_pytorch/main.py,342,63a4155ac8e2b60c8a57f7294bec7d5eee89bc99,modified,2019-09-03 21:36:17+00:00,use the click library,bert_config.json|__init__.py|main.py,13.0,0.0,0.0,0.0,0.0,2019-12-09T06:02:49Z,333.0,other,ab49d242a81f7a1d0b291507c8a0b0f5fd6d960c,2020-05-01T16:45:02Z,/home/gilberto-1/github/wrapper_code_smile/output_analysis/1735243578.6335516/songlab-caltape_analysis/9016d7ada62de892e983046890e3a942aa7e9995/input/modified/tape_pytorch/main.py,353,af8414405cd9bacb3830debac8c6889b82dbf385,fix apex imports,2019-09-04 18:41:36+00:00,MODIFY,32.0,333.0,ab49d242a81f7a1d0b291507c8a0b0f5fd6d960c,2020-05-01T16:45:02Z,2019-12-09T06:02:49Z
tape_pytorch/main.py,run_train_epoch,songlab-cal/tape,gradients_not_cleared_before_backward_propagation,1,/home/gilberto-1/github/wrapper_code_smile/output_analysis/1735243578.6335516/songlab-caltape_analysis/2e0b0a6c756a790c6eeb113eb1688090d0dddf35/input/modified/tape_pytorch/main.py,128,2e0b0a6c756a790c6eeb113eb1688090d0dddf35,modified,2019-09-13 17:24:06+00:00,rewrite the main.py loop,datasets.py|main.py|trainer.py|utils.py,82.0,0.0,0.0,0.0,1.0,2019-12-09T06:02:49Z,333.0,refactoring,ab49d242a81f7a1d0b291507c8a0b0f5fd6d960c,2020-05-01T16:45:02Z,/home/gilberto-1/github/wrapper_code_smile/output_analysis/1735243578.6335516/songlab-caltape_analysis/81a4b0adf94246dbba51ce8808d6249be092b7ed/input/modified/tape_pytorch/main.py,79,75232c04e037a126d25d99273fe568a782ecce0f,update tape-refactor again,2019-10-18 21:36:28+00:00,MODIFY,128.0,333.0,ab49d242a81f7a1d0b291507c8a0b0f5fd6d960c,2020-05-01T16:45:02Z,2019-12-09T06:02:49Z
tape_pytorch/training.py,run_train_epoch,songlab-cal/tape,gradients_not_cleared_before_backward_propagation,1,/home/gilberto-1/github/wrapper_code_smile/output_analysis/1735243578.6335516/songlab-caltape_analysis/75232c04e037a126d25d99273fe568a782ecce0f/input/modified/tape_pytorch/training.py,200,75232c04e037a126d25d99273fe568a782ecce0f,modified,2019-10-18 21:36:28+00:00,update tape-refactor again,main.py|training.py,128.0,0.0,0.0,1.0,1.0,2019-12-09T06:02:49Z,333.0,enhancement,ab49d242a81f7a1d0b291507c8a0b0f5fd6d960c,2020-05-01T16:45:02Z,/home/gilberto-1/github/wrapper_code_smile/output_analysis/1735243578.6335516/songlab-caltape_analysis/4f0d4780c5b72ae3a7f713e5ec0b3eb9182c64cd/input/modified/tape_pytorch/training.py,301,5e10efd2a38a4f5be9e361a8fbdb2e4a659780b9,rename tape_pytorch -> tape,2019-12-07 23:23:03+00:00,RENAME,247.0,333.0,ab49d242a81f7a1d0b291507c8a0b0f5fd6d960c,2020-05-01T16:45:02Z,2019-12-09T06:02:49Z
tcav/dataset_helpers/imagenet_and_broden_fetcher.py,make_imagenet_dataframe,tensorflow/tcav,columns_and_datatype_not_explicitly_set,1,/home/gilberto-1/github/wrapper_code_smile/output_analysis/1735243578.6335516/tensorflowtcav_analysis/8a3bca77c598fe8e077a591846f1ca3b28279afc/input/modified/tcav/dataset_helpers/imagenet_and_broden_fetcher.py,69,8a3bca77c598fe8e077a591846f1ca3b28279afc,modified,2020-04-16 19:36:02+00:00,nit: adds final newline to fetcher,imagenet_and_broden_fetcher.py,121.0,1.0,0.0,0.0,0.0,2018-07-03T17:45:35Z,141.0,new_feature,,,/home/gilberto-1/github/wrapper_code_smile/output_analysis/1735243578.6335516/tensorflowtcav_analysis/8a3bca77c598fe8e077a591846f1ca3b28279afc/input/modified/tcav/dataset_helpers/imagenet_and_broden_fetcher.py,69,20181161105df222cf34a798407fa327e0bc353c,"Following review comments, I have moved all data and model fetching logic into the tcav_examples folder. Also added a script to download necessary data and organize it in the format that TCAV needs",2020-05-14 06:38:19+00:00,RENAME,123.0,141.0,,,2018-07-03T17:45:35Z
tcav/imagenet_and_broden_fetcher.py,make_imagenet_dataframe,tensorflow/tcav,columns_and_datatype_not_explicitly_set,1,/home/gilberto-1/github/wrapper_code_smile/output_analysis/1735243578.6335516/tensorflowtcav_analysis/3bf8f0ed860064dc90cb291fb0260e4defe3e85a/input/added/tcav/imagenet_and_broden_fetcher.py,28,3bf8f0ed860064dc90cb291fb0260e4defe3e85a,added,2020-04-16 01:45:27+00:00,Adds imagenet_and_broden_fetcher.py,imagenet_and_broden_fetcher.py|imagenet_url_map.csv,119.0,1.0,0.0,0.0,0.0,2018-07-03T17:45:35Z,141.0,new_feature,,,/home/gilberto-1/github/wrapper_code_smile/output_analysis/1735243578.6335516/tensorflowtcav_analysis/3bf8f0ed860064dc90cb291fb0260e4defe3e85a/input/added/tcav/imagenet_and_broden_fetcher.py,28,652686ab4da4b6d22a0cd623a15eceafb23d9c1e,Fixes changes requested by @jameswex for pull request #73,2020-04-16 19:30:21+00:00,RENAME,120.0,141.0,,,2018-07-03T17:45:35Z
tensorflow_serving/experimental/example/half_plus_two_with_rpop.py,_generate_saved_model_for_half_plus_two,tensorflow/serving,tensor_array_not_used,1,/home/gilberto-1/github/wrapper_code_smile/output_analysis/1735158796.965824/tensorflowserving_analysis/d5b980f487996aa1f890a559eae968735dfebf5d/input/added/tensorflow_serving/experimental/example/half_plus_two_with_rpop.py,66,d5b980f487996aa1f890a559eae968735dfebf5d,added,2020-08-18 20:09:37+00:00,"1. Add an example which call the Remote Predict Op directly.
2. Add an example which call the Remote Predict Op in a TF graph. The code to create the TF graph is included.
3. Link the tensorflow_model_server_main_lib with Remote Predict Op.

PiperOrigin-RevId: 327291373",BUILD|half_plus_two_with_rpop.py|half_plus_two_with_rpop_client.py|remote_predict_client.py|BUILD|remote_predict_ops.py,5080.0,1.0,0.0,1.0,0.0,2016-01-26T21:48:20Z,4933.0,new_feature,d798e1ec9df6fa28db27a5e46ae25cb3ecf5e315,2020-11-20T23:35:56Z,/home/gilberto-1/github/wrapper_code_smile/output_analysis/1735158796.965824/tensorflowserving_analysis/d5b980f487996aa1f890a559eae968735dfebf5d/input/added/tensorflow_serving/experimental/example/half_plus_two_with_rpop.py,66,a069a434cfd27fc64e21bc43a11aaffd8847376b,"Update default remote model name.

PiperOrigin-RevId: 327513633",2020-08-19 22:02:09+00:00,MODIFY,5085.0,4933.0,d798e1ec9df6fa28db27a5e46ae25cb3ecf5e315,2020-11-20T23:35:56Z,2016-01-26T21:48:20Z
tools/perf/perf_run.py,printStats,NVIDIA/TRTorch,in_place_apis_misused,1,/home/gilberto-1/github/wrapper_code_smile/output_analysis/1735243578.6335516/NVIDIATRTorch_analysis/46961d97553bc592875045ab87f71934ca44ccf7/input/modified/tools/perf/perf_run.py,247,46961d97553bc592875045ab87f71934ca44ccf7,modified,2022-05-31 19:00:32+00:00,"chore: additional options for perf_run tool

Signed-off-by: dperi <dperi@nvidia.com>",vgg16.yml|perf_run.py,2188.0,1.0,0.0,0.0,0.0,2020-03-11T17:17:43Z,266.0,new_feature,07ff2441dcc82d474208a0b0619101736143370f,2022-09-14T03:30:08Z,/home/gilberto-1/github/wrapper_code_smile/output_analysis/1735243578.6335516/NVIDIATRTorch_analysis/22451ceba842fbb34f1e4a55f1d489b568ea8909/input/modified/tools/perf/perf_run.py,275,d5dbc4d51b2b9bebcbb0b693e3ffbc9d2a1aacd8,"chore: Fix reporting to a file setting

Signed-off-by: Dheeraj Peri <peri.dheeraj@gmail.com>",2022-08-20 00:48:03+00:00,MODIFY,2678.0,266.0,07ff2441dcc82d474208a0b0619101736143370f,2022-09-14T03:30:08Z,2020-03-11T17:17:43Z
tools/perf/perf_run.py,recordStats,NVIDIA/TRTorch,in_place_apis_misused,1,/home/gilberto-1/github/wrapper_code_smile/output_analysis/1735243578.6335516/NVIDIATRTorch_analysis/2925c8a9ff03afe674b360072507600126245a48/input/modified/tools/perf/perf_run.py,278,2925c8a9ff03afe674b360072507600126245a48,modified,2022-08-10 05:56:01+00:00,"chore: refactor

Signed-off-by: Dheeraj Peri <peri.dheeraj@gmail.com>",benchmark.sh|custom_models.py|hub.py|perf_run.py,2597.0,0.0,0.0,0.0,1.0,2020-03-11T17:17:43Z,266.0,refactoring,07ff2441dcc82d474208a0b0619101736143370f,2022-09-14T03:30:08Z,/home/gilberto-1/github/wrapper_code_smile/output_analysis/1735243578.6335516/NVIDIATRTorch_analysis/22451ceba842fbb34f1e4a55f1d489b568ea8909/input/modified/tools/perf/perf_run.py,275,d5dbc4d51b2b9bebcbb0b693e3ffbc9d2a1aacd8,"chore: Fix reporting to a file setting

Signed-off-by: Dheeraj Peri <peri.dheeraj@gmail.com>",2022-08-20 00:48:03+00:00,MODIFY,2678.0,266.0,07ff2441dcc82d474208a0b0619101736143370f,2022-09-14T03:30:08Z,2020-03-11T17:17:43Z
torchnlp/datasets/dataset.py,__str__,PetrochukM/PyTorch-NLP,columns_and_datatype_not_explicitly_set,1,/home/gilberto-1/github/wrapper_code_smile/output_analysis/1735158796.965824/PetrochukMPyTorch-NLP_analysis/0b4d80255e60913d56119dede9890256a0b1622c/input/modified/torchnlp/datasets/dataset.py,55,0b4d80255e60913d56119dede9890256a0b1622c,modified,2018-03-11 18:58:38+00:00,"Update dataset, Add Shuffle",test_dataset.py|test_utils.py|dataset.py|accuracy.py|bleu.py|utils.py,60.0,1.0,0.0,1.0,0.0,2018-02-25T05:00:36Z,408.0,enhancement,e852daececefc5dd089d0aa0ce39d0efb07f4537,2019-04-03T02:06:45Z,/home/gilberto-1/github/wrapper_code_smile/output_analysis/1735158796.965824/PetrochukMPyTorch-NLP_analysis/529de53443cbf38fca55504fae519012f63511bb/input/modified/torchnlp/datasets/dataset.py,96,4e84780a8a741d6a90f2752edc4502ab2cf89ecb,Lazy load pandas,2019-08-18 16:23:05+00:00,MODIFY,361.0,408.0,41fe6cc32fb3b7f079a002ae7d125e7efc815be7,2019-11-04T04:45:44Z,2018-02-25T05:00:36Z
torchnlp/datasets/simple_qa.py,simple_qa_dataset,PetrochukM/PyTorch-NLP,columns_and_datatype_not_explicitly_set,1,/home/gilberto-1/github/wrapper_code_smile/output_analysis/1735158796.965824/PetrochukMPyTorch-NLP_analysis/f620997f3fc29c85d0a0652ecf89d0af1611cb90/input/modified/torchnlp/datasets/simple_qa.py,74,f620997f3fc29c85d0a0652ecf89d0af1611cb90,modified,2019-04-01 17:20:11+00:00,Small fixes,.style.yapf|test_simple_qa.py|test_subword_tokenizer.py|simple_qa.py|accuracy.py|utils.py,301.0,0.0,1.0,0.0,0.0,2018-02-25T05:00:36Z,408.0,bug_fixing,e852daececefc5dd089d0aa0ce39d0efb07f4537,2019-04-03T02:06:45Z,/home/gilberto-1/github/wrapper_code_smile/output_analysis/1735158796.965824/PetrochukMPyTorch-NLP_analysis/9e98b21b03c12a57b3397e88b1770536931b0412/input/modified/torchnlp/datasets/simple_qa.py,72,4e84780a8a741d6a90f2752edc4502ab2cf89ecb,Lazy load pandas,2019-08-18 16:23:05+00:00,MODIFY,361.0,408.0,41fe6cc32fb3b7f079a002ae7d125e7efc815be7,2019-11-04T04:45:44Z,2018-02-25T05:00:36Z
torchxrayvision/datasets.py,__init__,mlmed/torchxrayvision,in_place_apis_misused,1,/home/gilberto-1/github/wrapper_code_smile/output_analysis/1735158796.965824/mlmedtorchxrayvision_analysis/be4e63debe1cdb3fb1284ba5659d1d16aebbd35e/input/added/torchxrayvision/datasets.py,259,be4e63debe1cdb3fb1284ba5659d1d16aebbd35e,added,2020-03-04 03:42:24+00:00,first draft,__init__.py|__init__.py|datasets.py|models.py|nlmcxr_dicom_metadata.csv.gz|nlmcxr_tsne_pa.csv.gz|stage_2_train_labels.csv.zip|xray_datasets.ipynb,2.0,0.0,0.0,0.0,0.0,2020-03-04T03:26:11Z,118.0,other,ddbe9424b17b5c0b69a01e102fa3f6fca9812395,2021-12-16T03:30:00Z,/home/gilberto-1/github/wrapper_code_smile/output_analysis/1735158796.965824/mlmedtorchxrayvision_analysis/50e783e0525ed119ecb966d0e4ae08e799bfb8b5/input/modified/torchxrayvision/datasets.py,126,0b901695066c296109259f5e9e2588516a433514,Complete conversion to base class view management where feasible,2021-10-28 00:23:13+00:00,MODIFY,303.0,118.0,ddbe9424b17b5c0b69a01e102fa3f6fca9812395,2021-12-16T03:30:00Z,2020-03-04T03:26:11Z
torchxrayvision/datasets.py,__init__,mlmed/torchxrayvision,in_place_apis_misused,4,/home/gilberto-1/github/wrapper_code_smile/output_analysis/1735158796.965824/mlmedtorchxrayvision_analysis/33be1effff0daa2085b35b32db5f5dbb97b57ac3/input/modified/torchxrayvision/datasets.py,1766,33be1effff0daa2085b35b32db5f5dbb97b57ac3,modified,2021-04-06 01:48:46+00:00,add StonyBrookCOVID_Dataset,datasets.py,222.0,1.0,0.0,0.0,0.0,2020-03-04T03:26:11Z,118.0,new_feature,ddbe9424b17b5c0b69a01e102fa3f6fca9812395,2021-12-16T03:30:00Z,/home/gilberto-1/github/wrapper_code_smile/output_analysis/1735158796.965824/mlmedtorchxrayvision_analysis/2011ee28e9e286937429d3c335ee5b57c33116ba/input/modified/torchxrayvision/datasets.py,1712,b6a9e1d38abe8d8f8bc0c3080af54f7ef7ea9da3,"Add sphinx documentation (#131)

* initial version

* rework inline docs

* fix link

* cleanup covid dataset interface

* refactor for docs

* add images

* add helper page

* update for docs

* fix references

* clean up model docs",2023-04-05 00:46:50+00:00,MODIFY,366.0,118.0,ddbe9424b17b5c0b69a01e102fa3f6fca9812395,2021-12-16T03:30:00Z,2020-03-04T03:26:11Z
train.py,main,ultralytics/yolov3,gradients_not_cleared_before_backward_propagation,1,/home/gilberto-1/github/wrapper_code_smile/output_analysis/1735243578.6335516/ultralyticsyolov3_analysis/5a566454f5efc4ce424c84826358b5de602d7aad/input/modified/train.py,147,5a566454f5efc4ce424c84826358b5de602d7aad,modified,2018-12-05 10:55:27+00:00,Extract seed and cuda initialization utils,detect.py|test.py|train.py|torch_utils.py|utils.py,236.0,0.0,0.0,0.0,1.0,2018-08-26T08:57:20Z,2522.0,refactoring,166a4d590f08b55cadfebc57a11a52ff2fc2b7d3,2021-01-13T07:05:32Z,/home/gilberto-1/github/wrapper_code_smile/output_analysis/1735243578.6335516/ultralyticsyolov3_analysis/5a566454f5efc4ce424c84826358b5de602d7aad/input/modified/train.py,147,c807c16b7909ad6885f57f35bab678b3f3bc35f0,"Fix argument parser bad practice

Keep parsing inside __main__ block and call methods with arguments

Add double -- for long argument names (- reserved for shortcuts)",2018-12-05 15:57:16+00:00,MODIFY,237.0,2522.0,e285034b4b6992605833d4ee32d9df7177d4e32b,2020-12-06T17:01:13Z,2018-08-26T08:57:20Z
train.py,train,hysts/pytorch_image_classification,gradients_not_cleared_before_backward_propagation,3,/home/gilberto-1/github/wrapper_code_smile/output_analysis/1735158796.965824/hystspytorch_image_classification_analysis/e995b68bfaa2397323f289173accf9986efed7e1/input/modified/train.py,328,e995b68bfaa2397323f289173accf9986efed7e1,modified,2019-01-06 11:52:02+00:00,Update,argparser.py|train.py,129.0,0.0,0.0,1.0,0.0,2017-12-09T22:32:57Z,170.0,enhancement,,,/home/gilberto-1/github/wrapper_code_smile/output_analysis/1735158796.965824/hystspytorch_image_classification_analysis/1d76092c2437758b545602c3d892e6e78ad77fb4/input/modified/train.py,329,6ff2a139ef34a678e5798f2289bad592cdd1a614,Refactor,2019-05-25 21:00:49+00:00,MODIFY,149.0,170.0,,,2017-12-09T22:32:57Z
train.py,train,ultralytics/yolov3,gradients_not_cleared_before_backward_propagation,2,/home/gilberto-1/github/wrapper_code_smile/output_analysis/1735243578.6335516/ultralyticsyolov3_analysis/70fe2204b4250c238be4c32e65f8038a297059cf/input/modified/train.py,133,70fe2204b4250c238be4c32e65f8038a297059cf,modified,2019-03-21 12:48:40+00:00,multi_thread dataloader,models.py|train.py|datasets.py|utils.py,541.0,0.0,0.0,0.0,0.0,2018-08-26T08:57:20Z,2522.0,other,166a4d590f08b55cadfebc57a11a52ff2fc2b7d3,2021-01-13T07:05:32Z,/home/gilberto-1/github/wrapper_code_smile/output_analysis/1735243578.6335516/ultralyticsyolov3_analysis/bf34ae007fea165255c8be1b7a835dedc49a9613/input/modified/train.py,293,76807fae7104768650d380eaaa9dcb472f7c287d,"YOLOv5 Forward Compatibility Update (#1569)

* YOLOv5 forward compatibility update

* add data dir

* ci test yolov3

* update build_targets()

* update build_targets()

* update build_targets()

* update yolov3-spp.yaml

* add yolov3-tiny.yaml

* add yolov3-tiny.yaml

* Update yolov3-tiny.yaml

* thop bug fix

* Detection() device bug fix

* Use torchvision.ops.nms()

* Remove redundant download mirror

* CI tests with yolov3-tiny

* Update README.md

* Synch train and test iou_thresh

* update requirements.txt

* Cat apriori autolabels

* Confusion matrix

* Autosplit

* Autosplit

* Update README.md

* AP no plot

* Update caching

* Update caching

* Caching bug fix

* --image-weights bug fix

* datasets bug fix

* mosaic plots bug fix

* plot_study

* boxes.max()

* boxes.max()

* boxes.max()

* boxes.max()

* boxes.max()

* boxes.max()

* update

* Update README

* Update README

* Update README.md

* Update README.md

* results png

* Update README

* Targets scaling bug fix

* update plot_study

* update plot_study

* update plot_study

* update plot_study

* Targets scaling bug fix

* Finish Readme.md

* Finish Readme.md

* Finish Readme.md

* Update README.md

* Creado con Colaboratory",2020-11-26 19:24:00+00:00,MODIFY,2564.0,2522.0,e285034b4b6992605833d4ee32d9df7177d4e32b,2020-12-06T17:01:13Z,2018-08-26T08:57:20Z
train.py,train,ultralytics/yolov5,gradients_not_cleared_before_backward_propagation,2,/home/gilberto-1/github/wrapper_code_smile/output_analysis/1735158796.965824/ultralyticsyolov5_analysis/1e84a23f38fad9e52b59101e9f1246d93066ed1e/input/added/train.py,264,1e84a23f38fad9e52b59101e9f1246d93066ed1e,added,2020-05-30 00:04:54+00:00,initial commit,.dockerignore|--bug-report.md|--feature-request.md|greetings.yml|stale.yml|.gitignore|Dockerfile|LICENSE|README.md|coco.yaml|coco128.yaml|get_coco2017.sh|detect.py|bus.jpg|zidane.jpg|common.py|experimental.py|yolo.py|yolov3-spp.yaml|yolov3-spp_csp.yaml|yolov5l.yaml|yolov5m.yaml|yolov5s.yaml|yolov5s_csp.yaml|yolov5s_csp1.yaml|yolov5s_csp2.yaml|yolov5x.yaml|requirements.txt|test.py|train.py|tutorial.ipynb|__init__.py|activations.py|datasets.py|gcp.sh|google_utils.py|torch_utils.py|utils.py|download_weights.sh,1.0,0.0,0.0,0.0,0.0,2020-05-18T03:45:11Z,200.0,other,956be8e642b5c10af4a1533e09084ca32ff4f21f,2021-10-12T06:47:18Z,/home/gilberto-1/github/wrapper_code_smile/output_analysis/1735158796.965824/ultralyticsyolov5_analysis/07493a715c9be65a52fa94a4e79a25361b340af1/input/modified/train.py,261,4102fcc9a701b849ce4cad2de2403971aa52d790,"[WIP] Feature/ddp fixed (#401)

* Squashed commit of the following:

commit d738487089e41c22b3b1cd73aa7c1c40320a6ebf
Author: NanoCode012 <kevinvong@rocketmail.com>
Date:   Tue Jul 14 17:33:38 2020 +0700

    Adding world_size

    Reduce calls to torch.distributed. For use in create_dataloader.

commit e742dd9619d29306c7541821238d3d7cddcdc508
Author: yizhi.chen <chenyzsjtu@outlook.com>
Date:   Tue Jul 14 15:38:48 2020 +0800

    Make SyncBN a choice

commit e90d4004387e6103fecad745f8cbc2edc918e906
Merge: 5bf8beb cd90360
Author: yzchen <Chenyzsjtu@gmail.com>
Date:   Tue Jul 14 15:32:10 2020 +0800

    Merge pull request #6 from NanoCode012/patch-5

    Update train.py

commit cd9036017e7f8bd519a8b62adab0f47ea67f4962
Author: NanoCode012 <kevinvong@rocketmail.com>
Date:   Tue Jul 14 13:39:29 2020 +0700

    Update train.py

    Remove redundant `opt.` prefix.

commit 5bf8bebe8873afb18b762fe1f409aca116fac073
Merge: c9558a9 a1c8406
Author: yizhi.chen <chenyzsjtu@outlook.com>
Date:   Tue Jul 14 14:09:51 2020 +0800

    Merge branch 'master' of https://github.com/ultralytics/yolov5 into feature/DDP_fixed

commit c9558a9b51547febb03d9c1ca42e2ef0fc15bb31
Author: yizhi.chen <chenyzsjtu@outlook.com>
Date:   Tue Jul 14 13:51:34 2020 +0800

    Add device allocation for loss compute

commit 4f08c692fb5e943a89e0ee354ef6c80a50eeb28d
Author: yizhi.chen <chenyzsjtu@outlook.com>
Date:   Thu Jul 9 11:16:27 2020 +0800

    Revert drop_last

commit 1dabe33a5a223b758cc761fc8741c6224205a34b
Merge: a1ce9b1 4b8450b
Author: yizhi.chen <chenyzsjtu@outlook.com>
Date:   Thu Jul 9 11:15:49 2020 +0800

    Merge branch 'feature/DDP_fixed' of https://github.com/MagicFrogSJTU/yolov5 into feature/DDP_fixed

commit a1ce9b1e96b71d7fcb9d3e8143013eb8cebe5e27
Author: yizhi.chen <chenyzsjtu@outlook.com>
Date:   Thu Jul 9 11:15:21 2020 +0800

    fix lr warning

commit 4b8450b46db76e5e58cd95df965d4736077cfb0e
Merge: b9a50ae 02c63ef
Author: yzchen <Chenyzsjtu@gmail.com>
Date:   Wed Jul 8 21:24:24 2020 +0800

    Merge pull request #4 from NanoCode012/patch-4

    Add drop_last for multi gpu

commit 02c63ef81cf98b28b10344fe2cce08a03b143941
Author: NanoCode012 <kevinvong@rocketmail.com>
Date:   Wed Jul 8 10:08:30 2020 +0700

    Add drop_last for multi gpu

commit b9a50aed48ab1536f94d49269977e2accd67748f
Merge: ec2dc6c 121d90b
Author: yizhi.chen <chenyzsjtu@outlook.com>
Date:   Tue Jul 7 19:48:04 2020 +0800

    Merge branch 'master' of https://github.com/ultralytics/yolov5 into feature/DDP_fixed

commit ec2dc6cc56de43ddff939e14c450672d0fbf9b3d
Merge: d0326e3 82a6182
Author: yizhi.chen <chenyzsjtu@outlook.com>
Date:   Tue Jul 7 19:34:31 2020 +0800

    Merge branch 'feature/DDP_fixed' of https://github.com/MagicFrogSJTU/yolov5 into feature/DDP_fixed

commit d0326e398dfeeeac611ccc64198d4fe91b7aa969
Author: yizhi.chen <chenyzsjtu@outlook.com>
Date:   Tue Jul 7 19:31:24 2020 +0800

    Add SyncBN

commit 82a6182b3ad0689a4432b631b438004e5acb3b74
Merge: 96fa40a 050b2a5
Author: yzchen <Chenyzsjtu@gmail.com>
Date:   Tue Jul 7 19:21:01 2020 +0800

    Merge pull request #1 from NanoCode012/patch-2

    Convert BatchNorm to SyncBatchNorm

commit 050b2a5a79a89c9405854d439a1f70f892139b1c
Author: NanoCode012 <kevinvong@rocketmail.com>
Date:   Tue Jul 7 12:38:14 2020 +0700

    Add cleanup for process_group

commit 2aa330139f3cc1237aeb3132245ed7e5d6da1683
Author: NanoCode012 <kevinvong@rocketmail.com>
Date:   Tue Jul 7 12:07:40 2020 +0700

    Remove apex.parallel. Use torch.nn.parallel

    For future compatibility

commit 77c8e27e603bea9a69e7647587ca8d509dc1990d
Author: NanoCode012 <kevinvong@rocketmail.com>
Date:   Tue Jul 7 01:54:39 2020 +0700

    Convert BatchNorm to SyncBatchNorm

commit 96fa40a3a925e4ffd815fe329e1b5181ec92adc8
Author: yizhi.chen <chenyzsjtu@outlook.com>
Date:   Mon Jul 6 21:53:56 2020 +0800

    Fix the datset inconsistency problem

commit 16e7c269d062c8d16c4d4ff70cc80fd87935dc95
Author: yizhi.chen <chenyzsjtu@outlook.com>
Date:   Mon Jul 6 11:34:03 2020 +0800

    Add loss multiplication to preserver the single-process performance

commit e83805563065ffd2e38f85abe008fc662cc17909
Merge: 625bb49 3bdea3f
Author: yizhi.chen <chenyzsjtu@outlook.com>
Date:   Fri Jul 3 20:56:30 2020 +0800

    Merge branch 'master' of https://github.com/ultralytics/yolov5 into feature/DDP_fixed

commit 625bb49f4e52d781143fea0af36d14e5be8b040c
Author: yizhi.chen <chenyzsjtu@outlook.com>
Date:   Thu Jul 2 22:45:15 2020 +0800

    DDP established

* Squashed commit of the following:

commit 94147314e559a6bdd13cb9de62490d385c27596f
Merge: 65157e2 37acbdc
Author: yizhi.chen <chenyzsjtu@outlook.com>
Date:   Thu Jul 16 14:00:17 2020 +0800

    Merge branch 'master' of https://github.com/ultralytics/yolov4 into feature/DDP_fixed

commit 37acbdc0b6ef8c3343560834b914c83bbb0abbd1
Author: Glenn Jocher <glenn.jocher@ultralytics.com>
Date:   Wed Jul 15 20:03:41 2020 -0700

    update test.py --save-txt

commit b8c2da4a0d6880afd7857207340706666071145b
Author: Glenn Jocher <glenn.jocher@ultralytics.com>
Date:   Wed Jul 15 20:00:48 2020 -0700

    update test.py --save-txt

commit 65157e2fc97d371bc576e18b424e130eb3026917
Author: yizhi.chen <chenyzsjtu@outlook.com>
Date:   Wed Jul 15 16:44:13 2020 +0800

    Revert the README.md removal

commit 1c802bfa503623661d8617ca3f259835d27c5345
Merge: cd55b44 0f3b8bb
Author: yizhi.chen <chenyzsjtu@outlook.com>
Date:   Wed Jul 15 16:43:38 2020 +0800

    Merge branch 'feature/DDP_fixed' of https://github.com/MagicFrogSJTU/yolov5 into feature/DDP_fixed

commit cd55b445c4dcd8003ff4b0b46b64adf7c16e5ce7
Author: yizhi.chen <chenyzsjtu@outlook.com>
Date:   Wed Jul 15 16:42:33 2020 +0800

    fix the DDP performance deterioration bug.

commit 0f3b8bb1fae5885474ba861bbbd1924fb622ee93
Author: Glenn Jocher <glenn.jocher@ultralytics.com>
Date:   Wed Jul 15 00:28:53 2020 -0700

    Delete README.md

commit f5921ba1e35475f24b062456a890238cb7a3cf94
Merge: 85ab2f3 bd3fdbb
Author: yizhi.chen <chenyzsjtu@outlook.com>
Date:   Wed Jul 15 11:20:17 2020 +0800

    Merge branch 'feature/DDP_fixed' of https://github.com/MagicFrogSJTU/yolov5 into feature/DDP_fixed

commit bd3fdbbf1b08ef87931eef49fa8340621caa7e87
Author: Glenn Jocher <glenn.jocher@ultralytics.com>
Date:   Tue Jul 14 18:38:20 2020 -0700

    Update README.md

commit c1a97a7767ccb2aa9afc7a5e72fd159e7c62ec02
Merge: 2bf86b8 f796708
Author: Glenn Jocher <glenn.jocher@ultralytics.com>
Date:   Tue Jul 14 18:36:53 2020 -0700

    Merge branch 'master' into feature/DDP_fixed

commit 2bf86b892fa2fd712f6530903a0d9b8533d7447a
Author: NanoCode012 <kevinvong@rocketmail.com>
Date:   Tue Jul 14 22:18:15 2020 +0700

    Fixed world_size not found when called from test

commit 85ab2f38cdda28b61ad15a3a5a14c3aafb620dc8
Merge: 5a19011 c8357ad
Author: yizhi.chen <chenyzsjtu@outlook.com>
Date:   Tue Jul 14 22:19:58 2020 +0800

    Merge branch 'feature/DDP_fixed' of https://github.com/MagicFrogSJTU/yolov5 into feature/DDP_fixed

commit 5a19011949398d06e744d8d5521ab4e6dfa06ab7
Author: yizhi.chen <chenyzsjtu@outlook.com>
Date:   Tue Jul 14 22:19:15 2020 +0800

    Add assertion for <=2 gpus DDP

commit c8357ad5b15a0e6aeef4d7fe67ca9637f7322a4d
Merge: e742dd9 787582f
Author: yzchen <Chenyzsjtu@gmail.com>
Date:   Tue Jul 14 22:10:02 2020 +0800

    Merge pull request #8 from MagicFrogSJTU/NanoCode012-patch-1

    Modify number of dataloaders' workers

commit 787582f97251834f955ef05a77072b8c673a8397
Author: NanoCode012 <kevinvong@rocketmail.com>
Date:   Tue Jul 14 20:38:58 2020 +0700

    Fixed issue with single gpu not having world_size

commit 63648925288d63a21174a4dd28f92dbfebfeb75a
Author: NanoCode012 <kevinvong@rocketmail.com>
Date:   Tue Jul 14 19:16:15 2020 +0700

    Add assert message for clarification

    Clarify why assertion was thrown to users

commit 69364d6050e048d0d8834e0f30ce84da3f6a13f3
Author: NanoCode012 <kevinvong@rocketmail.com>
Date:   Tue Jul 14 17:36:48 2020 +0700

    Changed number of workers check

commit d738487089e41c22b3b1cd73aa7c1c40320a6ebf
Author: NanoCode012 <kevinvong@rocketmail.com>
Date:   Tue Jul 14 17:33:38 2020 +0700

    Adding world_size

    Reduce calls to torch.distributed. For use in create_dataloader.

commit e742dd9619d29306c7541821238d3d7cddcdc508
Author: yizhi.chen <chenyzsjtu@outlook.com>
Date:   Tue Jul 14 15:38:48 2020 +0800

    Make SyncBN a choice

commit e90d4004387e6103fecad745f8cbc2edc918e906
Merge: 5bf8beb cd90360
Author: yzchen <Chenyzsjtu@gmail.com>
Date:   Tue Jul 14 15:32:10 2020 +0800

    Merge pull request #6 from NanoCode012/patch-5

    Update train.py

commit cd9036017e7f8bd519a8b62adab0f47ea67f4962
Author: NanoCode012 <kevinvong@rocketmail.com>
Date:   Tue Jul 14 13:39:29 2020 +0700

    Update train.py

    Remove redundant `opt.` prefix.

commit 5bf8bebe8873afb18b762fe1f409aca116fac073
Merge: c9558a9 a1c8406
Author: yizhi.chen <chenyzsjtu@outlook.com>
Date:   Tue Jul 14 14:09:51 2020 +0800

    Merge branch 'master' of https://github.com/ultralytics/yolov5 into feature/DDP_fixed

commit c9558a9b51547febb03d9c1ca42e2ef0fc15bb31
Author: yizhi.chen <chenyzsjtu@outlook.com>
Date:   Tue Jul 14 13:51:34 2020 +0800

    Add device allocation for loss compute

commit 4f08c692fb5e943a89e0ee354ef6c80a50eeb28d
Author: yizhi.chen <chenyzsjtu@outlook.com>
Date:   Thu Jul 9 11:16:27 2020 +0800

    Revert drop_last

commit 1dabe33a5a223b758cc761fc8741c6224205a34b
Merge: a1ce9b1 4b8450b
Author: yizhi.chen <chenyzsjtu@outlook.com>
Date:   Thu Jul 9 11:15:49 2020 +0800

    Merge branch 'feature/DDP_fixed' of https://github.com/MagicFrogSJTU/yolov5 into feature/DDP_fixed

commit a1ce9b1e96b71d7fcb9d3e8143013eb8cebe5e27
Author: yizhi.chen <chenyzsjtu@outlook.com>
Date:   Thu Jul 9 11:15:21 2020 +0800

    fix lr warning

commit 4b8450b46db76e5e58cd95df965d4736077cfb0e
Merge: b9a50ae 02c63ef
Author: yzchen <Chenyzsjtu@gmail.com>
Date:   Wed Jul 8 21:24:24 2020 +0800

    Merge pull request #4 from NanoCode012/patch-4

    Add drop_last for multi gpu

commit 02c63ef81cf98b28b10344fe2cce08a03b143941
Author: NanoCode012 <kevinvong@rocketmail.com>
Date:   Wed Jul 8 10:08:30 2020 +0700

    Add drop_last for multi gpu

commit b9a50aed48ab1536f94d49269977e2accd67748f
Merge: ec2dc6c 121d90b
Author: yizhi.chen <chenyzsjtu@outlook.com>
Date:   Tue Jul 7 19:48:04 2020 +0800

    Merge branch 'master' of https://github.com/ultralytics/yolov5 into feature/DDP_fixed

commit ec2dc6cc56de43ddff939e14c450672d0fbf9b3d
Merge: d0326e3 82a6182
Author: yizhi.chen <chenyzsjtu@outlook.com>
Date:   Tue Jul 7 19:34:31 2020 +0800

    Merge branch 'feature/DDP_fixed' of https://github.com/MagicFrogSJTU/yolov5 into feature/DDP_fixed

commit d0326e398dfeeeac611ccc64198d4fe91b7aa969
Author: yizhi.chen <chenyzsjtu@outlook.com>
Date:   Tue Jul 7 19:31:24 2020 +0800

    Add SyncBN

commit 82a6182b3ad0689a4432b631b438004e5acb3b74
Merge: 96fa40a 050b2a5
Author: yzchen <Chenyzsjtu@gmail.com>
Date:   Tue Jul 7 19:21:01 2020 +0800

    Merge pull request #1 from NanoCode012/patch-2

    Convert BatchNorm to SyncBatchNorm

commit 050b2a5a79a89c9405854d439a1f70f892139b1c
Author: NanoCode012 <kevinvong@rocketmail.com>
Date:   Tue Jul 7 12:38:14 2020 +0700

    Add cleanup for process_group

commit 2aa330139f3cc1237aeb3132245ed7e5d6da1683
Author: NanoCode012 <kevinvong@rocketmail.com>
Date:   Tue Jul 7 12:07:40 2020 +0700

    Remove apex.parallel. Use torch.nn.parallel

    For future compatibility

commit 77c8e27e603bea9a69e7647587ca8d509dc1990d
Author: NanoCode012 <kevinvong@rocketmail.com>
Date:   Tue Jul 7 01:54:39 2020 +0700

    Convert BatchNorm to SyncBatchNorm

commit 96fa40a3a925e4ffd815fe329e1b5181ec92adc8
Author: yizhi.chen <chenyzsjtu@outlook.com>
Date:   Mon Jul 6 21:53:56 2020 +0800

    Fix the datset inconsistency problem

commit 16e7c269d062c8d16c4d4ff70cc80fd87935dc95
Author: yizhi.chen <chenyzsjtu@outlook.com>
Date:   Mon Jul 6 11:34:03 2020 +0800

    Add loss multiplication to preserver the single-process performance

commit e83805563065ffd2e38f85abe008fc662cc17909
Merge: 625bb49 3bdea3f
Author: yizhi.chen <chenyzsjtu@outlook.com>
Date:   Fri Jul 3 20:56:30 2020 +0800

    Merge branch 'master' of https://github.com/ultralytics/yolov5 into feature/DDP_fixed

commit 625bb49f4e52d781143fea0af36d14e5be8b040c
Author: yizhi.chen <chenyzsjtu@outlook.com>
Date:   Thu Jul 2 22:45:15 2020 +0800

    DDP established

* Fixed destroy_process_group in DP mode

* Update torch_utils.py

* Update utils.py

Revert build_targets() to current master.

* Update datasets.py

* Fixed world_size attribute not found

Co-authored-by: NanoCode012 <kevinvong@rocketmail.com>
Co-authored-by: Glenn Jocher <glenn.jocher@ultralytics.com>",2020-07-19 19:33:30+00:00,MODIFY,469.0,200.0,69be8e738f45e7908c1270eedd350f98c0c7bfa4,2021-01-05T03:54:09Z,2020-05-18T03:45:11Z
transfer_nlp/experiments/cbow.py,__init__,feedly/transfer-nlp,columns_and_datatype_not_explicitly_set,1,/home/gilberto-1/github/wrapper_code_smile/output_analysis/1735243578.6335516/feedlytransfer-nlp_analysis/501e38c3bce0f90396cdb1bef49a124f76e53137/input/added/transfer_nlp/experiments/cbow.py,31,501e38c3bce0f90396cdb1bef49a124f76e53137,added,2019-04-22 07:07:42+00:00,adapt the refactor to 6 of the existing examples,__init__.py|embeddings.py|cbow.py|cbow2.json|mlp.json|news.py|newsClassifier2.json|surnameClassifier2.json|surnames.py|surnamesGeneration2.json|surnamesRNN2.json|loaders.py|vectorizers.py|cbow.py|cnn.py|perceptrons.py|rnn.py|config.py|helpers.py|losses.py|metrics.py|trainers.py|predictor.py|runner.py|runnersABC.py|single_task.py,164.0,0.0,0.0,1.0,1.0,2019-03-12T20:00:31Z,465.0,enhancement,b6a86e31d7c1f5cb6b7e2900d4371a862ead5d8d,2019-06-17T19:51:29Z,/home/gilberto-1/github/wrapper_code_smile/output_analysis/1735243578.6335516/feedlytransfer-nlp_analysis/501e38c3bce0f90396cdb1bef49a124f76e53137/input/added/transfer_nlp/experiments/cbow.py,31,232811f4793fba3af960b2c40de337f0eaa3ec8b,clean project,2019-04-22 22:11:02+00:00,RENAME,165.0,465.0,85515b73165c299b7a9b96d3608bd4e8ee567154,2020-05-28T17:31:53Z,2019-03-12T20:00:31Z
transfer_nlp/experiments/surnames.py,__init__,feedly/transfer-nlp,columns_and_datatype_not_explicitly_set,1,/home/gilberto-1/github/wrapper_code_smile/output_analysis/1735243578.6335516/feedlytransfer-nlp_analysis/aafaa8686bb56bf82a8d04aa7f3ea5d6b9e61218/input/added/transfer_nlp/experiments/surnames.py,19,aafaa8686bb56bf82a8d04aa7f3ea5d6b9e61218,added,2019-04-20 03:27:59+00:00,running avg. training metrics,mlp2.json|surnames.py|perceptrons2.py|__init__.py|helpers.py|trainers.py,161.0,0.0,0.0,0.0,0.0,2019-03-12T20:00:31Z,465.0,other,b6a86e31d7c1f5cb6b7e2900d4371a862ead5d8d,2019-06-17T19:51:29Z,/home/gilberto-1/github/wrapper_code_smile/output_analysis/1735243578.6335516/feedlytransfer-nlp_analysis/501e38c3bce0f90396cdb1bef49a124f76e53137/input/modified/transfer_nlp/experiments/surnames.py,28,232811f4793fba3af960b2c40de337f0eaa3ec8b,clean project,2019-04-22 22:11:02+00:00,RENAME,165.0,465.0,85515b73165c299b7a9b96d3608bd4e8ee567154,2020-05-28T17:31:53Z,2019-03-12T20:00:31Z
transfer_nlp/loaders/vectorizers.py,_get_source_indices,feedly/transfer-nlp,in_place_apis_misused,1,/home/gilberto-1/github/wrapper_code_smile/output_analysis/1735243578.6335516/feedlytransfer-nlp_analysis/501e38c3bce0f90396cdb1bef49a124f76e53137/input/modified/transfer_nlp/loaders/vectorizers.py,493,501e38c3bce0f90396cdb1bef49a124f76e53137,modified,2019-04-22 07:07:42+00:00,adapt the refactor to 6 of the existing examples,__init__.py|embeddings.py|cbow.py|cbow2.json|mlp.json|news.py|newsClassifier2.json|surnameClassifier2.json|surnames.py|surnamesGeneration2.json|surnamesRNN2.json|loaders.py|vectorizers.py|cbow.py|cnn.py|perceptrons.py|rnn.py|config.py|helpers.py|losses.py|metrics.py|trainers.py|predictor.py|runner.py|runnersABC.py|single_task.py,164.0,0.0,0.0,1.0,1.0,2019-03-12T20:00:31Z,465.0,enhancement,b6a86e31d7c1f5cb6b7e2900d4371a862ead5d8d,2019-06-17T19:51:29Z,/home/gilberto-1/github/wrapper_code_smile/output_analysis/1735243578.6335516/feedlytransfer-nlp_analysis/9066f7b88d0e5e45dd2d6a9da85ec1e208a7b0a9/input/modified/transfer_nlp/loaders/vectorizers.py,121,a9d94b80eed0a8847ac8554ab1d994537149fb83,cleanup,2019-05-14 00:53:40+00:00,MODIFY,271.0,465.0,85515b73165c299b7a9b96d3608bd4e8ee567154,2020-05-28T17:31:53Z,2019-03-12T20:00:31Z
transfer_nlp/loaders/loaders.py,load_dataset_and_load_vectorizer,feedly/transfer-nlp,columns_and_datatype_not_explicitly_set,1,/home/gilberto-1/github/wrapper_code_smile/output_analysis/1735243578.6335516/feedlytransfer-nlp_analysis/501e38c3bce0f90396cdb1bef49a124f76e53137/input/modified/transfer_nlp/loaders/loaders.py,122,501e38c3bce0f90396cdb1bef49a124f76e53137,modified,2019-04-22 07:07:42+00:00,adapt the refactor to 6 of the existing examples,__init__.py|embeddings.py|cbow.py|cbow2.json|mlp.json|news.py|newsClassifier2.json|surnameClassifier2.json|surnames.py|surnamesGeneration2.json|surnamesRNN2.json|loaders.py|vectorizers.py|cbow.py|cnn.py|perceptrons.py|rnn.py|config.py|helpers.py|losses.py|metrics.py|trainers.py|predictor.py|runner.py|runnersABC.py|single_task.py,164.0,0.0,0.0,1.0,1.0,2019-03-12T20:00:31Z,465.0,enhancement,b6a86e31d7c1f5cb6b7e2900d4371a862ead5d8d,2019-06-17T19:51:29Z,/home/gilberto-1/github/wrapper_code_smile/output_analysis/1735243578.6335516/feedlytransfer-nlp_analysis/501e38c3bce0f90396cdb1bef49a124f76e53137/input/modified/transfer_nlp/loaders/loaders.py,122,232811f4793fba3af960b2c40de337f0eaa3ec8b,clean project,2019-04-22 22:11:02+00:00,MODIFY,165.0,465.0,85515b73165c299b7a9b96d3608bd4e8ee567154,2020-05-28T17:31:53Z,2019-03-12T20:00:31Z
transfer_nlp/loaders/loaders.py,load_dataset_and_make_vectorizer,feedly/transfer-nlp,columns_and_datatype_not_explicitly_set,1,/home/gilberto-1/github/wrapper_code_smile/output_analysis/1735243578.6335516/feedlytransfer-nlp_analysis/501e38c3bce0f90396cdb1bef49a124f76e53137/input/modified/transfer_nlp/loaders/loaders.py,151,501e38c3bce0f90396cdb1bef49a124f76e53137,modified,2019-04-22 07:07:42+00:00,adapt the refactor to 6 of the existing examples,__init__.py|embeddings.py|cbow.py|cbow2.json|mlp.json|news.py|newsClassifier2.json|surnameClassifier2.json|surnames.py|surnamesGeneration2.json|surnamesRNN2.json|loaders.py|vectorizers.py|cbow.py|cnn.py|perceptrons.py|rnn.py|config.py|helpers.py|losses.py|metrics.py|trainers.py|predictor.py|runner.py|runnersABC.py|single_task.py,164.0,0.0,0.0,1.0,1.0,2019-03-12T20:00:31Z,465.0,enhancement,b6a86e31d7c1f5cb6b7e2900d4371a862ead5d8d,2019-06-17T19:51:29Z,/home/gilberto-1/github/wrapper_code_smile/output_analysis/1735243578.6335516/feedlytransfer-nlp_analysis/501e38c3bce0f90396cdb1bef49a124f76e53137/input/modified/transfer_nlp/loaders/loaders.py,122,232811f4793fba3af960b2c40de337f0eaa3ec8b,clean project,2019-04-22 22:11:02+00:00,MODIFY,165.0,465.0,85515b73165c299b7a9b96d3608bd4e8ee567154,2020-05-28T17:31:53Z,2019-03-12T20:00:31Z
transfer_nlp/loaders/loaders.py,load_dataset_and_load_vectorizer,feedly/transfer-nlp,columns_and_datatype_not_explicitly_set,1,/home/gilberto-1/github/wrapper_code_smile/output_analysis/1735243578.6335516/feedlytransfer-nlp_analysis/68ceda42428a2f40d4f4626f45ffeb5082f2f2c5/input/modified/transfer_nlp/loaders/loaders.py,66,68ceda42428a2f40d4f4626f45ffeb5082f2f2c5,modified,2019-03-13 05:57:49+00:00,minimal example for each of the model files,tokenizers.py|utils.py|loaders.py|vectorizers.py|cbow.py|cnn.py|generation.py|nmt.py|perceptrons.py|rnn.py|runner.py,8.0,0.0,0.0,0.0,0.0,2019-03-12T20:00:31Z,465.0,other,b6a86e31d7c1f5cb6b7e2900d4371a862ead5d8d,2019-06-17T19:51:29Z,/home/gilberto-1/github/wrapper_code_smile/output_analysis/1735243578.6335516/feedlytransfer-nlp_analysis/501e38c3bce0f90396cdb1bef49a124f76e53137/input/modified/transfer_nlp/loaders/loaders.py,122,232811f4793fba3af960b2c40de337f0eaa3ec8b,clean project,2019-04-22 22:11:02+00:00,MODIFY,165.0,465.0,85515b73165c299b7a9b96d3608bd4e8ee567154,2020-05-28T17:31:53Z,2019-03-12T20:00:31Z
transfer_nlp/loaders/loaders.py,load_dataset_and_make_vectorizer,feedly/transfer-nlp,columns_and_datatype_not_explicitly_set,1,/home/gilberto-1/github/wrapper_code_smile/output_analysis/1735243578.6335516/feedlytransfer-nlp_analysis/68ceda42428a2f40d4f4626f45ffeb5082f2f2c5/input/modified/transfer_nlp/loaders/loaders.py,91,68ceda42428a2f40d4f4626f45ffeb5082f2f2c5,modified,2019-03-13 05:57:49+00:00,minimal example for each of the model files,tokenizers.py|utils.py|loaders.py|vectorizers.py|cbow.py|cnn.py|generation.py|nmt.py|perceptrons.py|rnn.py|runner.py,8.0,0.0,0.0,0.0,0.0,2019-03-12T20:00:31Z,465.0,other,b6a86e31d7c1f5cb6b7e2900d4371a862ead5d8d,2019-06-17T19:51:29Z,/home/gilberto-1/github/wrapper_code_smile/output_analysis/1735243578.6335516/feedlytransfer-nlp_analysis/501e38c3bce0f90396cdb1bef49a124f76e53137/input/modified/transfer_nlp/loaders/loaders.py,122,232811f4793fba3af960b2c40de337f0eaa3ec8b,clean project,2019-04-22 22:11:02+00:00,MODIFY,165.0,465.0,85515b73165c299b7a9b96d3608bd4e8ee567154,2020-05-28T17:31:53Z,2019-03-12T20:00:31Z
transfer_nlp/loaders/vectorizers.py,__init__,feedly/transfer-nlp,columns_and_datatype_not_explicitly_set,1,/home/gilberto-1/github/wrapper_code_smile/output_analysis/1735243578.6335516/feedlytransfer-nlp_analysis/232811f4793fba3af960b2c40de337f0eaa3ec8b/input/modified/transfer_nlp/loaders/vectorizers.py,16,232811f4793fba3af960b2c40de337f0eaa3ec8b,modified,2019-04-22 22:11:02+00:00,clean project,cbow.json|cbow.py|mlp.json|news.py|newsClassifier.json|surnameClassifier.json|surnames.py|surnamesGeneration.json|surnamesRNN.json|training.py|models_test.py|__init__.py|embeddings.py|pre_trained.py|utils.py|cbow.json|customCNN.json|feedlyGeneration.json|mlp2.json|multitask.json|news.py|newsClassifier.json|nmt.json|perceptron.json|surnameClassifier.json|surnamesGeneration.json|surnamesRNN.json|loaders.py|vectorizers.py|vocabulary.py|cbow.py|cnn.py|generation.py|nmt.py|perceptrons.py|perceptrons2.py|rnn.py|activation_functions.py|config.py|generators.py|helpers.py|losses.py|metrics.py|optimizers.py|predictors.py|registry.py|regularizers.py|schedulers.py|trainers.py|nmt_runner.py|runner.py|runnersABC.py|single_task.py|utils.py,165.0,0.0,0.0,0.0,1.0,2019-03-12T20:00:31Z,465.0,refactoring,b6a86e31d7c1f5cb6b7e2900d4371a862ead5d8d,2019-06-17T19:51:29Z,/home/gilberto-1/github/wrapper_code_smile/output_analysis/1735243578.6335516/feedlytransfer-nlp_analysis/a70b49d45446a49aa1b6496360bbf58470f93df3/input/modified/transfer_nlp/loaders/vectorizers.py,16,9066f7b88d0e5e45dd2d6a9da85ec1e208a7b0a9,remove load dataframe in abstract vectorizer class,2019-05-06 16:50:22+00:00,MODIFY,237.0,465.0,85515b73165c299b7a9b96d3608bd4e8ee567154,2020-05-28T17:31:53Z,2019-03-12T20:00:31Z
transfer_nlp/loaders/vectorizers.py,_get_source_indices,feedly/transfer-nlp,in_place_apis_misused,1,/home/gilberto-1/github/wrapper_code_smile/output_analysis/1735243578.6335516/feedlytransfer-nlp_analysis/6997da88295f9b653c9d9e324ad76ca18e980deb/input/added/transfer_nlp/loaders/vectorizers.py,599,6997da88295f9b653c9d9e324ad76ca18e980deb,added,2019-03-12 20:07:31+00:00,initial commit,README.md|download.py|feedly_data.py|get-all-data.sh|requirements.txt|README.md|utils.cpython-36.pyc|utils.py|embeddings.py|pre_trained.py|utils.py|cbow.json|feedlyGeneration.json|mlp.json|newsClassifier.json|nmt.json|perceptron.json|surnameClassifier.json|surnamesGeneration.json|surnamesRNN.json|ngrams.py|loaders.cpython-36.pyc|vectorizers.cpython-36.pyc|vocabulary.cpython-36.pyc|loaders.py|vectorizers.py|vocabulary.py|perceptron.cpython-36.pyc|cbow.py|cnn.py|generation.py|nmt.py|perceptrons.py|rnn.py|runner.py|utils.py,2.0,0.0,0.0,0.0,0.0,2019-03-12T20:00:31Z,465.0,other,b6a86e31d7c1f5cb6b7e2900d4371a862ead5d8d,2019-06-17T19:51:29Z,/home/gilberto-1/github/wrapper_code_smile/output_analysis/1735243578.6335516/feedlytransfer-nlp_analysis/9066f7b88d0e5e45dd2d6a9da85ec1e208a7b0a9/input/modified/transfer_nlp/loaders/vectorizers.py,121,a9d94b80eed0a8847ac8554ab1d994537149fb83,cleanup,2019-05-14 00:53:40+00:00,MODIFY,271.0,465.0,85515b73165c299b7a9b96d3608bd4e8ee567154,2020-05-28T17:31:53Z,2019-03-12T20:00:31Z
transfer_nlp/loaders/vectorizers.py,vectorize,feedly/transfer-nlp,in_place_apis_misused,1,/home/gilberto-1/github/wrapper_code_smile/output_analysis/1735243578.6335516/feedlytransfer-nlp_analysis/6997da88295f9b653c9d9e324ad76ca18e980deb/input/added/transfer_nlp/loaders/vectorizers.py,240,6997da88295f9b653c9d9e324ad76ca18e980deb,added,2019-03-12 20:07:31+00:00,initial commit,README.md|download.py|feedly_data.py|get-all-data.sh|requirements.txt|README.md|utils.cpython-36.pyc|utils.py|embeddings.py|pre_trained.py|utils.py|cbow.json|feedlyGeneration.json|mlp.json|newsClassifier.json|nmt.json|perceptron.json|surnameClassifier.json|surnamesGeneration.json|surnamesRNN.json|ngrams.py|loaders.cpython-36.pyc|vectorizers.cpython-36.pyc|vocabulary.cpython-36.pyc|loaders.py|vectorizers.py|vocabulary.py|perceptron.cpython-36.pyc|cbow.py|cnn.py|generation.py|nmt.py|perceptrons.py|rnn.py|runner.py|utils.py,2.0,0.0,0.0,0.0,0.0,2019-03-12T20:00:31Z,465.0,other,b6a86e31d7c1f5cb6b7e2900d4371a862ead5d8d,2019-06-17T19:51:29Z,/home/gilberto-1/github/wrapper_code_smile/output_analysis/1735243578.6335516/feedlytransfer-nlp_analysis/9066f7b88d0e5e45dd2d6a9da85ec1e208a7b0a9/input/modified/transfer_nlp/loaders/vectorizers.py,121,a9d94b80eed0a8847ac8554ab1d994537149fb83,cleanup,2019-05-14 00:53:40+00:00,MODIFY,271.0,465.0,85515b73165c299b7a9b96d3608bd4e8ee567154,2020-05-28T17:31:53Z,2019-03-12T20:00:31Z
transfer_nlp/loaders/vectorizers.py,vectorize,feedly/transfer-nlp,in_place_apis_misused,2,/home/gilberto-1/github/wrapper_code_smile/output_analysis/1735243578.6335516/feedlytransfer-nlp_analysis/6997da88295f9b653c9d9e324ad76ca18e980deb/input/added/transfer_nlp/loaders/vectorizers.py,302,6997da88295f9b653c9d9e324ad76ca18e980deb,added,2019-03-12 20:07:31+00:00,initial commit,README.md|download.py|feedly_data.py|get-all-data.sh|requirements.txt|README.md|utils.cpython-36.pyc|utils.py|embeddings.py|pre_trained.py|utils.py|cbow.json|feedlyGeneration.json|mlp.json|newsClassifier.json|nmt.json|perceptron.json|surnameClassifier.json|surnamesGeneration.json|surnamesRNN.json|ngrams.py|loaders.cpython-36.pyc|vectorizers.cpython-36.pyc|vocabulary.cpython-36.pyc|loaders.py|vectorizers.py|vocabulary.py|perceptron.cpython-36.pyc|cbow.py|cnn.py|generation.py|nmt.py|perceptrons.py|rnn.py|runner.py|utils.py,2.0,0.0,0.0,0.0,0.0,2019-03-12T20:00:31Z,465.0,other,b6a86e31d7c1f5cb6b7e2900d4371a862ead5d8d,2019-06-17T19:51:29Z,/home/gilberto-1/github/wrapper_code_smile/output_analysis/1735243578.6335516/feedlytransfer-nlp_analysis/501e38c3bce0f90396cdb1bef49a124f76e53137/input/modified/transfer_nlp/loaders/vectorizers.py,301,232811f4793fba3af960b2c40de337f0eaa3ec8b,clean project,2019-04-22 22:11:02+00:00,MODIFY,165.0,465.0,85515b73165c299b7a9b96d3608bd4e8ee567154,2020-05-28T17:31:53Z,2019-03-12T20:00:31Z
transfer_nlp/loaders/vectorizers.py,vectorize,feedly/transfer-nlp,in_place_apis_misused,5,/home/gilberto-1/github/wrapper_code_smile/output_analysis/1735243578.6335516/feedlytransfer-nlp_analysis/6997da88295f9b653c9d9e324ad76ca18e980deb/input/added/transfer_nlp/loaders/vectorizers.py,462,6997da88295f9b653c9d9e324ad76ca18e980deb,added,2019-03-12 20:07:31+00:00,initial commit,README.md|download.py|feedly_data.py|get-all-data.sh|requirements.txt|README.md|utils.cpython-36.pyc|utils.py|embeddings.py|pre_trained.py|utils.py|cbow.json|feedlyGeneration.json|mlp.json|newsClassifier.json|nmt.json|perceptron.json|surnameClassifier.json|surnamesGeneration.json|surnamesRNN.json|ngrams.py|loaders.cpython-36.pyc|vectorizers.cpython-36.pyc|vocabulary.cpython-36.pyc|loaders.py|vectorizers.py|vocabulary.py|perceptron.cpython-36.pyc|cbow.py|cnn.py|generation.py|nmt.py|perceptrons.py|rnn.py|runner.py|utils.py,2.0,0.0,0.0,0.0,0.0,2019-03-12T20:00:31Z,465.0,other,b6a86e31d7c1f5cb6b7e2900d4371a862ead5d8d,2019-06-17T19:51:29Z,/home/gilberto-1/github/wrapper_code_smile/output_analysis/1735243578.6335516/feedlytransfer-nlp_analysis/92506b0362d15e7ddd466c8e62befec5b2545c17/input/modified/transfer_nlp/loaders/vectorizers.py,449,6d13ac06d63df9ff7033cc41937d4f5fa93a949b,cleaning code,2019-04-10 06:50:09+00:00,MODIFY,96.0,465.0,85515b73165c299b7a9b96d3608bd4e8ee567154,2020-05-28T17:31:53Z,2019-03-12T20:00:31Z
transfer_nlp/plugins/registry.py,forward,feedly/transfer-nlp,pytorch_call_method_misused,1,/home/gilberto-1/github/wrapper_code_smile/output_analysis/1735243578.6335516/feedlytransfer-nlp_analysis/7a3d7686202c6bc32d42b89c6a5c4310f91d832b/input/modified/transfer_nlp/plugins/registry.py,280,7a3d7686202c6bc32d42b89c6a5c4310f91d832b,modified,2019-04-13 22:46:08+00:00,let Model extend the nn.Module class + improve checks in experiment instantiation,FeedlyLikeBoard-colab.json|cbow-colab.json|mlp-colab.json|newsClassifier-colab.json|nmt-colab.json|surnameClassifier-colab.json|surnamesGeneration-colab.json|surnamesRNN-colab.json|cbow.json|customCNN.json|feedlyGeneration.json|mlp.json|newsClassifier.json|nmt.json|perceptron.json|surnameClassifier.json|surnamesGeneration.json|surnamesRNN.json|registry.py|regularizers.py|runnersABC.py|single_task.py,110.0,0.0,0.0,1.0,0.0,2019-03-12T20:00:31Z,465.0,enhancement,b6a86e31d7c1f5cb6b7e2900d4371a862ead5d8d,2019-06-17T19:51:29Z,/home/gilberto-1/github/wrapper_code_smile/output_analysis/1735243578.6335516/feedlytransfer-nlp_analysis/c598adc2af3c1dedae0f4ae6a41cf65d9b8f6962/input/modified/transfer_nlp/plugins/registry.py,302,48b9541e7b748b1050893b8344489f894bd84d4b,setup a first predictor,2019-04-19 00:19:57+00:00,MODIFY,155.0,465.0,85515b73165c299b7a9b96d3608bd4e8ee567154,2020-05-28T17:31:53Z,2019-03-12T20:00:31Z
transfer_nlp/transfer_learning/transformers/dataset.py,__init__,feedly/transfer-nlp,columns_and_datatype_not_explicitly_set,1,/home/gilberto-1/github/wrapper_code_smile/output_analysis/1735243578.6335516/feedlytransfer-nlp_analysis/61e7e61ce5aaf7ce9f1adb0b56f1de7f1e2c9b03/input/added/transfer_nlp/transfer_learning/transformers/dataset.py,41,61e7e61ce5aaf7ce9f1adb0b56f1de7f1e2c9b03,added,2019-06-08 00:16:00+00:00,include pretrained model loading,lm_clf_adaptation.json|trainers.py|dataset.py|lm_clf_adaptation.json|lm_clf_fine_tuning.json|lm_fine_tuning.json|lm_tuner_runner.py|model.py|multitask.json,356.0,0.0,0.0,1.0,0.0,2019-03-12T20:00:31Z,465.0,enhancement,b6a86e31d7c1f5cb6b7e2900d4371a862ead5d8d,2019-06-17T19:51:29Z,/home/gilberto-1/github/wrapper_code_smile/output_analysis/1735243578.6335516/feedlytransfer-nlp_analysis/61e7e61ce5aaf7ce9f1adb0b56f1de7f1e2c9b03/input/added/transfer_nlp/transfer_learning/transformers/dataset.py,41,8863564dc8f5f1ffc9453d3162f868f191648ba8,remove some dependencies first pass,2019-07-01 21:18:03+00:00,RENAME,374.0,465.0,85515b73165c299b7a9b96d3608bd4e8ee567154,2020-05-28T17:31:53Z,2019-03-12T20:00:31Z
utils.py,parallel_function,philipperemy/deep-speaker,in_place_apis_misused,1,/home/gilberto-1/github/wrapper_code_smile/output_analysis/1735158796.965824/philipperemydeep-speaker_analysis/cdf6cbf9c5040283f343d1fa2302683325ae0f61/input/modified/utils.py,70,cdf6cbf9c5040283f343d1fa2302683325ae0f61,modified,2020-04-18 07:41:09+00:00,fbanks refactoring,batcher.py|cli.py|run-remote.sh|run.sh|test.py|batcher_test.py|test2.py|train.py|utils.py,247.0,0.0,0.0,0.0,1.0,2017-05-19T05:06:32Z,302.0,refactoring,,,/home/gilberto-1/github/wrapper_code_smile/output_analysis/1735158796.965824/philipperemydeep-speaker_analysis/87c81f9117d47edf0fb5f191c5fcac37613c75f7/input/modified/utils.py,73,7b30bbc1a894b0c08e367a07200d99ca1ff8154b,add setup.py,2022-10-04 04:18:51+00:00,RENAME,354.0,302.0,,,2017-05-19T05:06:32Z
utils/benchmarks.py,run,ultralytics/yolov5,columns_and_datatype_not_explicitly_set,1,/home/gilberto-1/github/wrapper_code_smile/output_analysis/1735158796.965824/ultralyticsyolov5_analysis/a45e472358d5051a6cb857483b8fb357b2634db2/input/added/utils/benchmarks.py,69,a45e472358d5051a6cb857483b8fb357b2634db2,added,2022-02-12 15:05:43+00:00,"YOLOv5 Export Benchmarks (#6613)

* Add benchmarks.py

* Update

* Add requirements

* Updates

* Updates

* Updates

* Updates

* Updates

* Updates

* dataset autodownload from root

* Update

* Redirect to /dev/null

* sudo --help

* Cleanup

* Add exports pd df

* Updates

* Updates

* Updates

* Cleanup

* dir handling fix

* [pre-commit.ci] auto fixes from pre-commit.com hooks

for more information, see https://pre-commit.ci

* Cleanup

* Cleanup2

* Cleanup3

* Cleanup model_type

Co-authored-by: pre-commit-ci[bot] <66853113+pre-commit-ci[bot]@users.noreply.github.com>",export.py|common.py|benchmarks.py|val.py,1789.0,1.0,1.0,1.0,1.0,2020-05-18T03:45:11Z,200.0,enhancement,956be8e642b5c10af4a1533e09084ca32ff4f21f,2021-10-12T06:47:18Z,/home/gilberto-1/github/wrapper_code_smile/output_analysis/1735158796.965824/ultralyticsyolov5_analysis/e3e5122f82b0d1f24c11a90b2377fbb5a1673274/input/modified/utils/benchmarks.py,96,f9869f7ffdbce757f260d28a6b799c5fa50263ee,"YOLOv5 segmentation model support (#9052)

* [pre-commit.ci] auto fixes from pre-commit.com hooks

for more information, see https://pre-commit.ci

* Fix duplicate plots.py

* Fix check_font()

* # torch.use_deterministic_algorithms(True)

* update doc detect->predict

* Resolve precommit for segment/train and segment/val

* [pre-commit.ci] auto fixes from pre-commit.com hooks

for more information, see https://pre-commit.ci

* Resolve precommit for utils/segment

* [pre-commit.ci] auto fixes from pre-commit.com hooks

for more information, see https://pre-commit.ci

* Resolve precommit min_wh

* Resolve precommit utils/segment/plots

* [pre-commit.ci] auto fixes from pre-commit.com hooks

for more information, see https://pre-commit.ci

* Resolve precommit utils/segment/general

* Align NMS-seg closer to NMS

* restore deterministic init_seeds code

* remove easydict dependency

* update

* [pre-commit.ci] auto fixes from pre-commit.com hooks

for more information, see https://pre-commit.ci

* restore output_to_target mask

* [pre-commit.ci] auto fixes from pre-commit.com hooks

for more information, see https://pre-commit.ci

* update

* cleanup

* Remove unused ImageFont import

* Unified NMS

* [pre-commit.ci] auto fixes from pre-commit.com hooks

for more information, see https://pre-commit.ci

* DetectMultiBackend compatibility

* segment/predict.py update

* update plot colors

* fix bbox shifted

* sort bbox by confidence

* enable overlap by default

* Merge detect/segment output_to_target() function

* Start segmentation CI

* fix plots

* Update ci-testing.yml

* fix training whitespace

* optimize process mask functions (can we merge both?)

* Update predict/detect

* Update plot_images

* Update plot_images_and_masks

* [pre-commit.ci] auto fixes from pre-commit.com hooks

for more information, see https://pre-commit.ci

* fix

* Add train to CI

* fix precommit

* fix precommit CI

* fix precommit pycocotools

* fix val float issues

* [pre-commit.ci] auto fixes from pre-commit.com hooks

for more information, see https://pre-commit.ci

* fix masks float float issues

* suppress errors

* [pre-commit.ci] auto fixes from pre-commit.com hooks

for more information, see https://pre-commit.ci

* fix no-predictions plotting bug

* [pre-commit.ci] auto fixes from pre-commit.com hooks

for more information, see https://pre-commit.ci

* Add CSV Logger

* fix val len(plot_masks)

* speed up evaluation

* fix process_mask

* fix plots

* update segment/utils build_targets

* [pre-commit.ci] auto fixes from pre-commit.com hooks

for more information, see https://pre-commit.ci

* optimize utils/segment/general crop()

* optimize utils/segment/general crop() 2

* minor updates

* [pre-commit.ci] auto fixes from pre-commit.com hooks

for more information, see https://pre-commit.ci

* torch.where revert

* downsample only if different shape

* [pre-commit.ci] auto fixes from pre-commit.com hooks

for more information, see https://pre-commit.ci

* loss cleanup

* loss cleanup 2

* [pre-commit.ci] auto fixes from pre-commit.com hooks

for more information, see https://pre-commit.ci

* loss cleanup 3

* update project names

* Rename -seg yamls from _underscore to -dash

* prepare for yolov5n-seg.pt

* precommit space fix

* add coco128-seg.yaml

* update coco128-seg comments

* cleanup val.py

* Major val.py cleanup

* [pre-commit.ci] auto fixes from pre-commit.com hooks

for more information, see https://pre-commit.ci

* precommit fix

* precommit fix

* [pre-commit.ci] auto fixes from pre-commit.com hooks

for more information, see https://pre-commit.ci

* optional pycocotools

* remove CI pip install pycocotools (auto-installed now)

* seg yaml fix

* optimize mask_iou() and masks_iou()

* threaded fix

* Major train.py update

* [pre-commit.ci] auto fixes from pre-commit.com hooks

for more information, see https://pre-commit.ci

* Major segments/val/process_batch() update

* yolov5/val updates from segment

* process_batch numpy/tensor fix

* opt-in to pycocotools with --save-json

* threaded pycocotools ops for 2x speed increase

* Avoid permute contiguous if possible

* Add max_det=300 argument to both val.py and segment/val.py

* fix onnx_dynamic

* speed up pycocotools ops

* faster process_mask(upsample=True) for predict

* [pre-commit.ci] auto fixes from pre-commit.com hooks

for more information, see https://pre-commit.ci

* eliminate permutations for process_mask(upsample=True)

* eliminate permute-contiguous in crop(), use native dimension order

* cleanup comment

* Add Proto() module

* fix class count

* fix anchor order

* broadcast mask_gti in loss for speed

* Cleanup seg loss

* faster indexing

* faster indexing fix

* faster indexing fix2

* revert faster indexing

* fix validation plotting

* Loss cleanup and mxyxy simplification

* Loss cleanup and mxyxy simplification 2

* revert validation plotting

* replace missing tanh

* Eliminate last permutation

* delete unneeded .float()

* Remove MaskIOULoss and crop(if HWC)

* Final v6.3 SegmentationModel architecture updates

* [pre-commit.ci] auto fixes from pre-commit.com hooks

for more information, see https://pre-commit.ci

* Add support for TF export

* remove debugger trace

* add call

* update

* update

* Merge master

* Merge master

* [pre-commit.ci] auto fixes from pre-commit.com hooks

for more information, see https://pre-commit.ci

* Update dataloaders.py

* Restore CI

* Update dataloaders.py

* Fix TF/TFLite export for segmentation model

* Merge master

* Cleanup predict.py mask plotting

* cleanup scale_masks()

* rename scale_masks to scale_image

* cleanup/optimize plot_masks

* [pre-commit.ci] auto fixes from pre-commit.com hooks

for more information, see https://pre-commit.ci

* Add Annotator.masks()

* Annotator.masks() fix

* Update plots.py

* Annotator mask optimization

* Rename crop() to crop_mask()

* Do not crop in predict.py

* crop always

* [pre-commit.ci] auto fixes from pre-commit.com hooks

for more information, see https://pre-commit.ci

* Merge master

* Add vid-stride from master PR

* Update seg model outputs

* Update seg model outputs

* Add segmentation benchmarks

* [pre-commit.ci] auto fixes from pre-commit.com hooks

for more information, see https://pre-commit.ci

* Add segmentation benchmarks

* Add segmentation benchmarks

* Add segmentation benchmarks

* Fix DetectMultiBackend for OpenVINO

* update Annotator.masks

* fix val plot

* revert val plot

* clean up

* revert pil

* [pre-commit.ci] auto fixes from pre-commit.com hooks

for more information, see https://pre-commit.ci

* Fix CI error

* fix predict log

* remove upsample

* update interpolate

* fix validation plot logging

* Annotator.masks() cleanup

* [pre-commit.ci] auto fixes from pre-commit.com hooks

for more information, see https://pre-commit.ci

* Remove segmentation_model definition

* Restore 0.99999 decimals

Co-authored-by: pre-commit-ci[bot] <66853113+pre-commit-ci[bot]@users.noreply.github.com>
Co-authored-by: Glenn Jocher <glenn.jocher@ultralytics.com>
Co-authored-by: Laughing-q <1185102784@qq.com>
Co-authored-by: Jiacong Fang <zldrobit@126.com>",2022-09-15 22:12:46+00:00,RENAME,2331.0,200.0,69be8e738f45e7908c1270eedd350f98c0c7bfa4,2021-01-05T03:54:09Z,2020-05-18T03:45:11Z
utils/benchmarks.py,test,ultralytics/yolov5,columns_and_datatype_not_explicitly_set,1,/home/gilberto-1/github/wrapper_code_smile/output_analysis/1735158796.965824/ultralyticsyolov5_analysis/698a5d7f26002e7b0b0d535d981c2b92f25bc76e/input/modified/utils/benchmarks.py,118,698a5d7f26002e7b0b0d535d981c2b92f25bc76e,modified,2022-04-08 23:32:16+00:00,"Add `python benchmarks.py --test` for export-only (#7350)

* Test exports

* Fix precommit",benchmarks.py,1931.0,1.0,1.0,1.0,0.0,2020-05-18T03:45:11Z,200.0,new_feature,956be8e642b5c10af4a1533e09084ca32ff4f21f,2021-10-12T06:47:18Z,/home/gilberto-1/github/wrapper_code_smile/output_analysis/1735158796.965824/ultralyticsyolov5_analysis/e3e5122f82b0d1f24c11a90b2377fbb5a1673274/input/modified/utils/benchmarks.py,96,f9869f7ffdbce757f260d28a6b799c5fa50263ee,"YOLOv5 segmentation model support (#9052)

* [pre-commit.ci] auto fixes from pre-commit.com hooks

for more information, see https://pre-commit.ci

* Fix duplicate plots.py

* Fix check_font()

* # torch.use_deterministic_algorithms(True)

* update doc detect->predict

* Resolve precommit for segment/train and segment/val

* [pre-commit.ci] auto fixes from pre-commit.com hooks

for more information, see https://pre-commit.ci

* Resolve precommit for utils/segment

* [pre-commit.ci] auto fixes from pre-commit.com hooks

for more information, see https://pre-commit.ci

* Resolve precommit min_wh

* Resolve precommit utils/segment/plots

* [pre-commit.ci] auto fixes from pre-commit.com hooks

for more information, see https://pre-commit.ci

* Resolve precommit utils/segment/general

* Align NMS-seg closer to NMS

* restore deterministic init_seeds code

* remove easydict dependency

* update

* [pre-commit.ci] auto fixes from pre-commit.com hooks

for more information, see https://pre-commit.ci

* restore output_to_target mask

* [pre-commit.ci] auto fixes from pre-commit.com hooks

for more information, see https://pre-commit.ci

* update

* cleanup

* Remove unused ImageFont import

* Unified NMS

* [pre-commit.ci] auto fixes from pre-commit.com hooks

for more information, see https://pre-commit.ci

* DetectMultiBackend compatibility

* segment/predict.py update

* update plot colors

* fix bbox shifted

* sort bbox by confidence

* enable overlap by default

* Merge detect/segment output_to_target() function

* Start segmentation CI

* fix plots

* Update ci-testing.yml

* fix training whitespace

* optimize process mask functions (can we merge both?)

* Update predict/detect

* Update plot_images

* Update plot_images_and_masks

* [pre-commit.ci] auto fixes from pre-commit.com hooks

for more information, see https://pre-commit.ci

* fix

* Add train to CI

* fix precommit

* fix precommit CI

* fix precommit pycocotools

* fix val float issues

* [pre-commit.ci] auto fixes from pre-commit.com hooks

for more information, see https://pre-commit.ci

* fix masks float float issues

* suppress errors

* [pre-commit.ci] auto fixes from pre-commit.com hooks

for more information, see https://pre-commit.ci

* fix no-predictions plotting bug

* [pre-commit.ci] auto fixes from pre-commit.com hooks

for more information, see https://pre-commit.ci

* Add CSV Logger

* fix val len(plot_masks)

* speed up evaluation

* fix process_mask

* fix plots

* update segment/utils build_targets

* [pre-commit.ci] auto fixes from pre-commit.com hooks

for more information, see https://pre-commit.ci

* optimize utils/segment/general crop()

* optimize utils/segment/general crop() 2

* minor updates

* [pre-commit.ci] auto fixes from pre-commit.com hooks

for more information, see https://pre-commit.ci

* torch.where revert

* downsample only if different shape

* [pre-commit.ci] auto fixes from pre-commit.com hooks

for more information, see https://pre-commit.ci

* loss cleanup

* loss cleanup 2

* [pre-commit.ci] auto fixes from pre-commit.com hooks

for more information, see https://pre-commit.ci

* loss cleanup 3

* update project names

* Rename -seg yamls from _underscore to -dash

* prepare for yolov5n-seg.pt

* precommit space fix

* add coco128-seg.yaml

* update coco128-seg comments

* cleanup val.py

* Major val.py cleanup

* [pre-commit.ci] auto fixes from pre-commit.com hooks

for more information, see https://pre-commit.ci

* precommit fix

* precommit fix

* [pre-commit.ci] auto fixes from pre-commit.com hooks

for more information, see https://pre-commit.ci

* optional pycocotools

* remove CI pip install pycocotools (auto-installed now)

* seg yaml fix

* optimize mask_iou() and masks_iou()

* threaded fix

* Major train.py update

* [pre-commit.ci] auto fixes from pre-commit.com hooks

for more information, see https://pre-commit.ci

* Major segments/val/process_batch() update

* yolov5/val updates from segment

* process_batch numpy/tensor fix

* opt-in to pycocotools with --save-json

* threaded pycocotools ops for 2x speed increase

* Avoid permute contiguous if possible

* Add max_det=300 argument to both val.py and segment/val.py

* fix onnx_dynamic

* speed up pycocotools ops

* faster process_mask(upsample=True) for predict

* [pre-commit.ci] auto fixes from pre-commit.com hooks

for more information, see https://pre-commit.ci

* eliminate permutations for process_mask(upsample=True)

* eliminate permute-contiguous in crop(), use native dimension order

* cleanup comment

* Add Proto() module

* fix class count

* fix anchor order

* broadcast mask_gti in loss for speed

* Cleanup seg loss

* faster indexing

* faster indexing fix

* faster indexing fix2

* revert faster indexing

* fix validation plotting

* Loss cleanup and mxyxy simplification

* Loss cleanup and mxyxy simplification 2

* revert validation plotting

* replace missing tanh

* Eliminate last permutation

* delete unneeded .float()

* Remove MaskIOULoss and crop(if HWC)

* Final v6.3 SegmentationModel architecture updates

* [pre-commit.ci] auto fixes from pre-commit.com hooks

for more information, see https://pre-commit.ci

* Add support for TF export

* remove debugger trace

* add call

* update

* update

* Merge master

* Merge master

* [pre-commit.ci] auto fixes from pre-commit.com hooks

for more information, see https://pre-commit.ci

* Update dataloaders.py

* Restore CI

* Update dataloaders.py

* Fix TF/TFLite export for segmentation model

* Merge master

* Cleanup predict.py mask plotting

* cleanup scale_masks()

* rename scale_masks to scale_image

* cleanup/optimize plot_masks

* [pre-commit.ci] auto fixes from pre-commit.com hooks

for more information, see https://pre-commit.ci

* Add Annotator.masks()

* Annotator.masks() fix

* Update plots.py

* Annotator mask optimization

* Rename crop() to crop_mask()

* Do not crop in predict.py

* crop always

* [pre-commit.ci] auto fixes from pre-commit.com hooks

for more information, see https://pre-commit.ci

* Merge master

* Add vid-stride from master PR

* Update seg model outputs

* Update seg model outputs

* Add segmentation benchmarks

* [pre-commit.ci] auto fixes from pre-commit.com hooks

for more information, see https://pre-commit.ci

* Add segmentation benchmarks

* Add segmentation benchmarks

* Add segmentation benchmarks

* Fix DetectMultiBackend for OpenVINO

* update Annotator.masks

* fix val plot

* revert val plot

* clean up

* revert pil

* [pre-commit.ci] auto fixes from pre-commit.com hooks

for more information, see https://pre-commit.ci

* Fix CI error

* fix predict log

* remove upsample

* update interpolate

* fix validation plot logging

* Annotator.masks() cleanup

* [pre-commit.ci] auto fixes from pre-commit.com hooks

for more information, see https://pre-commit.ci

* Remove segmentation_model definition

* Restore 0.99999 decimals

Co-authored-by: pre-commit-ci[bot] <66853113+pre-commit-ci[bot]@users.noreply.github.com>
Co-authored-by: Glenn Jocher <glenn.jocher@ultralytics.com>
Co-authored-by: Laughing-q <1185102784@qq.com>
Co-authored-by: Jiacong Fang <zldrobit@126.com>",2022-09-15 22:12:46+00:00,RENAME,2331.0,200.0,69be8e738f45e7908c1270eedd350f98c0c7bfa4,2021-01-05T03:54:09Z,2020-05-18T03:45:11Z
utils/general.py,plot_labels,ultralytics/yolov5,columns_and_datatype_not_explicitly_set,1,/home/gilberto-1/github/wrapper_code_smile/output_analysis/1735158796.965824/ultralyticsyolov5_analysis/987c2268490a6220ac14a1325e76774c60ea4f47/input/modified/utils/general.py,1195,987c2268490a6220ac14a1325e76774c60ea4f47,modified,2020-08-29 22:13:58+00:00,seaborn plotting correlogram addition,requirements.txt|general.py,605.0,1.0,0.0,0.0,0.0,2020-05-18T03:45:11Z,200.0,new_feature,956be8e642b5c10af4a1533e09084ca32ff4f21f,2021-10-12T06:47:18Z,/home/gilberto-1/github/wrapper_code_smile/output_analysis/1735158796.965824/ultralyticsyolov5_analysis/c4addd7761a4627f6fa97604ad9f1124f439b774/input/modified/utils/general.py,1207,fe341fa44dfea39faeb00f96741a6e9d99b1ce7b,"Utils reorganization (#1392)

* Utils reorganization

* Add new utils files

* cleanup

* simplify

* reduce datasets.py

* remove evolve.sh

* loadWebcam cleanup",2020-11-14 10:50:32+00:00,MODIFY,712.0,200.0,69be8e738f45e7908c1270eedd350f98c0c7bfa4,2021-01-05T03:54:09Z,2020-05-18T03:45:11Z
utils/physionet_setup.py,main,drscotthawley/panotti,columns_and_datatype_not_explicitly_set,1,/home/gilberto-1/github/wrapper_code_smile/output_analysis/1735243578.6335516/drscotthawleypanotti_analysis/fc6451dcc3c0d9804b4156fc21929d6e1a6fcdce/input/added/utils/physionet_setup.py,60,fc6451dcc3c0d9804b4156fc21929d6e1a6fcdce,added,2017-03-06 21:52:16+00:00,added physionet script; preproc resamples to 44.1,preprocess_data.py|augment_audio.py|physionet_setup.py,19.0,1.0,0.0,0.0,0.0,2017-03-19T17:43:58Z,307.0,new_feature,78919fbae1e64713ddc40bccb16cb7df896e922e,2018-04-24T18:27:35Z,/home/gilberto-1/github/wrapper_code_smile/output_analysis/1735243578.6335516/drscotthawleypanotti_analysis/488fe34cae77f1f2c8ccbe2297a971f8720e6234/input/modified/utils/physionet_setup.py,94,719c12ea1926cbb6a68c04917e9af429e3b1a3da,Added examples,2017-03-06 23:19:23+00:00,RENAME,23.0,307.0,78919fbae1e64713ddc40bccb16cb7df896e922e,2018-04-24T18:27:35Z,2017-03-19T17:43:58Z
v4/batcher.py,__init__,philipperemy/deep-speaker,columns_and_datatype_not_explicitly_set,1,/home/gilberto-1/github/wrapper_code_smile/output_analysis/1735158796.965824/philipperemydeep-speaker_analysis/6ef82fa88fae305614f06c827f25fb938685f45e/input/added/v4/batcher.py,58,6ef82fa88fae305614f06c827f25fb938685f45e,added,2020-04-01 04:18:38+00:00,refactoring,conf.json|README.md|cli.py|constants.py|download_vctk.sh|speech_features.py|train_cli.py|triplet_loss.py|unseen_speakers.py|utils.py|requirements.txt|ds_constants.py|ds_utils.py|librispeech_wav_reader.py|next_batch.py|models_train.py|test_models_train.py|triplet_loss_test.py|batcher.py|cli.py|constants.py|models.py|models_train.py|preprocess.py|triplet_loss_test.py|triplet_loss.py|utils.py|triplet_visualization.py,157.0,0.0,0.0,0.0,1.0,2017-05-19T05:06:32Z,302.0,refactoring,,,/home/gilberto-1/github/wrapper_code_smile/output_analysis/1735158796.965824/philipperemydeep-speaker_analysis/b71248de85a675de6e1c835a7180017fdb1d766a/input/modified/v4/batcher.py,58,cb5761884a2c59f3bd8b2ec33947037f500181ff,refactoring,2020-04-02 01:27:16+00:00,MODIFY,163.0,302.0,,,2017-05-19T05:06:32Z
v4/utils.py,parallel_function,philipperemy/deep-speaker,in_place_apis_misused,1,/home/gilberto-1/github/wrapper_code_smile/output_analysis/1735158796.965824/philipperemydeep-speaker_analysis/6ef82fa88fae305614f06c827f25fb938685f45e/input/added/v4/utils.py,101,6ef82fa88fae305614f06c827f25fb938685f45e,added,2020-04-01 04:18:38+00:00,refactoring,conf.json|README.md|cli.py|constants.py|download_vctk.sh|speech_features.py|train_cli.py|triplet_loss.py|unseen_speakers.py|utils.py|requirements.txt|ds_constants.py|ds_utils.py|librispeech_wav_reader.py|next_batch.py|models_train.py|test_models_train.py|triplet_loss_test.py|batcher.py|cli.py|constants.py|models.py|models_train.py|preprocess.py|triplet_loss_test.py|triplet_loss.py|utils.py|triplet_visualization.py,157.0,0.0,0.0,0.0,1.0,2017-05-19T05:06:32Z,302.0,refactoring,,,/home/gilberto-1/github/wrapper_code_smile/output_analysis/1735158796.965824/philipperemydeep-speaker_analysis/f0921a60be4b02defc08bc338576247bd2b234d8/input/modified/v4/utils.py,67,2ee1ae0a74d6bdb0b411f39cf39cab6242a37ebd,v4 -> main,2020-04-14 09:17:13+00:00,RENAME,239.0,302.0,,,2017-05-19T05:06:32Z
v4/utils.py,parallel_function,philipperemy/deep-speaker,in_place_apis_misused,1,/home/gilberto-1/github/wrapper_code_smile/output_analysis/1735158796.965824/philipperemydeep-speaker_analysis/6ef82fa88fae305614f06c827f25fb938685f45e/input/added/v4/utils.py,101,6ef82fa88fae305614f06c827f25fb938685f45e,added,2020-04-01 04:18:38+00:00,refactoring,conf.json|README.md|cli.py|constants.py|download_vctk.sh|speech_features.py|train_cli.py|triplet_loss.py|unseen_speakers.py|utils.py|requirements.txt|ds_constants.py|ds_utils.py|librispeech_wav_reader.py|next_batch.py|models_train.py|test_models_train.py|triplet_loss_test.py|batcher.py|cli.py|constants.py|models.py|models_train.py|preprocess.py|triplet_loss_test.py|triplet_loss.py|utils.py|triplet_visualization.py,157.0,0.0,0.0,0.0,1.0,2017-05-19T05:06:32Z,302.0,refactoring,,,/home/gilberto-1/github/wrapper_code_smile/output_analysis/1735158796.965824/philipperemydeep-speaker_analysis/58441c584169fc3c64c911d15d5e6278cd1705b5/input/modified/v4/utils.py,44,6a7704ba81a716cf77e74722848e3f5fdc15d1d6,refactoring,2020-04-03 02:11:39+00:00,MODIFY,179.0,302.0,,,2017-05-19T05:06:32Z
v4/utils.py,split,philipperemy/deep-speaker,in_place_apis_misused,1,/home/gilberto-1/github/wrapper_code_smile/output_analysis/1735158796.965824/philipperemydeep-speaker_analysis/6ef82fa88fae305614f06c827f25fb938685f45e/input/added/v4/utils.py,63,6ef82fa88fae305614f06c827f25fb938685f45e,added,2020-04-01 04:18:38+00:00,refactoring,conf.json|README.md|cli.py|constants.py|download_vctk.sh|speech_features.py|train_cli.py|triplet_loss.py|unseen_speakers.py|utils.py|requirements.txt|ds_constants.py|ds_utils.py|librispeech_wav_reader.py|next_batch.py|models_train.py|test_models_train.py|triplet_loss_test.py|batcher.py|cli.py|constants.py|models.py|models_train.py|preprocess.py|triplet_loss_test.py|triplet_loss.py|utils.py|triplet_visualization.py,157.0,0.0,0.0,0.0,1.0,2017-05-19T05:06:32Z,302.0,refactoring,,,/home/gilberto-1/github/wrapper_code_smile/output_analysis/1735158796.965824/philipperemydeep-speaker_analysis/f0921a60be4b02defc08bc338576247bd2b234d8/input/modified/v4/utils.py,67,2ee1ae0a74d6bdb0b411f39cf39cab6242a37ebd,v4 -> main,2020-04-14 09:17:13+00:00,RENAME,239.0,302.0,,,2017-05-19T05:06:32Z
v4/utils.py,split,philipperemy/deep-speaker,in_place_apis_misused,1,/home/gilberto-1/github/wrapper_code_smile/output_analysis/1735158796.965824/philipperemydeep-speaker_analysis/6ef82fa88fae305614f06c827f25fb938685f45e/input/added/v4/utils.py,63,6ef82fa88fae305614f06c827f25fb938685f45e,added,2020-04-01 04:18:38+00:00,refactoring,conf.json|README.md|cli.py|constants.py|download_vctk.sh|speech_features.py|train_cli.py|triplet_loss.py|unseen_speakers.py|utils.py|requirements.txt|ds_constants.py|ds_utils.py|librispeech_wav_reader.py|next_batch.py|models_train.py|test_models_train.py|triplet_loss_test.py|batcher.py|cli.py|constants.py|models.py|models_train.py|preprocess.py|triplet_loss_test.py|triplet_loss.py|utils.py|triplet_visualization.py,157.0,0.0,0.0,0.0,1.0,2017-05-19T05:06:32Z,302.0,refactoring,,,/home/gilberto-1/github/wrapper_code_smile/output_analysis/1735158796.965824/philipperemydeep-speaker_analysis/58441c584169fc3c64c911d15d5e6278cd1705b5/input/modified/v4/utils.py,44,6a7704ba81a716cf77e74722848e3f5fdc15d1d6,refactoring,2020-04-03 02:11:39+00:00,MODIFY,179.0,302.0,,,2017-05-19T05:06:32Z
viswsl/models/captioning.py,log_predictions,kdexd/virtex,pytorch_call_method_misused,1,/home/gilberto-1/github/wrapper_code_smile/output_analysis/1735158796.965824/kdexdvirtex_analysis/0d0b6e082dea9e9c809efc555c1fe4d5b85b8b01/input/modified/viswsl/models/captioning.py,201,0d0b6e082dea9e9c809efc555c1fe4d5b85b8b01,modified,2020-06-01 03:26:26+00:00,Fix LVIS config and add resume option in detectron2_tasks.py,.gitignore|bicaptioning_coco.yaml|lvis.yaml|voc_moco_c4.yaml|build_corpus.py|detectron2_tasks.py|evaluate_captioning.py|serialize_dataset.py|train.py|config.py|captioning_dataset.py|word_masking_dataset.py|factories.py|captioning.py|embedding.py|textual_stream.py|download_spice.sh|metrics.py,89.0,1.0,1.0,0.0,0.0,2019-09-16T19:42:13Z,165.0,bug_fixing,ff7fe241844ae1bce987c1b01e71f4b1e1838ca8,2021-04-04T12:34:30Z,/home/gilberto-1/github/wrapper_code_smile/output_analysis/1735158796.965824/kdexdvirtex_analysis/9a539e6fcb4762ec08d1f86445c71a80910edb7a/input/modified/viswsl/models/captioning.py,205,63a0bf7cd78b58844f5f501b8cb11f24062aba3a,Rename package: viswsl -> virtex.,2020-06-01 19:12:30+00:00,RENAME,133.0,165.0,ff7fe241844ae1bce987c1b01e71f4b1e1838ca8,2021-04-04T12:34:30Z,2019-09-16T19:42:13Z
viswsl/models/captioning.py,log_predictions,kdexd/virtex,pytorch_call_method_misused,1,/home/gilberto-1/github/wrapper_code_smile/output_analysis/1735158796.965824/kdexdvirtex_analysis/9a539e6fcb4762ec08d1f86445c71a80910edb7a/input/modified/viswsl/models/captioning.py,205,9a539e6fcb4762ec08d1f86445c71a80910edb7a,modified,2020-06-01 19:12:29+00:00,Restructure hierarchy between token/instance classification.,bicaptioning_coco.yaml|train.py|config.py|factories.py|captioning.py|classification.py|textual_stream.py|transformer.py,132.0,0.0,0.0,0.0,1.0,2019-09-16T19:42:13Z,165.0,refactoring,ff7fe241844ae1bce987c1b01e71f4b1e1838ca8,2021-04-04T12:34:30Z,/home/gilberto-1/github/wrapper_code_smile/output_analysis/1735158796.965824/kdexdvirtex_analysis/9a539e6fcb4762ec08d1f86445c71a80910edb7a/input/modified/viswsl/models/captioning.py,205,63a0bf7cd78b58844f5f501b8cb11f24062aba3a,Rename package: viswsl -> virtex.,2020-06-01 19:12:30+00:00,RENAME,133.0,165.0,ff7fe241844ae1bce987c1b01e71f4b1e1838ca8,2021-04-04T12:34:30Z,2019-09-16T19:42:13Z
viswsl/models/token_classification.py,log_predictions,kdexd/virtex,pytorch_call_method_misused,1,/home/gilberto-1/github/wrapper_code_smile/output_analysis/1735158796.965824/kdexdvirtex_analysis/e019d9c045be45f63d3656d3d2540eb3310c0511/input/added/viswsl/models/token_classification.py,102,e019d9c045be45f63d3656d3d2540eb3310c0511,added,2020-06-01 03:26:26+00:00,Add TokenClassificationModel as a naive baseline for pretext.,factories.py|__init__.py|token_classification.py,98.0,1.0,0.0,0.0,0.0,2019-09-16T19:42:13Z,165.0,new_feature,ff7fe241844ae1bce987c1b01e71f4b1e1838ca8,2021-04-04T12:34:30Z,/home/gilberto-1/github/wrapper_code_smile/output_analysis/1735158796.965824/kdexdvirtex_analysis/a3f2d03807a5f98f78b245ba958e963cca429a9e/input/modified/viswsl/models/token_classification.py,100,a87b345eaad0a7c0bf09c6b6be7dacd5ac557d44,"Drop Places205, keep only MoCo like downstream eval.",2020-06-01 19:06:56+00:00,RENAME,130.0,165.0,ff7fe241844ae1bce987c1b01e71f4b1e1838ca8,2021-04-04T12:34:30Z,2019-09-16T19:42:13Z
viswsl/models/captioning.py,log_predictions,kdexd/virtex,pytorch_call_method_misused,1,/home/gilberto-1/github/wrapper_code_smile/output_analysis/1735158796.965824/kdexdvirtex_analysis/708295cc9d9968c65829550d7757738a6fc4d65e/input/modified/viswsl/models/captioning.py,137,708295cc9d9968c65829550d7757738a6fc4d65e,modified,2020-06-01 03:20:31+00:00,"Add classes for instance and batches, move logging to models.",dataloader_benchmark.py|train.py|captioning_dataset.py|word_masking_dataset.py|structures.py|captioning.py|word_masking.py,70.0,1.0,0.0,0.0,1.0,2019-09-16T19:42:13Z,165.0,new_feature,ff7fe241844ae1bce987c1b01e71f4b1e1838ca8,2021-04-04T12:34:30Z,/home/gilberto-1/github/wrapper_code_smile/output_analysis/1735158796.965824/kdexdvirtex_analysis/9a539e6fcb4762ec08d1f86445c71a80910edb7a/input/modified/viswsl/models/captioning.py,205,63a0bf7cd78b58844f5f501b8cb11f24062aba3a,Rename package: viswsl -> virtex.,2020-06-01 19:12:30+00:00,RENAME,133.0,165.0,ff7fe241844ae1bce987c1b01e71f4b1e1838ca8,2021-04-04T12:34:30Z,2019-09-16T19:42:13Z
wavenet.py,generate,kan-bayashi/PytorchWaveNetVocoder,pytorch_call_method_misused,1,/home/gilberto-1/github/wrapper_code_smile/output_analysis/1735158796.965824/kan-bayashiPytorchWaveNetVocoder_analysis/82b1533090816f229caeb489b2884021d50eab89/input/added/wavenet.py,152,82b1533090816f229caeb489b2884021d50eab89,added,2017-12-24 13:31:10+00:00,initial commit,.gitignore|test_wavenet.py|train.py|utils.py|wavenet.py,1.0,0.0,0.0,0.0,0.0,2017-12-24T13:32:21Z,384.0,other,45bcf633230b763d4130645c0ec392bdad29c89f,2019-04-08T14:20:33Z,/home/gilberto-1/github/wrapper_code_smile/output_analysis/1735158796.965824/kan-bayashiPytorchWaveNetVocoder_analysis/daf334d0708803dbeb6378370bb47b4b8efc5b70/input/modified/wavenet.py,178,80f80114eb6b707d7c9e9ed04f6deaaa7b5896d7,support kaldi like recipe,2018-01-07 13:15:39+00:00,RENAME,25.0,384.0,45bcf633230b763d4130645c0ec392bdad29c89f,2019-04-08T14:20:33Z,2017-12-24T13:32:21Z
